{"type":"FeatureCollection","features":[{"type":"Feature","properties":{"objectid":4,"id_namespace":"http://data.gov.dk/dagi/Danmark","id_lokalId":"218510","navn":"Danmark","registreringFra":"2026-07-02T09:30:38.665Z","registreringTil":null,"registreringsaktoer":"DAGI-myndigheden","virkningFra":"2026-07-02T09:18:00.067Z","virkningTil":null,"virkningsaktoer":"DAGI-myndigheden","forretningshaendelse":"Fejlrettelse","forretningsproces":"Dagisyseditor"},"geometry":{"type":"MultiPolygon","coordinates":[[[[8.07251,55.563082],[8.084558,55.575765],[8.101162,55.600358],[8.121843,55.6366],[8.126571,55.646242],[8.131301,55.653695],[8.145604,55.680936],[8.147056,55.685231],[8.150129,55.689203],[8.152999,55.697225],[8.157304,55.704902],[8.162435,55.717738],[8.164261,55.719755],[8.164317,55.721668],[8.168193,55.732246],[8.173484,55.751302],[8.175046,55.758133],[8.176726,55.772728],[8.176692,55.778953],[8.175938,55.782078],[8.17643,55.787449],[8.173216,55.806685],[8.17115,55.815487],[8.170319,55.81647],[8.163655,55.838502],[8.1609,55.853393],[8.156503,55.865279],[8.156553,55.869471],[8.153174,55.887067],[8.153455,55.897734],[8.151272,55.904533],[8.151394,55.90686],[8.148644,55.917662],[8.148157,55.922491],[8.146858,55.925143],[8.144628,55.938431],[8.14112,55.951226],[8.135698,55.965694],[8.132147,55.971149],[8.130898,55.97848],[8.126889,55.987739],[8.118688,55.996844],[8.117782,55.996807],[8.118521,55.9964],[8.117158,55.996766],[8.111039,55.99648],[8.109788,55.996651],[8.108907,55.997194],[8.111047,55.996662],[8.117783,55.996958],[8.117579,55.998666],[8.11714,55.99918],[8.116248,55.999204],[8.120775,55.99966],[8.12186,56.001135],[8.12246,56.000944],[8.124306,56.001595],[8.122534,56.000859],[8.123072,56.000295],[8.124124,55.999943],[8.125528,56.001109],[8.127179,56.000506],[8.12748,56.000741],[8.129617,55.999969],[8.12878,55.998422],[8.129921,55.999315],[8.132977,55.997706],[8.133667,55.998162],[8.132881,55.996057],[8.133254,55.992874],[8.134334,55.991579],[8.134424,55.989928],[8.135235,55.98971],[8.13486,55.989096],[8.13654,55.98785],[8.137455,55.986221],[8.139397,55.985274],[8.13947,55.984699],[8.13995,55.98508],[8.142801,55.982361],[8.140573,55.983766],[8.142449,55.982357],[8.142648,55.981519],[8.145986,55.979936],[8.146746,55.978599],[8.148057,55.978287],[8.147058,55.978222],[8.148051,55.978037],[8.148097,55.975138],[8.147574,55.974537],[8.146005,55.974707],[8.145899,55.974141],[8.150582,55.970744],[8.152722,55.968308],[8.151975,55.967699],[8.153013,55.967728],[8.155429,55.963805],[8.153936,55.963332],[8.155781,55.963518],[8.157185,55.959004],[8.156743,55.957219],[8.157282,55.956362],[8.156774,55.956261],[8.158406,55.95586],[8.159241,55.956099],[8.162922,55.954841],[8.164223,55.953797],[8.168179,55.95247],[8.168528,55.951747],[8.17188,55.949931],[8.171267,55.95006],[8.171894,55.949684],[8.17136,55.944797],[8.170399,55.944147],[8.168396,55.945928],[8.16428,55.946393],[8.163656,55.946024],[8.168485,55.941276],[8.170002,55.940791],[8.170353,55.940202],[8.169896,55.939423],[8.168023,55.93952],[8.169696,55.939359],[8.170494,55.937276],[8.169543,55.934086],[8.168131,55.932328],[8.168135,55.928299],[8.168506,55.927937],[8.169436,55.928187],[8.169641,55.927802],[8.170365,55.928145],[8.175163,55.924836],[8.174828,55.921878],[8.175493,55.920268],[8.17403,55.918733],[8.172505,55.918963],[8.173503,55.918557],[8.17361,55.915954],[8.172188,55.915983],[8.172317,55.917381],[8.170794,55.917168],[8.168905,55.915684],[8.168638,55.913491],[8.168899,55.913251],[8.171488,55.914505],[8.172576,55.9157],[8.173952,55.9157],[8.175903,55.911911],[8.175347,55.911015],[8.172146,55.909781],[8.170038,55.907462],[8.167546,55.907219],[8.167166,55.906496],[8.16815,55.90555],[8.169005,55.905699],[8.170682,55.904932],[8.173195,55.905404],[8.174708,55.905093],[8.17443,55.904265],[8.172224,55.903393],[8.170492,55.901753],[8.171612,55.901046],[8.172106,55.898477],[8.176842,55.890237],[8.183709,55.882659],[8.18361,55.880535],[8.183074,55.880236],[8.182178,55.880561],[8.181419,55.880463],[8.181681,55.880176],[8.183323,55.879597],[8.180456,55.878086],[8.180969,55.876812],[8.18001,55.876365],[8.180517,55.875144],[8.179368,55.874016],[8.181353,55.873605],[8.182129,55.872349],[8.184261,55.871814],[8.184972,55.868351],[8.187531,55.867841],[8.187684,55.867363],[8.191861,55.86599],[8.192502,55.86665],[8.19397,55.866791],[8.196895,55.863933],[8.195997,55.862632],[8.188315,55.857162],[8.181025,55.8527],[8.178454,55.850116],[8.176829,55.847374],[8.175118,55.846222],[8.173991,55.843636],[8.174446,55.839833],[8.17592,55.836994],[8.17664,55.831447],[8.176089,55.830619],[8.176984,55.83014],[8.177363,55.82854],[8.177087,55.827118],[8.175686,55.825854],[8.176321,55.824943],[8.178875,55.824266],[8.185685,55.819645],[8.186026,55.818992],[8.183844,55.819369],[8.184264,55.818828],[8.188079,55.81859],[8.189864,55.817426],[8.190437,55.817772],[8.187876,55.821173],[8.187016,55.821552],[8.18709,55.820649],[8.184871,55.821938],[8.185374,55.822411],[8.186638,55.82187],[8.185446,55.82288],[8.182509,55.824092],[8.182435,55.823757],[8.180017,55.824503],[8.179307,55.825517],[8.179798,55.825309],[8.181175,55.826667],[8.179501,55.82589],[8.180444,55.830662],[8.179689,55.830627],[8.17944,55.831255],[8.181124,55.833915],[8.181088,55.838265],[8.183156,55.842062],[8.187022,55.846441],[8.187008,55.847135],[8.184987,55.845971],[8.183948,55.846488],[8.183985,55.848385],[8.185726,55.849293],[8.18506,55.850667],[8.189393,55.852322],[8.191213,55.851732],[8.191753,55.850531],[8.194742,55.852456],[8.197104,55.85231],[8.196818,55.853198],[8.197872,55.854059],[8.19913,55.854157],[8.199445,55.853755],[8.200543,55.854501],[8.202744,55.854803],[8.204091,55.856623],[8.207027,55.858544],[8.207472,55.860249],[8.206668,55.860602],[8.206722,55.861349],[8.208998,55.8624],[8.208227,55.863469],[8.206995,55.863724],[8.205844,55.865369],[8.206211,55.866077],[8.208234,55.866834],[8.206346,55.867709],[8.20533,55.86735],[8.20428,55.868206],[8.205781,55.870249],[8.207745,55.870713],[8.207907,55.871695],[8.206297,55.871869],[8.205466,55.872597],[8.202602,55.873198],[8.196804,55.875682],[8.195408,55.876554],[8.194794,55.878223],[8.195389,55.879542],[8.198255,55.880758],[8.200434,55.88046],[8.200712,55.879296],[8.201498,55.879032],[8.20285,55.879409],[8.205185,55.879207],[8.207344,55.879773],[8.209684,55.879617],[8.212632,55.880783],[8.211166,55.881715],[8.211044,55.882796],[8.207858,55.884312],[8.206267,55.887046],[8.205269,55.887605],[8.205964,55.888515],[8.208703,55.889438],[8.206337,55.890777],[8.205257,55.893106],[8.205711,55.894525],[8.20843,55.896794],[8.211192,55.897414],[8.211966,55.89697],[8.213494,55.89742],[8.215889,55.896602],[8.219998,55.896088],[8.228792,55.896282],[8.231004,55.895179],[8.231846,55.895244],[8.232379,55.894665],[8.230655,55.894567],[8.230373,55.892846],[8.230822,55.892201],[8.233317,55.89145],[8.232934,55.890694],[8.231409,55.890577],[8.23019,55.891385],[8.225113,55.891079],[8.224233,55.891315],[8.224165,55.891537],[8.223618,55.892187],[8.223544,55.89249],[8.223341,55.892627],[8.223739,55.891819],[8.224134,55.891516],[8.223882,55.890637],[8.227195,55.89001],[8.228512,55.888709],[8.233862,55.890623],[8.235268,55.890324],[8.234574,55.889276],[8.22952,55.888141],[8.229372,55.887377],[8.231217,55.885764],[8.232492,55.885656],[8.231741,55.884678],[8.233015,55.884432],[8.232919,55.88352],[8.234254,55.883008],[8.233845,55.882239],[8.235281,55.88234],[8.23385,55.881701],[8.235501,55.881417],[8.235395,55.881069],[8.233574,55.880611],[8.235246,55.880614],[8.234642,55.880045],[8.23529,55.879975],[8.236296,55.880252],[8.235912,55.880713],[8.237091,55.880822],[8.236598,55.879834],[8.237934,55.880096],[8.238435,55.879524],[8.23763,55.87928],[8.239027,55.879608],[8.239968,55.878632],[8.243553,55.876864],[8.248216,55.877702],[8.246537,55.880317],[8.246846,55.881856],[8.248058,55.882574],[8.251805,55.882316],[8.258718,55.884209],[8.261979,55.88413],[8.26677,55.88176],[8.267343,55.883245],[8.268795,55.883219],[8.269754,55.883756],[8.271207,55.883511],[8.273105,55.882623],[8.274158,55.881178],[8.276634,55.880957],[8.278759,55.879518],[8.279598,55.877394],[8.278691,55.876261],[8.271743,55.873872],[8.266424,55.870748],[8.263719,55.869918],[8.262978,55.868402],[8.261841,55.868156],[8.261976,55.867461],[8.260504,55.86634],[8.2614,55.863606],[8.260882,55.861646],[8.262259,55.861024],[8.261571,55.859945],[8.262374,55.859303],[8.262079,55.857202],[8.263264,55.854885],[8.261023,55.851454],[8.258948,55.849826],[8.258764,55.847603],[8.258027,55.846874],[8.260203,55.845575],[8.262307,55.843299],[8.267618,55.842068],[8.269612,55.842448],[8.269403,55.843695],[8.271452,55.842052],[8.273193,55.842944],[8.27342,55.844187],[8.276519,55.846992],[8.276582,55.847926],[8.274523,55.848976],[8.276365,55.850473],[8.277562,55.850038],[8.275664,55.849122],[8.276999,55.848418],[8.278708,55.849469],[8.279958,55.849053],[8.280533,55.849395],[8.278448,55.850625],[8.2778,55.850378],[8.276718,55.851555],[8.279971,55.850546],[8.281858,55.850569],[8.289013,55.85381],[8.293461,55.855045],[8.295293,55.855118],[8.302369,55.860131],[8.308102,55.861815],[8.315046,55.866104],[8.322468,55.868228],[8.325534,55.868562],[8.326959,55.869322],[8.326288,55.868421],[8.327341,55.869044],[8.327008,55.870899],[8.328789,55.869402],[8.327497,55.871037],[8.328804,55.871296],[8.331609,55.875736],[8.333703,55.876407],[8.334799,55.877875],[8.341871,55.882293],[8.343819,55.882812],[8.346829,55.884603],[8.357626,55.893139],[8.35844,55.893431],[8.359506,55.892653],[8.361132,55.893298],[8.36047,55.893791],[8.359122,55.893289],[8.356925,55.894381],[8.359,55.893763],[8.360515,55.894074],[8.362285,55.89372],[8.363868,55.894494],[8.365092,55.895952],[8.368376,55.89705],[8.369831,55.896425],[8.368832,55.89708],[8.369051,55.89772],[8.370544,55.898093],[8.371169,55.897751],[8.3733,55.89933],[8.374416,55.899402],[8.377277,55.900784],[8.376459,55.901608],[8.37836,55.902382],[8.376384,55.90337],[8.377463,55.903959],[8.377151,55.904714],[8.378016,55.905001],[8.379794,55.904738],[8.380306,55.905345],[8.382838,55.90552],[8.383734,55.906171],[8.382411,55.906632],[8.38272,55.907727],[8.382115,55.908427],[8.375164,55.908206],[8.372572,55.908897],[8.373541,55.909798],[8.378019,55.90998],[8.380333,55.910807],[8.380228,55.911144],[8.372257,55.911417],[8.369693,55.910485],[8.371674,55.910064],[8.372151,55.909588],[8.369538,55.910121],[8.365124,55.910091],[8.36273,55.910992],[8.362029,55.91094],[8.36096,55.910992],[8.362278,55.911076],[8.361408,55.911972],[8.361655,55.913316],[8.363437,55.91446],[8.363236,55.914836],[8.370186,55.915889],[8.372194,55.916591],[8.372365,55.917156],[8.36972,55.918342],[8.370994,55.91924],[8.373793,55.919687],[8.372781,55.921138],[8.375975,55.922983],[8.376789,55.924433],[8.376128,55.92555],[8.374499,55.925357],[8.374654,55.926667],[8.37931,55.927565],[8.374926,55.927264],[8.375557,55.928159],[8.375237,55.929623],[8.375801,55.930244],[8.376965,55.930271],[8.376294,55.930616],[8.376423,55.931988],[8.380003,55.933839],[8.375897,55.936445],[8.376431,55.936744],[8.376029,55.937225],[8.376857,55.937229],[8.377087,55.937702],[8.375731,55.938433],[8.376182,55.940386],[8.374819,55.941337],[8.376017,55.942051],[8.374231,55.94482],[8.376033,55.945462],[8.374527,55.945137],[8.374583,55.945549],[8.371781,55.946736],[8.371265,55.947397],[8.37173,55.947989],[8.369438,55.948205],[8.368901,55.949167],[8.364367,55.947983],[8.363918,55.947688],[8.364929,55.94752],[8.364534,55.947263],[8.363021,55.94726],[8.361884,55.947856],[8.36377,55.949975],[8.368319,55.95239],[8.368179,55.951561],[8.368739,55.952576],[8.373058,55.954682],[8.370779,55.954225],[8.366913,55.95193],[8.365539,55.951648],[8.365302,55.952477],[8.363726,55.953233],[8.364884,55.953398],[8.364227,55.953865],[8.364906,55.954477],[8.365295,55.953743],[8.366416,55.953389],[8.366377,55.953789],[8.365123,55.955144],[8.363846,55.954973],[8.362955,55.955328],[8.362802,55.956876],[8.361073,55.95611],[8.354504,55.958548],[8.353068,55.960382],[8.354181,55.961021],[8.353992,55.961602],[8.355667,55.961967],[8.355452,55.962656],[8.356822,55.963065],[8.356488,55.963698],[8.357704,55.964618],[8.356623,55.965432],[8.354894,55.965484],[8.351568,55.964671],[8.351537,55.965156],[8.354065,55.965964],[8.35108,55.967387],[8.348684,55.967169],[8.347073,55.968188],[8.344307,55.968937],[8.342856,55.970745],[8.344032,55.97186],[8.343208,55.972976],[8.342141,55.973015],[8.342706,55.973405],[8.341649,55.974332],[8.337297,55.974234],[8.335402,55.974794],[8.334183,55.975847],[8.332553,55.976168],[8.332,55.977806],[8.330289,55.979121],[8.330186,55.98035],[8.32505,55.982572],[8.320942,55.985351],[8.317358,55.989065],[8.317834,55.98995],[8.316849,55.990126],[8.316897,55.990783],[8.315657,55.990938],[8.315059,55.991619],[8.315492,55.992582],[8.314636,55.99256],[8.311212,56.000763],[8.311115,56.009962],[8.306474,56.014337],[8.308285,56.014857],[8.306735,56.015983],[8.306728,56.017642],[8.308792,56.018557],[8.307803,56.020674],[8.308182,56.022154],[8.307045,56.02337],[8.308882,56.02739],[8.306096,56.029896],[8.304458,56.032477],[8.303473,56.037238],[8.302238,56.038572],[8.302785,56.043596],[8.301865,56.044233],[8.301789,56.045641],[8.304059,56.04862],[8.306027,56.04945],[8.30648,56.050263],[8.305098,56.050481],[8.30501,56.051033],[8.306282,56.051203],[8.305943,56.051914],[8.306754,56.052415],[8.306007,56.054093],[8.30489,56.05439],[8.305242,56.054759],[8.302619,56.055725],[8.303033,56.056805],[8.303602,56.05683],[8.303971,56.057172],[8.303341,56.057143],[8.303332,56.058203],[8.302331,56.058099],[8.300315,56.059025],[8.299809,56.059636],[8.300347,56.059854],[8.298912,56.060075],[8.298933,56.060772],[8.297132,56.06087],[8.296199,56.0617],[8.293638,56.062248],[8.291443,56.06364],[8.290173,56.063619],[8.288975,56.064559],[8.281599,56.066615],[8.262709,56.076945],[8.2459,56.085376],[8.244763,56.085323],[8.243711,56.086039],[8.243179,56.08565],[8.244445,56.085374],[8.244074,56.085128],[8.241223,56.086191],[8.239644,56.085711],[8.238611,56.086209],[8.238595,56.08684],[8.239776,56.085815],[8.240629,56.086418],[8.238795,56.087038],[8.239537,56.087624],[8.240267,56.087158],[8.2412,56.087711],[8.240454,56.088063],[8.239713,56.087714],[8.240259,56.088035],[8.238684,56.089142],[8.238614,56.087715],[8.237111,56.086619],[8.233557,56.086706],[8.233628,56.085956],[8.23303,56.086365],[8.23291,56.089522],[8.234676,56.090579],[8.232985,56.091594],[8.2312,56.091551],[8.230352,56.09282],[8.229057,56.093412],[8.228884,56.094002],[8.226628,56.093745],[8.225817,56.094388],[8.225603,56.094019],[8.223604,56.094017],[8.218076,56.096201],[8.215057,56.096464],[8.21373,56.097161],[8.209938,56.097437],[8.207944,56.098164],[8.201214,56.098887],[8.198818,56.100013],[8.197413,56.100058],[8.194968,56.100969],[8.186161,56.102721],[8.181593,56.103156],[8.180741,56.103777],[8.177783,56.103841],[8.171375,56.105575],[8.167213,56.105625],[8.165787,56.106233],[8.160306,56.104982],[8.159262,56.105616],[8.159833,56.106671],[8.15785,56.10738],[8.157764,56.108039],[8.156576,56.1077],[8.155516,56.108416],[8.153026,56.10869],[8.150602,56.109562],[8.144413,56.112717],[8.14406,56.113451],[8.142036,56.113687],[8.140777,56.114895],[8.139315,56.114831],[8.134781,56.115785],[8.129908,56.11802],[8.127318,56.118174],[8.126906,56.117896],[8.127807,56.117014],[8.136318,56.112911],[8.139181,56.11042],[8.139803,56.109382],[8.139256,56.108067],[8.139767,56.107983],[8.138967,56.107195],[8.140076,56.105726],[8.139437,56.104105],[8.142571,56.101371],[8.144874,56.1002],[8.14927,56.10159],[8.14573,56.100042],[8.146179,56.099464],[8.145102,56.097947],[8.141352,56.09605],[8.13975,56.095946],[8.13967,56.095367],[8.138395,56.094925],[8.137319,56.093118],[8.135732,56.092389],[8.134454,56.09009],[8.132874,56.089581],[8.132201,56.088121],[8.132425,56.087221],[8.130849,56.084133],[8.132729,56.081198],[8.131323,56.080164],[8.132218,56.07673],[8.131458,56.07448],[8.130215,56.074273],[8.131041,56.074038],[8.129922,56.071032],[8.13052,56.06837],[8.129466,56.067346],[8.130059,56.066882],[8.129011,56.066713],[8.128371,56.066003],[8.12861,56.064233],[8.127052,56.062361],[8.127472,56.06149],[8.126509,56.058671],[8.126929,56.056503],[8.127908,56.0562],[8.128676,56.054795],[8.126801,56.053559],[8.128925,56.054061],[8.128352,56.053619],[8.12901,56.0515],[8.127037,56.048854],[8.126673,56.046837],[8.125504,56.046228],[8.125594,56.045123],[8.126331,56.044927],[8.124835,56.042511],[8.125273,56.039344],[8.123667,56.037811],[8.123612,56.035406],[8.124592,56.033823],[8.124036,56.032957],[8.125263,56.032],[8.126038,56.029538],[8.127047,56.028892],[8.126596,56.027015],[8.127561,56.026066],[8.127817,56.024248],[8.122916,56.023937],[8.12775,56.024065],[8.128047,56.022228],[8.129585,56.021604],[8.129102,56.020601],[8.129711,56.019299],[8.130176,56.01889],[8.131815,56.019065],[8.132039,56.019062],[8.132331,56.018932],[8.130452,56.018809],[8.130204,56.017914],[8.132083,56.010961],[8.134247,56.010091],[8.134437,56.009527],[8.131077,56.00833],[8.132384,56.008501],[8.131375,56.008042],[8.131894,56.007896],[8.13361,56.008179],[8.134634,56.008957],[8.136643,56.007962],[8.136371,56.008687],[8.135519,56.008793],[8.135215,56.009084],[8.137937,56.008319],[8.139878,56.008946],[8.140456,56.008466],[8.142935,56.008464],[8.143959,56.007591],[8.136332,56.006216],[8.135657,56.007087],[8.136187,56.006126],[8.132418,56.005048],[8.130576,56.003877],[8.123643,56.00296],[8.12486,56.003521],[8.122819,56.005663],[8.121191,56.005183],[8.120648,56.005745],[8.119549,56.00541],[8.122015,56.00279],[8.122727,56.002763],[8.121166,56.002245],[8.121264,56.001821],[8.119023,56.00223],[8.114177,55.999578],[8.11241,56.000237],[8.108613,55.998384],[8.108588,55.998932],[8.111476,56.000028],[8.111167,56.00296],[8.106772,56.016938],[8.104547,56.021836],[8.098264,56.044217],[8.097649,56.060365],[8.100803,56.082956],[8.105675,56.105349],[8.106765,56.115291],[8.110761,56.131899],[8.110672,56.135436],[8.111995,56.138139],[8.119579,56.170998],[8.119817,56.174778],[8.123129,56.183742],[8.12705,56.202251],[8.129112,56.220567],[8.130748,56.22849],[8.129655,56.262232],[8.128489,56.266252],[8.127881,56.273779],[8.125376,56.283552],[8.12488,56.290909],[8.12343,56.295795],[8.120932,56.316048],[8.121415,56.320956],[8.120632,56.321986],[8.120716,56.326969],[8.119961,56.329515],[8.120792,56.332009],[8.120924,56.336806],[8.119962,56.343805],[8.120634,56.346857],[8.119987,56.358925],[8.118062,56.366579],[8.118586,56.366833],[8.117904,56.367062],[8.117956,56.369394],[8.117295,56.369803],[8.1178,56.370215],[8.117444,56.370625],[8.114647,56.370908],[8.11379,56.371446],[8.116564,56.370801],[8.117171,56.371576],[8.116149,56.371896],[8.11848,56.371978],[8.118483,56.371304],[8.119563,56.371221],[8.119909,56.365767],[8.121642,56.365931],[8.121654,56.366451],[8.120164,56.366455],[8.12151,56.36652],[8.121504,56.36697],[8.120147,56.367039],[8.121642,56.367045],[8.121655,56.367676],[8.120148,56.367724],[8.121644,56.36773],[8.121692,56.368193],[8.120153,56.368353],[8.121395,56.368411],[8.121377,56.368795],[8.120088,56.369031],[8.120259,56.371405],[8.119021,56.371735],[8.125063,56.371902],[8.126306,56.371203],[8.126626,56.371682],[8.132006,56.371427],[8.135749,56.369735],[8.135975,56.368713],[8.133727,56.367674],[8.131861,56.367429],[8.127582,56.368107],[8.127036,56.369353],[8.125764,56.369392],[8.125287,56.367437],[8.123205,56.366694],[8.126653,56.366701],[8.129943,56.367645],[8.130511,56.367483],[8.132258,56.367385],[8.134854,56.367717],[8.137147,56.366888],[8.138551,56.365459],[8.139881,56.363748],[8.137862,56.36594],[8.136728,56.366232],[8.136362,56.365833],[8.137761,56.365242],[8.138721,56.362408],[8.137619,56.361749],[8.136039,56.361982],[8.135027,56.361946],[8.137777,56.361661],[8.136643,56.360868],[8.136392,56.359642],[8.135155,56.359142],[8.136082,56.358672],[8.13254,56.35711],[8.133516,56.356374],[8.13345,56.355357],[8.132367,56.354279],[8.132265,56.353408],[8.13301,56.353137],[8.131914,56.352768],[8.133669,56.352278],[8.133667,56.350217],[8.131041,56.348729],[8.128053,56.34853],[8.12846,56.346381],[8.129493,56.345385],[8.128319,56.343314],[8.130848,56.340005],[8.128966,56.340009],[8.128983,56.339896],[8.13103,56.339906],[8.131682,56.339155],[8.131161,56.338919],[8.131256,56.339331],[8.129768,56.33941],[8.128917,56.338379],[8.129206,56.335052],[8.130458,56.332898],[8.129811,56.329779],[8.130866,56.327971],[8.132853,56.328454],[8.135489,56.330002],[8.142454,56.330067],[8.1467,56.331168],[8.145802,56.33464],[8.147192,56.330454],[8.147988,56.330821],[8.146837,56.333447],[8.147784,56.33471],[8.148552,56.334592],[8.1498,56.332394],[8.150874,56.331928],[8.153003,56.333839],[8.156259,56.333669],[8.160764,56.335851],[8.162704,56.335881],[8.166245,56.336883],[8.170772,56.336037],[8.16866,56.335949],[8.167555,56.335187],[8.166772,56.332567],[8.167766,56.33098],[8.166166,56.329729],[8.166029,56.326853],[8.16713,56.324403],[8.169043,56.323084],[8.17281,56.323599],[8.17323,56.323052],[8.17557,56.323042],[8.177199,56.324502],[8.179734,56.325185],[8.181017,56.324923],[8.182418,56.325214],[8.184413,56.324475],[8.186241,56.324621],[8.189009,56.326576],[8.190457,56.326831],[8.193138,56.32631],[8.194342,56.325028],[8.196422,56.32433],[8.199317,56.322103],[8.201112,56.322037],[8.200027,56.321623],[8.202884,56.321756],[8.208184,56.320018],[8.214865,56.319882],[8.221615,56.32117],[8.229177,56.320836],[8.230283,56.321232],[8.237756,56.321699],[8.23841,56.321372],[8.237667,56.320577],[8.236992,56.320065],[8.236887,56.320338],[8.235735,56.320043],[8.236997,56.319998],[8.237303,56.319561],[8.235027,56.317299],[8.235467,56.315678],[8.236686,56.31472],[8.235781,56.314209],[8.237053,56.313241],[8.239599,56.309238],[8.238423,56.308537],[8.239958,56.308216],[8.241146,56.307117],[8.244637,56.301821],[8.243588,56.300827],[8.234418,56.2987],[8.234051,56.297625],[8.240484,56.29187],[8.247343,56.288216],[8.251879,56.287965],[8.252277,56.288769],[8.257271,56.290569],[8.260223,56.29092],[8.260766,56.292166],[8.263235,56.293165],[8.266469,56.294105],[8.267007,56.2937],[8.267311,56.29479],[8.268419,56.295392],[8.269922,56.295423],[8.26945,56.295723],[8.271524,56.296848],[8.274703,56.297449],[8.27409,56.296968],[8.274741,56.296436],[8.277569,56.297162],[8.27831,56.297585],[8.27776,56.297514],[8.277826,56.298106],[8.276459,56.297661],[8.276239,56.298128],[8.277207,56.298284],[8.277533,56.299577],[8.280126,56.300905],[8.287103,56.306224],[8.290231,56.310349],[8.289825,56.311413],[8.291125,56.313314],[8.293195,56.314877],[8.294989,56.315335],[8.298679,56.318694],[8.300873,56.318567],[8.301885,56.319395],[8.303433,56.319129],[8.303666,56.31932],[8.300609,56.319621],[8.300197,56.318737],[8.298916,56.318816],[8.301075,56.321261],[8.300776,56.321658],[8.297306,56.319096],[8.296782,56.319186],[8.296132,56.320304],[8.299966,56.322201],[8.300711,56.323156],[8.296441,56.323244],[8.295471,56.320731],[8.296918,56.318967],[8.296333,56.317691],[8.29373,56.316871],[8.2917,56.317005],[8.289502,56.318584],[8.286636,56.319314],[8.28497,56.320773],[8.280085,56.321749],[8.276297,56.321961],[8.275883,56.32257],[8.274372,56.322864],[8.271025,56.322822],[8.265132,56.32359],[8.261509,56.324615],[8.260723,56.325412],[8.263326,56.32554],[8.268333,56.324906],[8.268889,56.325901],[8.266603,56.325723],[8.262549,56.326533],[8.260407,56.325445],[8.25937,56.325865],[8.258026,56.325687],[8.257403,56.326145],[8.257619,56.327201],[8.256039,56.328673],[8.249581,56.329313],[8.249285,56.331179],[8.251591,56.333243],[8.253665,56.333743],[8.254444,56.333097],[8.254039,56.334271],[8.258158,56.33464],[8.265726,56.332335],[8.265551,56.332021],[8.266453,56.332196],[8.276632,56.328339],[8.268675,56.331434],[8.268645,56.331872],[8.267441,56.331828],[8.261334,56.334128],[8.260583,56.334857],[8.261368,56.335425],[8.260317,56.334957],[8.258371,56.335217],[8.258879,56.335359],[8.257526,56.336181],[8.256759,56.337663],[8.256208,56.3382],[8.255952,56.33886],[8.254792,56.340233],[8.255149,56.340992],[8.25651,56.341158],[8.254601,56.341218],[8.25411,56.34254],[8.254656,56.342728],[8.253542,56.34324],[8.253179,56.344207],[8.252812,56.344612],[8.253164,56.344313],[8.25365,56.344885],[8.252714,56.346613],[8.251881,56.347238],[8.243062,56.349931],[8.244594,56.350437],[8.244117,56.351179],[8.244392,56.350508],[8.243538,56.350393],[8.243688,56.352796],[8.239997,56.356447],[8.237612,56.357198],[8.235086,56.358782],[8.234148,56.35911],[8.233791,56.35884],[8.226814,56.361691],[8.222953,56.362423],[8.221926,56.36344],[8.222583,56.363509],[8.222388,56.363986],[8.221848,56.363707],[8.218634,56.366218],[8.217762,56.366134],[8.207657,56.369312],[8.203888,56.369946],[8.203356,56.37055],[8.200745,56.370652],[8.197579,56.373081],[8.195109,56.373867],[8.194817,56.374975],[8.191966,56.375772],[8.190432,56.377534],[8.187102,56.378898],[8.186146,56.380179],[8.186393,56.381852],[8.184773,56.38349],[8.185346,56.38433],[8.18447,56.384572],[8.184417,56.385586],[8.18249,56.38668],[8.181297,56.389528],[8.17904,56.391411],[8.177447,56.391997],[8.174735,56.395188],[8.174768,56.394893],[8.173359,56.39501],[8.173819,56.395252],[8.172304,56.396919],[8.168083,56.399895],[8.167347,56.401123],[8.167534,56.40237],[8.165817,56.405037],[8.165958,56.408359],[8.164407,56.410285],[8.164945,56.410966],[8.163835,56.411363],[8.162677,56.412957],[8.165068,56.415139],[8.169522,56.417029],[8.16907,56.418447],[8.166457,56.41974],[8.164415,56.427071],[8.164981,56.427588],[8.164597,56.429592],[8.166364,56.430121],[8.164401,56.431981],[8.164676,56.432582],[8.165997,56.432443],[8.166401,56.433139],[8.165996,56.433446],[8.16527,56.433194],[8.163156,56.434307],[8.163181,56.435305],[8.161536,56.435269],[8.160238,56.434261],[8.160352,56.433501],[8.158788,56.433069],[8.154814,56.432544],[8.152586,56.431772],[8.146471,56.431602],[8.142028,56.434229],[8.139901,56.434859],[8.135853,56.437765],[8.132764,56.438546],[8.13173,56.439235],[8.130673,56.436985],[8.13113,56.435698],[8.130498,56.433726],[8.128725,56.432759],[8.127213,56.432547],[8.124559,56.433684],[8.124515,56.432318],[8.128171,56.431308],[8.130358,56.429739],[8.13327,56.429455],[8.134403,56.428517],[8.133135,56.427771],[8.130601,56.428547],[8.129162,56.427996],[8.131503,56.423058],[8.131715,56.419757],[8.128456,56.417584],[8.123247,56.417163],[8.123603,56.413965],[8.126703,56.412297],[8.128716,56.408678],[8.12847,56.408228],[8.126663,56.407796],[8.123163,56.408107],[8.122771,56.407261],[8.129627,56.405815],[8.130989,56.404947],[8.130992,56.403995],[8.130341,56.403447],[8.126923,56.403179],[8.127265,56.402557],[8.122607,56.400194],[8.122499,56.399621],[8.125492,56.398693],[8.129881,56.399557],[8.131545,56.39929],[8.132083,56.398306],[8.131466,56.395997],[8.133006,56.3954],[8.13584,56.389991],[8.135088,56.389031],[8.13283,56.38868],[8.127093,56.389679],[8.124774,56.390579],[8.124533,56.390279],[8.128258,56.386988],[8.131151,56.386543],[8.131625,56.387267],[8.135805,56.387008],[8.136305,56.385666],[8.135838,56.384881],[8.134652,56.38449],[8.133123,56.385173],[8.131119,56.385059],[8.13111,56.384641],[8.130254,56.384839],[8.130135,56.384335],[8.129618,56.38471],[8.130154,56.383781],[8.127346,56.382714],[8.127183,56.381876],[8.125292,56.381608],[8.121669,56.380086],[8.122883,56.379931],[8.125705,56.380642],[8.127951,56.380211],[8.130846,56.378609],[8.131317,56.377277],[8.131948,56.377384],[8.132101,56.378598],[8.132386,56.378137],[8.131273,56.375794],[8.129244,56.373609],[8.126656,56.372591],[8.113545,56.372379],[8.115524,56.37297],[8.115468,56.373948],[8.114432,56.374013],[8.115734,56.37416],[8.116209,56.374711],[8.117555,56.381428],[8.117947,56.392822],[8.119333,56.402151],[8.118897,56.410403],[8.121316,56.427246],[8.120696,56.432365],[8.121821,56.441626],[8.123198,56.446687],[8.123679,56.458744],[8.125323,56.470906],[8.124684,56.471326],[8.125005,56.474684],[8.122103,56.476324],[8.12307,56.476441],[8.123175,56.477566],[8.122887,56.479492],[8.121901,56.479882],[8.122822,56.482332],[8.121626,56.483481],[8.122368,56.485433],[8.12135,56.487022],[8.121942,56.489064],[8.121586,56.490222],[8.120647,56.490717],[8.120895,56.49331],[8.119647,56.494234],[8.119937,56.496126],[8.118833,56.497527],[8.118155,56.503653],[8.116942,56.504354],[8.117443,56.505386],[8.117021,56.507209],[8.116185,56.507843],[8.11664,56.509266],[8.115809,56.511027],[8.115863,56.516907],[8.115166,56.517806],[8.116157,56.519719],[8.115536,56.521205],[8.116256,56.523889],[8.115643,56.524664],[8.116361,56.525248],[8.116153,56.527985],[8.117018,56.529051],[8.11637,56.530575],[8.118348,56.535725],[8.118483,56.53799],[8.117821,56.53809],[8.118491,56.538104],[8.119064,56.539003],[8.119392,56.54097],[8.11871,56.541521],[8.120462,56.543895],[8.119587,56.544774],[8.120931,56.546752],[8.120428,56.548172],[8.121253,56.548595],[8.121845,56.550747],[8.121231,56.551518],[8.121901,56.551505],[8.122809,56.553447],[8.122806,56.554754],[8.12206,56.5549],[8.122863,56.554839],[8.123498,56.555621],[8.123977,56.557352],[8.123317,56.558237],[8.12834,56.566321],[8.130209,56.572741],[8.133008,56.579337],[8.134928,56.581746],[8.139771,56.595322],[8.149674,56.615577],[8.151082,56.620176],[8.149984,56.620861],[8.151456,56.622272],[8.151009,56.624264],[8.152371,56.625816],[8.152044,56.627602],[8.153596,56.629528],[8.153375,56.63072],[8.154694,56.632032],[8.15505,56.63403],[8.156551,56.635489],[8.156618,56.637427],[8.15832,56.639482],[8.158042,56.640782],[8.16132,56.645392],[8.161651,56.647159],[8.163408,56.648497],[8.163666,56.650459],[8.165065,56.651669],[8.165631,56.653073],[8.164935,56.653594],[8.166541,56.654985],[8.167203,56.656496],[8.166719,56.656893],[8.170666,56.661556],[8.170775,56.663161],[8.172744,56.664388],[8.173281,56.665904],[8.17565,56.667681],[8.175849,56.669021],[8.178037,56.67059],[8.180925,56.675339],[8.182977,56.676889],[8.183119,56.678207],[8.185065,56.679652],[8.185736,56.681439],[8.187765,56.683143],[8.188001,56.68438],[8.189962,56.685692],[8.19035,56.687211],[8.192757,56.689111],[8.193015,56.690529],[8.194961,56.692253],[8.195025,56.693699],[8.196836,56.694685],[8.197067,56.696564],[8.198892,56.697487],[8.202734,56.702093],[8.204748,56.702909],[8.20635,56.704795],[8.212495,56.708674],[8.212952,56.709622],[8.211801,56.71047],[8.212837,56.710565],[8.21365,56.709726],[8.214067,56.710214],[8.214435,56.70909],[8.218811,56.707934],[8.219651,56.707215],[8.222334,56.707223],[8.221988,56.706905],[8.223549,56.706125],[8.224944,56.703679],[8.225469,56.700246],[8.225041,56.701653],[8.224247,56.70191],[8.224858,56.702934],[8.22385,56.70502],[8.223004,56.706206],[8.221926,56.706652],[8.221286,56.705691],[8.222908,56.705885],[8.221342,56.705626],[8.221505,56.70493],[8.222568,56.705001],[8.222554,56.705363],[8.222629,56.70494],[8.221961,56.704895],[8.222402,56.703019],[8.223713,56.703019],[8.220833,56.702808],[8.219795,56.702349],[8.220114,56.702106],[8.219709,56.70231],[8.217939,56.701515],[8.219044,56.700772],[8.221054,56.701678],[8.220617,56.701327],[8.22189,56.70096],[8.221576,56.700734],[8.222879,56.70132],[8.221754,56.70222],[8.223679,56.701446],[8.22199,56.700674],[8.223568,56.698596],[8.222005,56.698863],[8.222934,56.697218],[8.221001,56.696309],[8.218589,56.699402],[8.21715,56.699182],[8.219466,56.6949],[8.222981,56.695459],[8.223773,56.693991],[8.221181,56.69357],[8.221103,56.69324],[8.221526,56.692691],[8.223648,56.693037],[8.224666,56.691624],[8.225809,56.691814],[8.224739,56.693424],[8.22602,56.691849],[8.226782,56.691986],[8.224499,56.696218],[8.226049,56.697103],[8.225648,56.699519],[8.226365,56.697007],[8.225867,56.694904],[8.227662,56.691872],[8.226089,56.69147],[8.226799,56.69056],[8.224859,56.690486],[8.224284,56.689535],[8.226244,56.689341],[8.227057,56.690101],[8.22675,56.688792],[8.22872,56.6866],[8.232577,56.684585],[8.23166,56.684251],[8.228533,56.684628],[8.228102,56.685115],[8.228974,56.685529],[8.225593,56.688765],[8.221959,56.688832],[8.22252,56.687484],[8.223418,56.687543],[8.223424,56.686778],[8.222317,56.686355],[8.223563,56.686325],[8.225018,56.684626],[8.226097,56.684496],[8.224954,56.68454],[8.225018,56.683927],[8.231208,56.682848],[8.231364,56.682196],[8.226472,56.676279],[8.223077,56.674502],[8.220753,56.668154],[8.217894,56.667994],[8.217503,56.667609],[8.218558,56.66567],[8.219264,56.665488],[8.219452,56.663974],[8.220572,56.663057],[8.220219,56.662547],[8.225786,56.653012],[8.225259,56.652865],[8.219878,56.662882],[8.211994,56.661757],[8.213537,56.660549],[8.215307,56.65645],[8.217624,56.655663],[8.217688,56.655134],[8.210697,56.652588],[8.206376,56.651988],[8.201938,56.652156],[8.192783,56.649124],[8.186819,56.635943],[8.186165,56.632547],[8.187267,56.632046],[8.190282,56.632176],[8.186603,56.632746],[8.188573,56.633626],[8.194142,56.634198],[8.199297,56.633925],[8.203034,56.633104],[8.206128,56.63184],[8.212397,56.630875],[8.216858,56.629558],[8.217828,56.62967],[8.217567,56.6289],[8.21803,56.629657],[8.218624,56.629231],[8.225009,56.628139],[8.230413,56.625794],[8.233292,56.623269],[8.232859,56.622332],[8.231556,56.621665],[8.229063,56.622211],[8.220814,56.620493],[8.219979,56.620117],[8.22149,56.620328],[8.218454,56.618648],[8.214492,56.619113],[8.213218,56.620328],[8.213444,56.621419],[8.212186,56.619501],[8.212968,56.620111],[8.214289,56.618886],[8.217344,56.618741],[8.21802,56.618372],[8.214159,56.618736],[8.213218,56.619431],[8.211833,56.619427],[8.211183,56.618593],[8.211923,56.619169],[8.213055,56.619234],[8.214045,56.618576],[8.217759,56.618232],[8.214608,56.616396],[8.215881,56.616763],[8.214276,56.615646],[8.213262,56.615674],[8.212412,56.614644],[8.211592,56.614431],[8.211497,56.615076],[8.207901,56.61302],[8.202761,56.611739],[8.207993,56.612707],[8.212247,56.614173],[8.213182,56.615151],[8.215765,56.616258],[8.218088,56.618348],[8.21909,56.618209],[8.221832,56.619875],[8.224825,56.620222],[8.227308,56.619913],[8.227142,56.620504],[8.231532,56.61813],[8.229324,56.613752],[8.22969,56.610206],[8.228838,56.608685],[8.230451,56.606491],[8.232217,56.605635],[8.236148,56.60545],[8.2366,56.606488],[8.234029,56.607175],[8.236597,56.60679],[8.244277,56.601914],[8.251313,56.599921],[8.257663,56.59903],[8.26245,56.599234],[8.265892,56.598024],[8.270831,56.597761],[8.291624,56.598863],[8.294945,56.597947],[8.2973,56.596411],[8.301368,56.595186],[8.306713,56.589392],[8.305826,56.587876],[8.302216,56.587009],[8.300514,56.587804],[8.30039,56.588408],[8.302112,56.58752],[8.302649,56.587727],[8.302025,56.588538],[8.302634,56.587995],[8.304485,56.587783],[8.303473,56.58843],[8.300611,56.588824],[8.295436,56.587371],[8.286812,56.587144],[8.283632,56.585545],[8.28268,56.582698],[8.283657,56.579606],[8.287258,56.574913],[8.292697,56.57085],[8.292916,56.569739],[8.295703,56.568126],[8.298056,56.567478],[8.299445,56.566004],[8.299701,56.565392],[8.299678,56.565181],[8.297941,56.567213],[8.296155,56.56665],[8.297786,56.564894],[8.299462,56.56504],[8.299464,56.564758],[8.298191,56.563513],[8.295446,56.56296],[8.294214,56.561939],[8.295437,56.559121],[8.296126,56.553962],[8.298098,56.551404],[8.302753,56.550875],[8.302675,56.551424],[8.304046,56.551788],[8.304644,56.551864],[8.305869,56.551917],[8.302793,56.551423],[8.302969,56.550224],[8.303917,56.550165],[8.306223,56.550498],[8.306226,56.551125],[8.306636,56.550627],[8.307816,56.551007],[8.307232,56.551699],[8.306699,56.551587],[8.306223,56.551584],[8.306157,56.551605],[8.306216,56.551638],[8.307386,56.551757],[8.308376,56.551572],[8.307366,56.55197],[8.308089,56.551776],[8.308793,56.552273],[8.30768,56.554935],[8.306211,56.55471],[8.307681,56.555583],[8.305653,56.557215],[8.304827,56.55897],[8.306738,56.563733],[8.306136,56.565818],[8.30688,56.57074],[8.307642,56.571721],[8.313712,56.573309],[8.318378,56.575127],[8.328539,56.577856],[8.331827,56.577117],[8.340568,56.576863],[8.347865,56.575357],[8.355378,56.575367],[8.3618,56.575929],[8.372221,56.5776],[8.387831,56.579007],[8.393249,56.577246],[8.39537,56.577205],[8.400077,56.57553],[8.406468,56.574738],[8.41109,56.57315],[8.425003,56.570501],[8.432064,56.567703],[8.439053,56.566779],[8.444483,56.564385],[8.453902,56.56158],[8.458353,56.559491],[8.462946,56.559177],[8.465762,56.55824],[8.472121,56.557352],[8.47575,56.555844],[8.48767,56.552512],[8.49267,56.549897],[8.496562,56.548565],[8.494778,56.547865],[8.495329,56.547658],[8.496206,56.548074],[8.496378,56.547259],[8.497139,56.547542],[8.496794,56.54826],[8.497497,56.547395],[8.497716,56.546292],[8.502865,56.543505],[8.506625,56.542418],[8.511906,56.542133],[8.515403,56.541338],[8.52275,56.542841],[8.530925,56.545982],[8.539719,56.550711],[8.549639,56.557458],[8.558497,56.566348],[8.561545,56.571883],[8.562039,56.577055],[8.563802,56.579327],[8.566396,56.580861],[8.566711,56.580207],[8.565848,56.579838],[8.565659,56.578937],[8.566642,56.577159],[8.565753,56.577091],[8.565469,56.575813],[8.56662,56.576593],[8.565742,56.575454],[8.56624,56.573781],[8.565629,56.572338],[8.567943,56.565886],[8.567176,56.564041],[8.567491,56.562211],[8.569895,56.559398],[8.576093,56.554747],[8.577537,56.551923],[8.575821,56.548762],[8.575024,56.548792],[8.573456,56.550092],[8.573333,56.551093],[8.573024,56.550847],[8.573325,56.549906],[8.573975,56.54959],[8.573126,56.549628],[8.57262,56.548406],[8.573277,56.548268],[8.57385,56.54931],[8.574467,56.54909],[8.573519,56.548132],[8.575041,56.548508],[8.572795,56.546144],[8.573446,56.543619],[8.577783,56.541112],[8.58429,56.538993],[8.587576,56.536668],[8.589799,56.53448],[8.59172,56.528638],[8.594328,56.525349],[8.597369,56.522797],[8.603613,56.51996],[8.609778,56.519016],[8.611284,56.518031],[8.614742,56.517281],[8.61388,56.517311],[8.614004,56.516715],[8.609257,56.518299],[8.604222,56.518425],[8.600271,56.517475],[8.596742,56.515427],[8.591149,56.509358],[8.588419,56.504632],[8.583135,56.499997],[8.583721,56.496244],[8.585622,56.494728],[8.584923,56.49437],[8.581446,56.494582],[8.582739,56.496454],[8.581387,56.501151],[8.58028,56.50315],[8.578724,56.50385],[8.57676,56.50411],[8.576218,56.504875],[8.573879,56.505443],[8.57111,56.504918],[8.567669,56.505492],[8.561925,56.50467],[8.561358,56.504922],[8.561173,56.504462],[8.558679,56.503844],[8.55621,56.50372],[8.550922,56.502501],[8.545093,56.498671],[8.543263,56.495526],[8.545029,56.493593],[8.547024,56.492515],[8.541919,56.487317],[8.542083,56.48616],[8.537794,56.485853],[8.534707,56.486612],[8.528843,56.487047],[8.528209,56.486196],[8.528593,56.484767],[8.524059,56.483992],[8.524011,56.483475],[8.526122,56.482855],[8.527024,56.481619],[8.530408,56.481357],[8.536778,56.482433],[8.542674,56.482175],[8.548387,56.483293],[8.55028,56.485617],[8.550789,56.487609],[8.550612,56.489428],[8.549076,56.491057],[8.551533,56.491522],[8.553083,56.492679],[8.552363,56.496235],[8.554265,56.495814],[8.556198,56.496258],[8.557146,56.498074],[8.560371,56.497351],[8.56332,56.495796],[8.568732,56.494155],[8.575143,56.493457],[8.579303,56.49376],[8.581733,56.494438],[8.58489,56.494287],[8.589008,56.496377],[8.590364,56.496699],[8.591534,56.49663],[8.587982,56.495679],[8.587542,56.493898],[8.590275,56.493383],[8.590489,56.494021],[8.588493,56.494287],[8.588642,56.494749],[8.591033,56.494531],[8.591633,56.495629],[8.59127,56.494583],[8.593015,56.493868],[8.594916,56.49476],[8.593097,56.495795],[8.591219,56.496098],[8.59284,56.495932],[8.594959,56.494897],[8.596184,56.495359],[8.596845,56.495358],[8.592968,56.493781],[8.593699,56.493111],[8.596853,56.493373],[8.595634,56.492629],[8.596667,56.492539],[8.596811,56.493],[8.596942,56.492448],[8.598722,56.492457],[8.598625,56.493414],[8.602519,56.493275],[8.602671,56.494182],[8.598494,56.494332],[8.598206,56.495132],[8.597396,56.495216],[8.598222,56.49518],[8.59886,56.495715],[8.602103,56.495659],[8.602125,56.494826],[8.602955,56.494865],[8.607284,56.498653],[8.61139,56.49996],[8.611533,56.490586],[8.612952,56.487363],[8.611855,56.485198],[8.615498,56.479629],[8.618808,56.477704],[8.622185,56.476617],[8.62217,56.474411],[8.635228,56.469864],[8.645925,56.467397],[8.653242,56.466845],[8.666593,56.467669],[8.672363,56.46857],[8.678613,56.470212],[8.688282,56.47114],[8.692097,56.472101],[8.694882,56.47203],[8.700624,56.473001],[8.713549,56.476414],[8.715338,56.476388],[8.717426,56.477599],[8.720161,56.476426],[8.72304,56.476892],[8.723981,56.477467],[8.725111,56.477225],[8.729082,56.478193],[8.731073,56.478138],[8.734255,56.480039],[8.734041,56.481133],[8.737341,56.481643],[8.740044,56.485349],[8.742284,56.490528],[8.743771,56.500242],[8.743201,56.502336],[8.740972,56.50356],[8.741609,56.50474],[8.741102,56.511871],[8.741615,56.515779],[8.74077,56.517058],[8.740606,56.520831],[8.739429,56.522823],[8.738364,56.523349],[8.737385,56.526672],[8.734565,56.530279],[8.734907,56.531138],[8.736603,56.531788],[8.7377,56.533132],[8.74104,56.535239],[8.748941,56.544902],[8.756097,56.54654],[8.7583,56.547779],[8.760904,56.550782],[8.762068,56.553958],[8.761395,56.556396],[8.760407,56.556407],[8.760555,56.557442],[8.758867,56.559876],[8.751886,56.565024],[8.733255,56.5719],[8.726823,56.573277],[8.713361,56.579823],[8.711683,56.580238],[8.710738,56.579482],[8.709936,56.579456],[8.711899,56.580513],[8.710735,56.580989],[8.708926,56.580175],[8.709902,56.57917],[8.709031,56.57944],[8.708764,56.580185],[8.709132,56.581387],[8.703284,56.584558],[8.7003,56.587286],[8.694117,56.601943],[8.691097,56.606384],[8.685894,56.60923],[8.676559,56.609508],[8.674596,56.610455],[8.676393,56.61334],[8.676249,56.619452],[8.676991,56.622519],[8.680975,56.625638],[8.689363,56.627655],[8.700015,56.625979],[8.705643,56.624401],[8.707948,56.623176],[8.710907,56.623334],[8.718115,56.622047],[8.726922,56.623357],[8.731372,56.625251],[8.740276,56.630477],[8.749377,56.637299],[8.753357,56.63897],[8.755423,56.639089],[8.757622,56.640059],[8.760887,56.644337],[8.763139,56.644747],[8.765917,56.648036],[8.773862,56.654209],[8.780737,56.665092],[8.78131,56.668464],[8.784926,56.675135],[8.788509,56.677168],[8.789167,56.678074],[8.788652,56.678683],[8.789226,56.678536],[8.791367,56.67956],[8.792022,56.680864],[8.795806,56.68181],[8.800755,56.684533],[8.80396,56.688093],[8.809597,56.691083],[8.813328,56.694433],[8.816036,56.694991],[8.821584,56.694974],[8.823552,56.692429],[8.82681,56.691954],[8.83138,56.690053],[8.834281,56.688398],[8.835099,56.687201],[8.841301,56.68665],[8.845589,56.687922],[8.852398,56.693426],[8.855432,56.692194],[8.863353,56.69217],[8.867932,56.69152],[8.866169,56.691317],[8.868636,56.691283],[8.869881,56.69358],[8.867126,56.695279],[8.869266,56.698891],[8.873003,56.70067],[8.876457,56.701438],[8.878939,56.701461],[8.882061,56.702416],[8.883455,56.702587],[8.88376,56.70229],[8.882532,56.700527],[8.883365,56.697442],[8.887009,56.695244],[8.888659,56.693226],[8.891701,56.692445],[8.90072,56.692827],[8.901892,56.692481],[8.905947,56.693141],[8.912059,56.695211],[8.914343,56.696683],[8.917502,56.697723],[8.918805,56.699346],[8.918609,56.703088],[8.917317,56.705683],[8.915384,56.707598],[8.909156,56.709614],[8.901785,56.710623],[8.897247,56.709841],[8.894069,56.707338],[8.889094,56.707881],[8.888185,56.709147],[8.886408,56.709575],[8.885562,56.714332],[8.886243,56.715986],[8.883865,56.717027],[8.882419,56.716186],[8.882792,56.71475],[8.883479,56.715159],[8.881838,56.712017],[8.877402,56.707183],[8.877329,56.705734],[8.875653,56.705064],[8.869926,56.706815],[8.86675,56.709139],[8.865989,56.710645],[8.861852,56.711923],[8.858821,56.711631],[8.854965,56.708762],[8.850863,56.707459],[8.846302,56.707449],[8.842628,56.706772],[8.832868,56.706992],[8.830231,56.706035],[8.828065,56.705891],[8.826746,56.705142],[8.824969,56.706738],[8.826009,56.707784],[8.826289,56.709553],[8.829594,56.712742],[8.832038,56.714216],[8.835719,56.718286],[8.838077,56.722267],[8.837973,56.725319],[8.839187,56.725761],[8.839672,56.726823],[8.842601,56.728075],[8.84935,56.734765],[8.852029,56.740656],[8.854389,56.74386],[8.85496,56.744417],[8.856903,56.744443],[8.858067,56.744949],[8.860413,56.747194],[8.868306,56.751302],[8.870817,56.753609],[8.871212,56.755228],[8.870597,56.756763],[8.866712,56.76116],[8.862239,56.763565],[8.863155,56.764557],[8.863823,56.764559],[8.862903,56.764046],[8.864333,56.763749],[8.864639,56.764281],[8.865878,56.763211],[8.86685,56.7636],[8.865503,56.764648],[8.864108,56.764548],[8.864066,56.764705],[8.865613,56.764722],[8.867697,56.763387],[8.870696,56.762966],[8.8777,56.763342],[8.88541,56.765168],[8.89242,56.768551],[8.899722,56.770869],[8.901119,56.772002],[8.908678,56.773847],[8.912319,56.775339],[8.917297,56.778304],[8.921169,56.78162],[8.926461,56.787678],[8.933375,56.791131],[8.949577,56.797966],[8.958624,56.800146],[8.961669,56.801589],[8.964368,56.801799],[8.969326,56.799451],[8.973951,56.799128],[8.98005,56.797854],[8.987824,56.79534],[8.99137,56.795296],[8.9924,56.794272],[8.994396,56.793969],[8.995662,56.793021],[8.997521,56.79253],[8.999032,56.79285],[9.008237,56.789233],[9.012344,56.789006],[9.015141,56.789663],[9.019002,56.788973],[9.024749,56.788631],[9.024612,56.78828],[9.023718,56.788463],[9.025831,56.787829],[9.027348,56.786911],[9.024213,56.788086],[9.023676,56.787873],[9.024898,56.787194],[9.025439,56.786393],[9.024599,56.78723],[9.024767,56.786704],[9.020311,56.788352],[9.020473,56.787776],[9.029312,56.784808],[9.033125,56.784255],[9.034934,56.784514],[9.03745,56.785651],[9.03876,56.785417],[9.039641,56.785896],[9.039816,56.786723],[9.041034,56.787353],[9.040109,56.788681],[9.040289,56.78989],[9.038714,56.790811],[9.032106,56.791765],[9.030578,56.79398],[9.033547,56.79454],[9.033685,56.795938],[9.028604,56.796699],[9.027707,56.79803],[9.028997,56.798686],[9.025102,56.799882],[9.025207,56.800266],[9.039558,56.799642],[9.040782,56.799751],[9.039717,56.801021],[9.040744,56.801366],[9.046713,56.800989],[9.051285,56.799992],[9.054668,56.799793],[9.060076,56.801286],[9.060705,56.801815],[9.06474,56.801348],[9.06695,56.80269],[9.0703,56.801648],[9.071509,56.800786],[9.074604,56.800156],[9.079118,56.79797],[9.092708,56.793007],[9.099272,56.789941],[9.102159,56.789444],[9.106903,56.787703],[9.112587,56.786907],[9.112641,56.785372],[9.107634,56.780654],[9.107636,56.776616],[9.11173,56.768045],[9.113972,56.765895],[9.114615,56.764405],[9.116616,56.763043],[9.119039,56.755778],[9.127846,56.745056],[9.131073,56.742378],[9.130767,56.741236],[9.13142,56.740289],[9.148128,56.730304],[9.15401,56.724836],[9.160507,56.72109],[9.164584,56.719446],[9.166094,56.716995],[9.168513,56.716071],[9.17238,56.713493],[9.172736,56.712397],[9.174511,56.711929],[9.17376,56.710279],[9.175187,56.709866],[9.175571,56.709324],[9.175058,56.709824],[9.173491,56.709825],[9.174286,56.709245],[9.175802,56.709066],[9.174489,56.709117],[9.175358,56.708086],[9.180953,56.706514],[9.184253,56.705],[9.185135,56.704394],[9.180811,56.706305],[9.176924,56.707319],[9.174035,56.707761],[9.172066,56.707572],[9.164683,56.70486],[9.161133,56.704391],[9.156624,56.702817],[9.142855,56.696758],[9.134824,56.691155],[9.132094,56.687595],[9.127896,56.685241],[9.125765,56.682733],[9.124158,56.681805],[9.123016,56.679632],[9.120753,56.67808],[9.117719,56.667022],[9.113787,56.666109],[9.110438,56.666059],[9.106842,56.666809],[9.102412,56.669033],[9.101185,56.669126],[9.097356,56.668054],[9.095124,56.665637],[9.094974,56.663174],[9.096156,56.662749],[9.096117,56.662366],[9.095458,56.662792],[9.096129,56.661959],[9.096309,56.662348],[9.096867,56.662178],[9.096461,56.661187],[9.097922,56.658238],[9.100267,56.656506],[9.099295,56.651496],[9.099595,56.648425],[9.100871,56.646305],[9.105051,56.644029],[9.105166,56.643441],[9.104871,56.643293],[9.104441,56.643283],[9.104957,56.643587],[9.09775,56.645],[9.093075,56.645131],[9.090758,56.644941],[9.08642,56.64337],[9.083957,56.643024],[9.079456,56.640327],[9.072676,56.637832],[9.069437,56.635362],[9.061747,56.632526],[9.061642,56.632001],[9.05515,56.628122],[9.055264,56.626526],[9.053964,56.624977],[9.054205,56.62238],[9.051776,56.619082],[9.050178,56.61482],[9.0466,56.612553],[9.045926,56.611694],[9.046328,56.611253],[9.046293,56.611028],[9.044439,56.610279],[9.043907,56.609357],[9.044886,56.605668],[9.043412,56.601743],[9.044567,56.59589],[9.043021,56.59496],[9.042734,56.593098],[9.044606,56.588231],[9.044277,56.586853],[9.049632,56.578772],[9.054021,56.576918],[9.055724,56.574943],[9.055077,56.574585],[9.054355,56.576288],[9.051375,56.576325],[9.052154,56.574559],[9.054077,56.573704],[9.054947,56.574289],[9.054351,56.573681],[9.055129,56.570381],[9.051906,56.570057],[9.0521,56.569438],[9.054421,56.570002],[9.055153,56.56775],[9.052945,56.567301],[9.053429,56.565792],[9.052144,56.565607],[9.053534,56.565647],[9.055373,56.567356],[9.055557,56.566702],[9.054307,56.565572],[9.054501,56.564384],[9.055485,56.563709],[9.058621,56.563191],[9.056136,56.563156],[9.054666,56.562624],[9.052343,56.562735],[9.05016,56.561613],[9.051509,56.56034],[9.055417,56.558513],[9.056745,56.557067],[9.059278,56.556141],[9.064133,56.555729],[9.075155,56.556238],[9.07739,56.557449],[9.086019,56.565515],[9.092213,56.569046],[9.093169,56.570317],[9.094485,56.570331],[9.093079,56.571828],[9.09428,56.571898],[9.094776,56.572368],[9.094434,56.573095],[9.096383,56.575257],[9.097251,56.579062],[9.095572,56.581564],[9.092048,56.584073],[9.089702,56.590449],[9.092355,56.598451],[9.09521,56.603001],[9.100744,56.604885],[9.102875,56.60503],[9.108641,56.607997],[9.116639,56.607778],[9.118853,56.607416],[9.120651,56.606394],[9.120643,56.603327],[9.11995,56.606512],[9.119044,56.604772],[9.121269,56.602348],[9.122529,56.601651],[9.12814,56.599993],[9.128463,56.59946],[9.135744,56.599779],[9.138788,56.601794],[9.14192,56.602326],[9.144357,56.604703],[9.146412,56.605462],[9.148142,56.607976],[9.150069,56.608565],[9.151726,56.609843],[9.153429,56.615338],[9.152694,56.618107],[9.149858,56.619362],[9.135945,56.618188],[9.126377,56.615958],[9.120649,56.616641],[9.116927,56.618478],[9.110076,56.620415],[9.103582,56.620328],[9.10863,56.620573],[9.113698,56.620083],[9.115923,56.622424],[9.119691,56.623322],[9.128366,56.627446],[9.132428,56.631355],[9.134843,56.632076],[9.139582,56.635076],[9.142014,56.640124],[9.143435,56.641449],[9.144624,56.647686],[9.14775,56.649832],[9.150457,56.654697],[9.151628,56.655321],[9.149567,56.659861],[9.149422,56.660992],[9.149398,56.663569],[9.148696,56.664429],[9.149453,56.66361],[9.149703,56.659654],[9.152267,56.65393],[9.156336,56.651727],[9.156251,56.645773],[9.153444,56.64469],[9.151326,56.642705],[9.150966,56.640076],[9.149844,56.638237],[9.150439,56.635523],[9.154873,56.630031],[9.15905,56.626274],[9.162835,56.623851],[9.167482,56.622202],[9.181626,56.620828],[9.187258,56.621219],[9.194305,56.624006],[9.199297,56.627348],[9.203826,56.628312],[9.205766,56.629222],[9.210717,56.629907],[9.21251,56.629609],[9.214432,56.628428],[9.217098,56.628782],[9.224466,56.627347],[9.229282,56.6276],[9.231597,56.628338],[9.239443,56.627989],[9.241113,56.628268],[9.242262,56.629035],[9.246504,56.627913],[9.253183,56.628193],[9.260256,56.627203],[9.261171,56.627597],[9.264168,56.627667],[9.264072,56.62833],[9.270127,56.626073],[9.273127,56.625567],[9.26857,56.626319],[9.269061,56.6258],[9.267098,56.62695],[9.267063,56.626348],[9.264784,56.62724],[9.262727,56.626917],[9.262996,56.626095],[9.260149,56.626914],[9.258297,56.62693],[9.257928,56.626426],[9.258883,56.624746],[9.261932,56.6232],[9.264298,56.623092],[9.268804,56.624829],[9.269048,56.624485],[9.272018,56.62554],[9.273747,56.62521],[9.272678,56.625476],[9.273172,56.625513],[9.275749,56.624963],[9.27908,56.62329],[9.283984,56.622614],[9.285254,56.622015],[9.287572,56.617525],[9.290489,56.615289],[9.295532,56.609892],[9.295526,56.609231],[9.293953,56.610021],[9.292288,56.60998],[9.291885,56.608957],[9.291838,56.609821],[9.290411,56.609541],[9.290709,56.607539],[9.288882,56.606642],[9.292548,56.605942],[9.292305,56.605484],[9.28838,56.606177],[9.287233,56.603806],[9.287953,56.602838],[9.290061,56.602856],[9.2901,56.602496],[9.286572,56.601305],[9.283189,56.598785],[9.279073,56.597805],[9.277302,56.596815],[9.269168,56.595068],[9.261737,56.591569],[9.259449,56.591535],[9.256879,56.592994],[9.256755,56.593721],[9.256647,56.588479],[9.257251,56.587821],[9.25675,56.586227],[9.254584,56.584004],[9.255158,56.58311],[9.253888,56.582194],[9.25127,56.578207],[9.246561,56.575507],[9.245414,56.574138],[9.247847,56.571733],[9.249615,56.571682],[9.252998,56.572424],[9.25542,56.571722],[9.255556,56.568713],[9.259917,56.562665],[9.261254,56.558328],[9.260561,56.557767],[9.261278,56.555904],[9.260642,56.555805],[9.261508,56.554951],[9.263103,56.554723],[9.263213,56.553882],[9.267277,56.551982],[9.268354,56.550631],[9.268164,56.54988],[9.273496,56.546447],[9.274325,56.544555],[9.275345,56.544336],[9.277459,56.542282],[9.279289,56.541757],[9.27999,56.540817],[9.281654,56.540385],[9.284793,56.538233],[9.289597,56.536666],[9.289888,56.535912],[9.29294,56.535162],[9.29389,56.534033],[9.299274,56.533589],[9.301404,56.533905],[9.30199,56.533528],[9.306889,56.534429],[9.30813,56.533923],[9.308519,56.533276],[9.307438,56.533202],[9.307899,56.531148],[9.306556,56.530518],[9.306319,56.529328],[9.304385,56.528165],[9.301739,56.528295],[9.30084,56.527866],[9.30074,56.526368],[9.30006,56.526385],[9.300818,56.526222],[9.300211,56.524606],[9.298951,56.523157],[9.300533,56.520517],[9.302307,56.520953],[9.302275,56.520555],[9.303457,56.520422],[9.305513,56.521661],[9.306371,56.520618],[9.307592,56.522291],[9.30697,56.525636],[9.308863,56.52617],[9.309979,56.527057],[9.313481,56.527798],[9.313906,56.528481],[9.316092,56.529337],[9.316912,56.529296],[9.318139,56.530432],[9.31738,56.53121],[9.317649,56.531574],[9.318731,56.530777],[9.319732,56.531229],[9.317912,56.531699],[9.320323,56.531663],[9.320454,56.532171],[9.321363,56.532252],[9.328506,56.538192],[9.336628,56.540947],[9.342372,56.541049],[9.347123,56.539858],[9.349914,56.538188],[9.351623,56.53853],[9.352769,56.538069],[9.353738,56.538401],[9.356526,56.536577],[9.359284,56.536162],[9.362983,56.534745],[9.363559,56.534089],[9.370234,56.535679],[9.370352,56.538437],[9.366737,56.540325],[9.365968,56.541382],[9.36684,56.546327],[9.366175,56.546744],[9.366702,56.548609],[9.365771,56.551352],[9.366404,56.553004],[9.366111,56.555355],[9.367173,56.556721],[9.367975,56.561929],[9.369255,56.562334],[9.370817,56.563953],[9.373961,56.564428],[9.374532,56.565092],[9.375353,56.564891],[9.374762,56.565585],[9.375763,56.566204],[9.37444,56.566832],[9.371667,56.566415],[9.368554,56.56802],[9.363036,56.56649],[9.358207,56.566289],[9.350988,56.563743],[9.347396,56.561953],[9.345928,56.56036],[9.342619,56.559578],[9.338822,56.557911],[9.334966,56.556934],[9.329097,56.556282],[9.32303,56.554464],[9.314302,56.55261],[9.308735,56.551878],[9.303222,56.551841],[9.298195,56.552639],[9.295108,56.553785],[9.290864,56.556676],[9.288296,56.560396],[9.286879,56.563941],[9.28662,56.566934],[9.288009,56.573454],[9.291312,56.581551],[9.291869,56.586769],[9.293082,56.588732],[9.293678,56.59212],[9.297254,56.595619],[9.298093,56.598393],[9.297445,56.602963],[9.2954,56.604602],[9.29237,56.605382],[9.293056,56.606277],[9.297641,56.606563],[9.301969,56.608105],[9.306474,56.611419],[9.31061,56.615987],[9.31061,56.617057],[9.312918,56.620028],[9.312101,56.621455],[9.313873,56.624492],[9.313837,56.62528],[9.311525,56.627],[9.313083,56.629978],[9.313167,56.633991],[9.315613,56.638657],[9.31867,56.638681],[9.320374,56.639935],[9.324189,56.650497],[9.323701,56.651615],[9.324137,56.651256],[9.324849,56.65229],[9.324423,56.655236],[9.325073,56.655375],[9.32532,56.658644],[9.324227,56.662626],[9.322501,56.664703],[9.322921,56.665562],[9.319447,56.671892],[9.319503,56.673081],[9.315859,56.677618],[9.313852,56.682383],[9.313157,56.682637],[9.312332,56.684594],[9.312967,56.685131],[9.311255,56.68558],[9.311308,56.686631],[9.310467,56.686509],[9.310571,56.686986],[9.308658,56.688138],[9.309595,56.688439],[9.30824,56.690086],[9.307528,56.690086],[9.307943,56.690973],[9.307209,56.691128],[9.306476,56.692417],[9.305271,56.692472],[9.300426,56.695543],[9.293644,56.698093],[9.285691,56.698965],[9.279021,56.698816],[9.274726,56.698038],[9.263589,56.695258],[9.258665,56.692598],[9.25707,56.691087],[9.253424,56.690661],[9.251674,56.689282],[9.246457,56.688518],[9.24091,56.689104],[9.236596,56.688859],[9.231827,56.687827],[9.227072,56.68505],[9.223523,56.681552],[9.21778,56.68054],[9.214644,56.678545],[9.209285,56.678046],[9.199101,56.675785],[9.197217,56.674336],[9.195198,56.674085],[9.191424,56.672495],[9.190026,56.670799],[9.186677,56.669353],[9.184813,56.667574],[9.17958,56.665205],[9.17594,56.665495],[9.173419,56.667234],[9.166294,56.670378],[9.162898,56.672451],[9.159913,56.677857],[9.160651,56.682593],[9.162208,56.682861],[9.162456,56.683391],[9.165834,56.683313],[9.172222,56.686289],[9.175147,56.686919],[9.180189,56.691103],[9.182118,56.69501],[9.189799,56.699234],[9.19153,56.701122],[9.191529,56.700378],[9.192972,56.70037],[9.194819,56.70109],[9.194322,56.701514],[9.192647,56.701011],[9.192663,56.701459],[9.194422,56.701588],[9.196498,56.701298],[9.198764,56.702],[9.200807,56.703767],[9.199744,56.704677],[9.200906,56.706007],[9.199985,56.704761],[9.200948,56.704134],[9.201886,56.703998],[9.203392,56.705323],[9.203237,56.705968],[9.200913,56.706308],[9.203169,56.706108],[9.207652,56.70969],[9.213316,56.710538],[9.219332,56.714264],[9.225207,56.718763],[9.227419,56.721037],[9.228188,56.722341],[9.227703,56.722476],[9.228484,56.722676],[9.227765,56.722942],[9.228565,56.722713],[9.228964,56.723667],[9.229917,56.723802],[9.229243,56.724959],[9.231765,56.726046],[9.234552,56.729105],[9.236437,56.729894],[9.241046,56.735972],[9.242938,56.741583],[9.243485,56.747359],[9.242582,56.752225],[9.239881,56.756908],[9.237672,56.758877],[9.231743,56.761428],[9.229655,56.761872],[9.228008,56.761636],[9.224543,56.762793],[9.214932,56.764831],[9.210783,56.764812],[9.206196,56.766479],[9.19882,56.767858],[9.197037,56.767258],[9.194267,56.767493],[9.189652,56.765684],[9.18628,56.764965],[9.185192,56.765813],[9.18746,56.765402],[9.184956,56.76711],[9.184642,56.768123],[9.188632,56.780482],[9.187707,56.787342],[9.186066,56.788385],[9.178444,56.797122],[9.176934,56.801797],[9.174902,56.804449],[9.173275,56.80548],[9.169607,56.805355],[9.168474,56.806232],[9.170056,56.809481],[9.175678,56.81187],[9.188774,56.821744],[9.196988,56.830102],[9.197383,56.830817],[9.195795,56.831103],[9.197635,56.831005],[9.198794,56.831997],[9.201762,56.837778],[9.205815,56.839514],[9.207878,56.841605],[9.211349,56.850285],[9.211375,56.858685],[9.208494,56.865925],[9.206409,56.867713],[9.205398,56.867702],[9.199907,56.873629],[9.185238,56.878509],[9.179095,56.882263],[9.166318,56.886297],[9.165478,56.890437],[9.164025,56.891953],[9.166103,56.891233],[9.167483,56.891801],[9.166961,56.892692],[9.165215,56.891948],[9.165349,56.892514],[9.163519,56.892307],[9.165337,56.892834],[9.170087,56.899214],[9.177625,56.916925],[9.179398,56.919498],[9.182084,56.921461],[9.188905,56.92416],[9.196115,56.928897],[9.198429,56.933491],[9.198643,56.935352],[9.198021,56.935929],[9.214758,56.94072],[9.220247,56.944152],[9.223742,56.949056],[9.229539,56.950512],[9.232353,56.953918],[9.237239,56.962593],[9.23848,56.963076],[9.240292,56.965491],[9.242156,56.966612],[9.241853,56.96722],[9.242467,56.966914],[9.243471,56.967133],[9.245452,56.968688],[9.245759,56.968167],[9.244321,56.967588],[9.243049,56.966567],[9.243496,56.966396],[9.246568,56.968399],[9.247747,56.968649],[9.246714,56.968356],[9.247077,56.968007],[9.249042,56.968991],[9.248941,56.968647],[9.250546,56.969297],[9.260948,56.971231],[9.261627,56.970906],[9.26183,56.971201],[9.274705,56.971748],[9.276352,56.972129],[9.283403,56.977354],[9.283978,56.980266],[9.282804,56.981556],[9.285631,56.986706],[9.286672,56.98671],[9.287884,56.992785],[9.288815,56.993734],[9.290189,56.993454],[9.289418,56.993826],[9.28961,56.994379],[9.293303,56.997537],[9.293479,56.9971],[9.294023,56.997252],[9.293544,56.99764],[9.294086,56.997327],[9.295755,56.997821],[9.295394,56.998802],[9.297213,56.997735],[9.301816,56.997273],[9.312604,56.998899],[9.317065,57.000553],[9.324144,57.001424],[9.324863,57.001944],[9.327332,57.001998],[9.327598,57.00254],[9.328035,57.002239],[9.33308,57.002308],[9.339673,57.004705],[9.351593,57.007827],[9.367113,57.008795],[9.380184,57.010328],[9.386565,57.011486],[9.39488,57.012192],[9.419089,57.016591],[9.426471,57.017214],[9.434238,57.016821],[9.441754,57.015844],[9.458021,57.015881],[9.464193,57.015161],[9.482944,57.015488],[9.484078,57.015821],[9.48788,57.015494],[9.489195,57.015919],[9.491354,57.015256],[9.493424,57.015654],[9.500735,57.014844],[9.512734,57.012567],[9.544588,57.002713],[9.555126,57.000671],[9.557733,56.999214],[9.563716,56.997543],[9.571301,56.993476],[9.583594,56.987886],[9.583425,56.987369],[9.581467,56.986556],[9.580364,56.984501],[9.574872,56.983373],[9.571574,56.981364],[9.567933,56.977466],[9.568322,56.976321],[9.567001,56.974705],[9.567558,56.974277],[9.566407,56.973765],[9.565012,56.970411],[9.566828,56.969164],[9.566352,56.967945],[9.568302,56.96528],[9.576494,56.961514],[9.571562,56.962784],[9.57062,56.962435],[9.571011,56.96113],[9.572356,56.960137],[9.570072,56.959713],[9.568339,56.958757],[9.565063,56.955231],[9.561545,56.958961],[9.559165,56.959913],[9.556981,56.964839],[9.554606,56.965866],[9.55066,56.965872],[9.548356,56.964947],[9.547323,56.963229],[9.54525,56.962502],[9.545446,56.961364],[9.541484,56.958351],[9.540917,56.95672],[9.539906,56.956737],[9.53982,56.956271],[9.538069,56.956404],[9.537363,56.955586],[9.538126,56.952179],[9.540393,56.9516],[9.541349,56.949969],[9.54304,56.950407],[9.544558,56.947423],[9.549427,56.943291],[9.549752,56.940259],[9.552973,56.937342],[9.551993,56.936599],[9.553861,56.935557],[9.556293,56.936076],[9.558734,56.933988],[9.5596,56.933537],[9.560263,56.933754],[9.560638,56.933126],[9.55982,56.932818],[9.559593,56.931837],[9.564044,56.928795],[9.567703,56.925413],[9.568526,56.926437],[9.571096,56.926132],[9.572518,56.928409],[9.572605,56.931451],[9.571914,56.932514],[9.572949,56.933717],[9.573511,56.941367],[9.575723,56.947378],[9.577547,56.949078],[9.577096,56.949714],[9.577845,56.953104],[9.574651,56.957845],[9.574868,56.958531],[9.577514,56.959056],[9.577578,56.960583],[9.578952,56.960844],[9.577252,56.961552],[9.580692,56.961067],[9.58411,56.961571],[9.593239,56.964646],[9.597913,56.963453],[9.606192,56.964584],[9.608742,56.965983],[9.612444,56.966206],[9.618286,56.968564],[9.62618,56.977806],[9.6266,56.979256],[9.627596,56.979928],[9.626998,56.980608],[9.628601,56.981105],[9.630108,56.982436],[9.630618,56.984613],[9.629751,56.985793],[9.631149,56.987822],[9.631713,56.986829],[9.630508,56.985848],[9.630886,56.985347],[9.631604,56.986714],[9.632378,56.986383],[9.635319,56.987683],[9.633184,56.988857],[9.631435,56.988193],[9.632597,56.988805],[9.634198,56.989201],[9.638331,56.988746],[9.638707,56.988318],[9.636131,56.987199],[9.636235,56.987082],[9.640729,56.988972],[9.645681,56.992148],[9.648311,56.995014],[9.649017,56.995022],[9.651383,56.998242],[9.655799,57.000148],[9.659202,57.003172],[9.666061,57.007643],[9.66838,57.010348],[9.669729,57.010181],[9.671017,57.010927],[9.672417,57.016803],[9.670105,57.023924],[9.671895,57.028046],[9.675141,57.030149],[9.675415,57.031729],[9.676607,57.031799],[9.679045,57.034408],[9.689152,57.038489],[9.694152,57.039484],[9.698604,57.040974],[9.70745,57.042092],[9.709852,57.042034],[9.710651,57.042472],[9.712494,57.042367],[9.717333,57.043603],[9.726079,57.043974],[9.740756,57.045629],[9.742907,57.045491],[9.757052,57.048388],[9.764664,57.050601],[9.778009,57.052543],[9.780039,57.052361],[9.780602,57.051961],[9.779067,57.052058],[9.782755,57.051332],[9.809069,57.049187],[9.814238,57.047755],[9.819136,57.045539],[9.823387,57.044774],[9.828202,57.044252],[9.834307,57.044529],[9.836273,57.043909],[9.844091,57.043155],[9.849036,57.043973],[9.856079,57.046566],[9.863788,57.051235],[9.864501,57.052581],[9.866124,57.053293],[9.867672,57.053184],[9.868527,57.054534],[9.874262,57.056839],[9.871364,57.055258],[9.872481,57.054571],[9.872003,57.054251],[9.870557,57.054937],[9.871735,57.054122],[9.871916,57.054136],[9.873335,57.054936],[9.874116,57.055636],[9.875549,57.055413],[9.879117,57.056406],[9.879269,57.058341],[9.879854,57.058546],[9.881679,57.058869],[9.883668,57.05848],[9.893896,57.0597],[9.898463,57.059369],[9.894317,57.059441],[9.893648,57.057786],[9.898416,57.057297],[9.897362,57.057751],[9.898142,57.057573],[9.89919,57.058568],[9.90192,57.058437],[9.901006,57.058463],[9.90029,57.057275],[9.904085,57.057074],[9.90421,57.058052],[9.902199,57.058241],[9.904284,57.058094],[9.906478,57.057494],[9.906747,57.057701],[9.915007,57.054472],[9.913659,57.053305],[9.915129,57.054287],[9.923003,57.05088],[9.931177,57.048816],[9.937275,57.048812],[9.94129,57.049325],[9.941522,57.048779],[9.939044,57.048445],[9.939359,57.047644],[9.94231,57.047542],[9.942936,57.048188],[9.94241,57.049427],[9.944491,57.049999],[9.945714,57.049809],[9.956624,57.054603],[9.957596,57.052516],[9.958969,57.052911],[9.958329,57.054841],[9.965336,57.058955],[9.968568,57.061582],[9.969227,57.061409],[9.971883,57.065689],[9.972589,57.065563],[9.974635,57.068579],[9.978862,57.069013],[9.981553,57.071336],[9.987781,57.074611],[9.995963,57.077759],[9.998476,57.078456],[10.005324,57.079128],[10.01624,57.078197],[10.025128,57.076333],[10.02513,57.075016],[10.03236,57.067552],[10.037503,57.060383],[10.039575,57.059395],[10.04232,57.059304],[10.041984,57.058017],[10.050663,57.054542],[10.049691,57.053458],[10.053374,57.052799],[10.055191,57.051197],[10.057006,57.051427],[10.057935,57.050573],[10.052035,57.048619],[10.053755,57.04708],[10.062651,57.050033],[10.063132,57.049854],[10.065634,57.048524],[10.065192,57.047336],[10.07646,57.04295],[10.074267,57.041709],[10.074448,57.041005],[10.081016,57.038265],[10.088769,57.036952],[10.096082,57.034346],[10.106973,57.028713],[10.11293,57.026272],[10.122834,57.020257],[10.124284,57.018599],[10.123963,57.017341],[10.125595,57.01661],[10.126234,57.015487],[10.137124,57.008924],[10.142305,57.007058],[10.147874,57.005829],[10.182417,56.990432],[10.187814,56.988986],[10.189285,56.987876],[10.192482,56.986851],[10.20113,56.98561],[10.205817,56.983766],[10.210622,56.98281],[10.213462,56.982774],[10.216272,56.981787],[10.220456,56.981411],[10.222608,56.980353],[10.226106,56.980906],[10.226977,56.981827],[10.227901,56.981542],[10.226937,56.981535],[10.226474,56.980783],[10.227095,56.980455],[10.228083,56.981481],[10.22802,56.980149],[10.230446,56.979222],[10.232847,56.978907],[10.241239,56.979408],[10.246735,56.979185],[10.253638,56.979855],[10.257843,56.98089],[10.260107,56.980753],[10.264632,56.981968],[10.265924,56.981884],[10.264943,56.981646],[10.26568,56.981418],[10.27327,56.982408],[10.275322,56.982264],[10.274428,56.98211],[10.275408,56.981799],[10.290678,56.982782],[10.300708,56.982709],[10.301917,56.983535],[10.302598,56.986451],[10.302913,56.986064],[10.303384,56.986381],[10.303876,56.985395],[10.307144,56.98477],[10.307719,56.98419],[10.307089,56.983551],[10.306327,56.984701],[10.305064,56.9848],[10.304411,56.983089],[10.306426,56.982831],[10.307033,56.983379],[10.306957,56.982255],[10.308134,56.981846],[10.307277,56.981045],[10.307999,56.980845],[10.304593,56.980576],[10.3026,56.978665],[10.301339,56.975303],[10.299391,56.973148],[10.298149,56.968433],[10.295617,56.967104],[10.295009,56.965772],[10.293927,56.965873],[10.293336,56.966478],[10.29196,56.966122],[10.291404,56.965401],[10.289663,56.965629],[10.287094,56.962335],[10.284009,56.961046],[10.285031,56.959326],[10.282558,56.958981],[10.282595,56.957901],[10.28477,56.957512],[10.283918,56.95626],[10.282968,56.956315],[10.283607,56.95524],[10.286888,56.955648],[10.288347,56.956526],[10.29015,56.954641],[10.28729,56.950264],[10.279163,56.94357],[10.276919,56.943272],[10.277465,56.94297],[10.27372,56.940131],[10.272988,56.938094],[10.272095,56.937676],[10.270176,56.924931],[10.27076,56.923645],[10.269436,56.920357],[10.270111,56.918248],[10.269369,56.917966],[10.269603,56.916743],[10.264498,56.907132],[10.265188,56.906431],[10.269131,56.905974],[10.264187,56.90624],[10.264663,56.904036],[10.264094,56.903469],[10.264631,56.903228],[10.262958,56.900604],[10.264183,56.897838],[10.263002,56.897404],[10.263777,56.896856],[10.265716,56.896861],[10.263539,56.89674],[10.26383,56.894178],[10.262804,56.893573],[10.262488,56.893797],[10.261797,56.893606],[10.263552,56.892654],[10.262923,56.892065],[10.263829,56.890772],[10.263915,56.890121],[10.263117,56.889792],[10.263999,56.888972],[10.263695,56.887838],[10.264448,56.887628],[10.266223,56.884928],[10.265669,56.884602],[10.266448,56.882606],[10.265601,56.881458],[10.266315,56.881498],[10.266563,56.880862],[10.265953,56.880619],[10.266624,56.880336],[10.265965,56.880038],[10.266464,56.879186],[10.265725,56.879252],[10.266427,56.8772],[10.265817,56.867987],[10.266878,56.854235],[10.269045,56.846422],[10.269606,56.85009],[10.271049,56.849725],[10.270303,56.849568],[10.270241,56.848844],[10.271511,56.848875],[10.270101,56.848689],[10.270421,56.847501],[10.271196,56.847628],[10.270289,56.847294],[10.27025,56.846188],[10.271189,56.846255],[10.270444,56.845802],[10.271462,56.845679],[10.270602,56.845671],[10.270128,56.84504],[10.270495,56.841568],[10.270835,56.841079],[10.27138,56.841273],[10.270608,56.839525],[10.271292,56.835755],[10.270605,56.834871],[10.271401,56.833871],[10.270898,56.830962],[10.275473,56.808648],[10.276474,56.806759],[10.278595,56.805159],[10.28174,56.805738],[10.283782,56.805563],[10.284891,56.805271],[10.283452,56.805502],[10.283099,56.804999],[10.28317,56.805522],[10.282154,56.805586],[10.281891,56.805088],[10.282563,56.805083],[10.281725,56.805006],[10.281878,56.80451],[10.283138,56.804488],[10.279402,56.804361],[10.279422,56.803936],[10.283251,56.804048],[10.283704,56.80499],[10.283688,56.804566],[10.285097,56.804856],[10.283333,56.803976],[10.277738,56.80363],[10.27651,56.802626],[10.276497,56.801348],[10.278703,56.798866],[10.280346,56.793168],[10.285852,56.784667],[10.287723,56.778336],[10.287074,56.777635],[10.288966,56.776706],[10.289387,56.775719],[10.286936,56.776456],[10.290372,56.768907],[10.291745,56.767556],[10.291391,56.766957],[10.292744,56.766498],[10.292188,56.765286],[10.29347,56.764819],[10.293111,56.764526],[10.293907,56.764134],[10.293204,56.763615],[10.295787,56.761271],[10.294678,56.761253],[10.2947,56.760151],[10.297402,56.75852],[10.297211,56.757007],[10.297959,56.756173],[10.297232,56.754915],[10.297859,56.753839],[10.299197,56.753307],[10.298578,56.753005],[10.29901,56.751994],[10.299618,56.751454],[10.301049,56.751388],[10.300973,56.750444],[10.301623,56.750427],[10.3013,56.750091],[10.306925,56.743789],[10.307678,56.743695],[10.310254,56.741331],[10.311394,56.741784],[10.312013,56.740866],[10.311586,56.740163],[10.312596,56.74005],[10.313026,56.738749],[10.316488,56.73694],[10.316234,56.736558],[10.317722,56.73596],[10.319049,56.734101],[10.32438,56.729899],[10.330575,56.726329],[10.332768,56.723759],[10.334137,56.721084],[10.334658,56.716456],[10.332823,56.714007],[10.331786,56.715049],[10.331167,56.714152],[10.332839,56.708715],[10.331735,56.707304],[10.32867,56.706642],[10.329422,56.705165],[10.323578,56.704569],[10.320921,56.706394],[10.311798,56.707931],[10.304929,56.710213],[10.300077,56.710922],[10.28486,56.710519],[10.281582,56.711035],[10.280354,56.711751],[10.279527,56.7112],[10.271554,56.712413],[10.262471,56.712738],[10.262025,56.712418],[10.261863,56.712752],[10.26115,56.712882],[10.261623,56.712652],[10.260937,56.712297],[10.259414,56.712976],[10.253083,56.71281],[10.24493,56.714207],[10.240743,56.715378],[10.239003,56.715332],[10.23596,56.716531],[10.235575,56.717335],[10.236692,56.717703],[10.236263,56.718484],[10.234768,56.718426],[10.230611,56.71954],[10.225675,56.720106],[10.218999,56.71959],[10.216056,56.717878],[10.20962,56.715603],[10.205816,56.712741],[10.203495,56.711702],[10.199554,56.705531],[10.198201,56.705742],[10.197368,56.705082],[10.183022,56.703013],[10.170748,56.707128],[10.167865,56.708558],[10.166122,56.708574],[10.165639,56.708192],[10.165856,56.709306],[10.161975,56.712104],[10.161006,56.714438],[10.161208,56.717171],[10.160075,56.717184],[10.16224,56.71793],[10.16317,56.719094],[10.162744,56.719524],[10.15822,56.719498],[10.150914,56.71744],[10.149803,56.718157],[10.152724,56.718883],[10.152376,56.719448],[10.146985,56.718903],[10.146945,56.719721],[10.143479,56.720563],[10.142955,56.719085],[10.141495,56.7185],[10.13782,56.718442],[10.134698,56.717697],[10.128062,56.717289],[10.127116,56.716726],[10.126851,56.717063],[10.125134,56.716767],[10.125349,56.716429],[10.124699,56.716727],[10.123337,56.716511],[10.118854,56.715355],[10.117746,56.71596],[10.118403,56.715115],[10.109048,56.711921],[10.107674,56.710678],[10.106564,56.710694],[10.105456,56.710036],[10.106314,56.710139],[10.10592,56.709801],[10.105086,56.710055],[10.103826,56.70909],[10.10438,56.708796],[10.102333,56.707657],[10.099878,56.704243],[10.099554,56.702599],[10.100418,56.70048],[10.096177,56.699974],[10.094466,56.699054],[10.092627,56.699042],[10.090838,56.69824],[10.086796,56.697417],[10.086133,56.696808],[10.082666,56.696251],[10.082824,56.69452],[10.08204,56.69389],[10.079762,56.693557],[10.076048,56.693798],[10.075046,56.693229],[10.07186,56.698931],[10.069886,56.69988],[10.061262,56.702022],[10.057507,56.701262],[10.056301,56.700752],[10.056538,56.70045],[10.056015,56.700726],[10.052886,56.699935],[10.051829,56.699241],[10.04646,56.699454],[10.044736,56.698987],[10.045081,56.698247],[10.044412,56.698827],[10.04468,56.698542],[10.043776,56.698692],[10.044104,56.698437],[10.043758,56.698389],[10.042744,56.698806],[10.041503,56.697268],[10.041893,56.696226],[10.038931,56.694883],[10.034572,56.694229],[10.027083,56.694792],[10.026032,56.694143],[10.024618,56.694436],[10.015978,56.690189],[10.014679,56.68763],[10.01322,56.68662],[10.013117,56.68558],[10.013782,56.68555],[10.013045,56.685091],[10.013766,56.684488],[10.013434,56.683271],[10.015046,56.681352],[10.006463,56.679711],[10.000619,56.681153],[9.995546,56.679401],[9.985793,56.678826],[9.978333,56.675529],[9.976655,56.673582],[9.971172,56.672124],[9.970537,56.671656],[9.970914,56.67119],[9.9701,56.67144],[9.970026,56.671408],[9.971229,56.67098],[9.967412,56.66929],[9.965703,56.667152],[9.963297,56.66574],[9.955425,56.665602],[9.953406,56.665836],[9.95174,56.666998],[9.94885,56.666796],[9.949297,56.665499],[9.950968,56.665182],[9.953654,56.663804],[9.953195,56.660533],[9.953978,56.65917],[9.956434,56.658103],[9.957605,56.658246],[9.957217,56.65797],[9.956199,56.658016],[9.951167,56.660232],[9.948641,56.660324],[9.943178,56.658283],[9.936338,56.656716],[9.934948,56.654902],[9.935486,56.653527],[9.933909,56.653623],[9.92978,56.655083],[9.927496,56.654292],[9.924934,56.654219],[9.923019,56.652893],[9.922669,56.651976],[9.91938,56.651994],[9.918071,56.651282],[9.912981,56.651465],[9.911425,56.651028],[9.909085,56.651923],[9.90148,56.652533],[9.893742,56.651997],[9.887925,56.650902],[9.887236,56.649542],[9.88343,56.650289],[9.878001,56.650167],[9.876389,56.650489],[9.873947,56.650313],[9.872262,56.649204],[9.86111,56.64905],[9.855341,56.650179],[9.848749,56.647554],[9.845963,56.646923],[9.845839,56.645804],[9.843713,56.646428],[9.841318,56.646468],[9.838508,56.64736],[9.831504,56.646344],[9.825504,56.646794],[9.820134,56.645947],[9.814139,56.643513],[9.812788,56.643981],[9.811058,56.643123],[9.809663,56.643126],[9.807102,56.641611],[9.805958,56.641673],[9.803126,56.640527],[9.803443,56.64025],[9.802136,56.639535],[9.79967,56.638667],[9.799877,56.638141],[9.802396,56.638029],[9.804954,56.638877],[9.804332,56.638526],[9.80539,56.638634],[9.806764,56.637551],[9.810131,56.637895],[9.81184,56.637576],[9.813828,56.638127],[9.815223,56.639678],[9.817119,56.640144],[9.818658,56.639541],[9.822392,56.639774],[9.827006,56.639285],[9.831278,56.639576],[9.833642,56.638165],[9.837084,56.638194],[9.840441,56.63696],[9.844816,56.636681],[9.847902,56.637403],[9.853536,56.641435],[9.860221,56.644481],[9.860849,56.644488],[9.861607,56.643549],[9.86369,56.643323],[9.867576,56.644216],[9.869001,56.643775],[9.871893,56.644008],[9.879374,56.645128],[9.880424,56.645656],[9.881447,56.64452],[9.883581,56.64419],[9.895136,56.645525],[9.898267,56.645292],[9.901267,56.645848],[9.904631,56.647331],[9.90522,56.6472],[9.904672,56.646926],[9.905282,56.645857],[9.90726,56.645242],[9.915623,56.645087],[9.92181,56.646645],[9.925114,56.645553],[9.933612,56.648028],[9.935728,56.64792],[9.940199,56.649956],[9.941847,56.648581],[9.944596,56.647749],[9.948409,56.64765],[9.952022,56.648801],[9.954443,56.648782],[9.959717,56.649845],[9.96536,56.652997],[9.968351,56.655517],[9.971348,56.654936],[9.97816,56.654937],[9.979646,56.654656],[9.98116,56.653088],[9.981589,56.653404],[9.98265,56.653007],[9.983031,56.653657],[9.985857,56.655021],[9.986337,56.656468],[9.986219,56.6571],[9.984043,56.657236],[9.982567,56.658494],[9.990053,56.661542],[9.990812,56.662533],[9.99064,56.663916],[9.992613,56.665185],[9.99364,56.665497],[9.997798,56.66475],[10.001182,56.665253],[10.003141,56.666086],[10.005108,56.668434],[10.008134,56.670501],[10.010664,56.671443],[10.01206,56.671414],[10.015846,56.669943],[10.019182,56.669516],[10.024687,56.672094],[10.02859,56.671586],[10.031418,56.672763],[10.032096,56.674096],[10.031562,56.676368],[10.032092,56.677827],[10.037669,56.680852],[10.038565,56.682341],[10.03836,56.682666],[10.038101,56.682674],[10.037812,56.682459],[10.037762,56.682478],[10.038722,56.683183],[10.039583,56.682416],[10.04459,56.684697],[10.045754,56.687191],[10.047187,56.687667],[10.048211,56.689589],[10.049174,56.689685],[10.049902,56.690457],[10.050689,56.689934],[10.050456,56.690701],[10.05544,56.691188],[10.057499,56.690743],[10.058751,56.691554],[10.059647,56.689554],[10.063422,56.687411],[10.071196,56.684523],[10.070697,56.683763],[10.072438,56.683782],[10.071539,56.684386],[10.0737,56.684138],[10.074049,56.683926],[10.072689,56.683948],[10.072673,56.683371],[10.073064,56.683676],[10.073659,56.68299],[10.076873,56.682263],[10.082454,56.682272],[10.083844,56.683043],[10.085879,56.683214],[10.086136,56.683785],[10.086705,56.683698],[10.086065,56.683307],[10.086549,56.682985],[10.087715,56.683346],[10.08719,56.684059],[10.086248,56.683857],[10.086704,56.684577],[10.09061,56.685037],[10.093206,56.688016],[10.09857,56.68837],[10.099476,56.688966],[10.098961,56.690504],[10.100233,56.690189],[10.101433,56.69133],[10.102804,56.691448],[10.109251,56.694285],[10.110031,56.695174],[10.109708,56.696113],[10.112049,56.696679],[10.112961,56.699996],[10.112226,56.702279],[10.112875,56.703043],[10.111499,56.703582],[10.112326,56.703909],[10.112572,56.70617],[10.114083,56.708384],[10.11657,56.710463],[10.116206,56.711035],[10.117551,56.711155],[10.118917,56.712882],[10.121522,56.712562],[10.124546,56.711202],[10.124833,56.710752],[10.12394,56.710352],[10.124556,56.709618],[10.127317,56.709295],[10.133002,56.710132],[10.136407,56.710135],[10.139436,56.707488],[10.153118,56.704584],[10.155358,56.704543],[10.155627,56.705244],[10.147488,56.70744],[10.153139,56.706886],[10.154283,56.706232],[10.15578,56.706623],[10.159703,56.706194],[10.164054,56.706359],[10.168817,56.701321],[10.1793,56.69553],[10.181438,56.693728],[10.182631,56.693499],[10.185389,56.688411],[10.186015,56.688458],[10.185772,56.687903],[10.189003,56.687033],[10.190174,56.685632],[10.192573,56.684578],[10.19411,56.684729],[10.196857,56.683335],[10.198213,56.684167],[10.198923,56.684102],[10.200073,56.683288],[10.203613,56.682529],[10.204777,56.681848],[10.210419,56.684089],[10.215135,56.685256],[10.22021,56.687525],[10.224366,56.688563],[10.228497,56.690661],[10.233635,56.691971],[10.239112,56.694377],[10.247293,56.696562],[10.251565,56.698221],[10.265715,56.698641],[10.267525,56.698242],[10.269878,56.696606],[10.274552,56.695731],[10.27568,56.694679],[10.277631,56.694776],[10.284244,56.693383],[10.301414,56.696817],[10.30952,56.701053],[10.338456,56.701477],[10.349479,56.695517],[10.352683,56.693251],[10.363097,56.662042],[10.361305,56.661002],[10.359741,56.661331],[10.35243,56.661131],[10.349979,56.659696],[10.351008,56.658917],[10.350849,56.658073],[10.349058,56.658529],[10.35168,56.656732],[10.353602,56.654034],[10.354314,56.654053],[10.353849,56.652971],[10.351199,56.655031],[10.349604,56.655901],[10.34799,56.656495],[10.351305,56.654726],[10.355287,56.650372],[10.358061,56.648874],[10.35939,56.647316],[10.360239,56.644234],[10.35954,56.644082],[10.358577,56.637317],[10.354388,56.633721],[10.354681,56.63499],[10.353765,56.634681],[10.352701,56.633468],[10.353148,56.632422],[10.343011,56.62286],[10.335627,56.620603],[10.335874,56.620005],[10.328507,56.619675],[10.327449,56.619029],[10.319775,56.6174],[10.316101,56.615222],[10.307386,56.612669],[10.306065,56.611837],[10.307632,56.611041],[10.306767,56.610225],[10.307229,56.610837],[10.306495,56.611234],[10.305136,56.610596],[10.303772,56.610704],[10.3028,56.609986],[10.305999,56.609914],[10.303879,56.609643],[10.30155,56.610156],[10.3002,56.608906],[10.299914,56.609381],[10.298758,56.609443],[10.292321,56.606332],[10.289184,56.604284],[10.289135,56.603748],[10.288113,56.602371],[10.286639,56.601172],[10.285165,56.601015],[10.287239,56.602349],[10.28889,56.603802],[10.284614,56.600937],[10.284424,56.600355],[10.283783,56.60048],[10.284762,56.599721],[10.283378,56.599188],[10.283666,56.59992],[10.282169,56.597874],[10.279648,56.596405],[10.278191,56.594044],[10.274646,56.59128],[10.275739,56.592007],[10.277164,56.591211],[10.279105,56.591946],[10.279885,56.592436],[10.27916,56.592516],[10.279052,56.593121],[10.280073,56.593747],[10.282804,56.592709],[10.283023,56.591874],[10.28233,56.59136],[10.276494,56.5897],[10.273588,56.589963],[10.274559,56.591115],[10.272459,56.589413],[10.269024,56.588135],[10.264667,56.588219],[10.260027,56.58496],[10.254862,56.58312],[10.254005,56.582478],[10.253873,56.580375],[10.251064,56.578576],[10.244587,56.579801],[10.246211,56.579384],[10.245016,56.579413],[10.244819,56.57854],[10.244312,56.579917],[10.242502,56.580292],[10.244251,56.579671],[10.24492,56.577197],[10.244888,56.578502],[10.246528,56.578076],[10.243359,56.575363],[10.243831,56.574196],[10.242866,56.573829],[10.243943,56.572235],[10.242595,56.570677],[10.24339,56.568829],[10.24254,56.568307],[10.241145,56.568723],[10.240222,56.568041],[10.240362,56.567235],[10.241586,56.567103],[10.241622,56.566534],[10.23663,56.561355],[10.235732,56.558787],[10.231862,56.555614],[10.23016,56.554807],[10.227656,56.554567],[10.225161,56.555211],[10.221849,56.555274],[10.221941,56.554603],[10.220516,56.554229],[10.219552,56.553137],[10.220657,56.552754],[10.220591,56.552311],[10.218667,56.552016],[10.2194,56.550745],[10.217927,56.549503],[10.218566,56.548248],[10.216486,56.547042],[10.216622,56.546641],[10.218567,56.546549],[10.218509,56.545376],[10.217246,56.545074],[10.215822,56.543704],[10.216179,56.54291],[10.215369,56.542679],[10.214925,56.543057],[10.215119,56.542587],[10.215771,56.542738],[10.2165,56.542235],[10.217816,56.540873],[10.216892,56.539064],[10.217448,56.537122],[10.216882,56.534542],[10.218618,56.5329],[10.218307,56.531587],[10.220762,56.526548],[10.220419,56.525645],[10.221348,56.525011],[10.222339,56.525905],[10.222951,56.524596],[10.224521,56.524434],[10.224378,56.524138],[10.222827,56.524345],[10.222779,56.523927],[10.224204,56.523723],[10.22449,56.524042],[10.224303,56.523623],[10.223095,56.523604],[10.223124,56.523076],[10.224227,56.520698],[10.225569,56.52061],[10.223414,56.520492],[10.22545,56.520287],[10.223981,56.519766],[10.22349,56.520185],[10.223436,56.520163],[10.224237,56.5184],[10.224072,56.51972],[10.22463,56.518626],[10.224052,56.514591],[10.225044,56.514561],[10.224709,56.513538],[10.225319,56.513265],[10.223895,56.507378],[10.22634,56.506246],[10.227766,56.503236],[10.222974,56.494605],[10.221853,56.494831],[10.222886,56.494446],[10.214098,56.4779],[10.21195,56.475342],[10.207375,56.473061],[10.202581,56.472293],[10.193248,56.472769],[10.183109,56.472181],[10.174922,56.469721],[10.170177,56.468995],[10.167784,56.467718],[10.161695,56.465888],[10.155948,56.464763],[10.152959,56.464391],[10.152496,56.464741],[10.152594,56.464269],[10.149766,56.462985],[10.13215,56.457823],[10.126014,56.457977],[10.120105,56.459543],[10.119356,56.459972],[10.119464,56.460217],[10.119472,56.461298],[10.117186,56.464193],[10.116795,56.466308],[10.11649,56.466453],[10.115035,56.466599],[10.114697,56.466533],[10.114715,56.465631],[10.112679,56.466091],[10.103757,56.466465],[10.102044,56.466113],[10.101905,56.466384],[10.101408,56.466723],[10.099188,56.46671],[10.09799,56.467254],[10.094409,56.467088],[10.093591,56.467724],[10.091819,56.467922],[10.090769,56.467415],[10.089086,56.467401],[10.088137,56.46794],[10.084466,56.468048],[10.082717,56.4678],[10.083589,56.467817],[10.082865,56.467596],[10.083237,56.466761],[10.080914,56.467283],[10.077061,56.466628],[10.076318,56.466033],[10.074422,56.466065],[10.07409,56.465721],[10.075947,56.464074],[10.067305,56.463633],[10.054997,56.462222],[10.053892,56.463276],[10.054021,56.462686],[10.050558,56.461848],[10.050665,56.461256],[10.041864,56.458634],[10.042196,56.458006],[10.050102,56.46036],[10.050568,56.459922],[10.056319,56.461525],[10.060509,56.462086],[10.061128,56.461839],[10.047583,56.457649],[10.039617,56.456881],[10.04016,56.456311],[10.044702,56.456702],[10.046423,56.456109],[10.048165,56.457121],[10.063819,56.4619],[10.063601,56.46135],[10.064632,56.461682],[10.063981,56.461974],[10.067047,56.46267],[10.090805,56.464596],[10.091455,56.463887],[10.093997,56.464416],[10.101039,56.463048],[10.102473,56.463219],[10.106581,56.462516],[10.126514,56.456521],[10.131011,56.45609],[10.138039,56.45791],[10.140905,56.459411],[10.145556,56.460463],[10.146435,56.46112],[10.153534,56.463369],[10.154336,56.463557],[10.155114,56.462937],[10.154784,56.463683],[10.1609,56.464587],[10.183217,56.471319],[10.192222,56.47206],[10.198662,56.471172],[10.201126,56.471307],[10.201123,56.470709],[10.201366,56.471337],[10.206065,56.47188],[10.205257,56.471503],[10.205606,56.470787],[10.205612,56.47149],[10.206608,56.471206],[10.206363,56.471778],[10.210452,56.472543],[10.214276,56.472659],[10.215581,56.473281],[10.216071,56.472338],[10.215678,56.47331],[10.216134,56.473597],[10.216624,56.47246],[10.21633,56.473742],[10.219695,56.474901],[10.224498,56.473868],[10.225902,56.474063],[10.237424,56.470378],[10.241987,56.469365],[10.243711,56.4695],[10.247051,56.46837],[10.251513,56.467656],[10.258596,56.46727],[10.265173,56.468325],[10.27106,56.468562],[10.271985,56.469483],[10.277726,56.470018],[10.284416,56.469479],[10.284761,56.468821],[10.28482,56.46946],[10.294134,56.469421],[10.293733,56.468036],[10.294397,56.469472],[10.294022,56.468114],[10.294673,56.469684],[10.293318,56.469741],[10.294411,56.470291],[10.292148,56.471458],[10.285695,56.471681],[10.280614,56.47089],[10.274505,56.472608],[10.272122,56.472252],[10.265995,56.473202],[10.259783,56.472673],[10.259527,56.472321],[10.249996,56.472133],[10.244079,56.473716],[10.242672,56.474569],[10.240416,56.47422],[10.239079,56.47468],[10.239857,56.475112],[10.239041,56.476113],[10.237069,56.476753],[10.236571,56.4774],[10.23484,56.477719],[10.235106,56.478044],[10.233424,56.47821],[10.234098,56.479071],[10.233078,56.480115],[10.230143,56.480551],[10.226363,56.479678],[10.224137,56.480285],[10.222815,56.479969],[10.222084,56.478787],[10.21795,56.480823],[10.219134,56.482106],[10.222009,56.480432],[10.223847,56.480482],[10.224933,56.481647],[10.225979,56.481496],[10.227285,56.482081],[10.2268,56.48277],[10.227748,56.483277],[10.228625,56.485062],[10.229705,56.485346],[10.229719,56.48476],[10.231133,56.484554],[10.23062,56.484768],[10.231609,56.485549],[10.230223,56.485631],[10.230022,56.486017],[10.231399,56.486507],[10.231097,56.48704],[10.232176,56.487582],[10.233378,56.490196],[10.232951,56.490724],[10.233374,56.491472],[10.23433,56.491717],[10.234573,56.494901],[10.235178,56.495373],[10.234385,56.49737],[10.234848,56.498057],[10.233394,56.499175],[10.234831,56.500735],[10.232754,56.502019],[10.234095,56.501954],[10.234427,56.502576],[10.235087,56.502443],[10.236767,56.502963],[10.23828,56.502682],[10.237538,56.502544],[10.236251,56.501787],[10.236454,56.501131],[10.237949,56.500654],[10.238085,56.501385],[10.23899,56.501281],[10.237574,56.502389],[10.238284,56.502583],[10.238302,56.502784],[10.236852,56.502972],[10.237696,56.503307],[10.236415,56.503599],[10.236673,56.504033],[10.23557,56.503394],[10.23426,56.503589],[10.234488,56.504673],[10.23313,56.504675],[10.232444,56.5053],[10.234832,56.507003],[10.234887,56.507648],[10.233521,56.507429],[10.23274,56.507976],[10.23477,56.510374],[10.233984,56.511194],[10.234893,56.511632],[10.233834,56.512617],[10.234484,56.513952],[10.234052,56.516732],[10.233021,56.517164],[10.233088,56.518686],[10.231825,56.519706],[10.230161,56.519867],[10.231033,56.519906],[10.230342,56.520594],[10.230814,56.531404],[10.231805,56.531455],[10.230819,56.531499],[10.231365,56.544897],[10.232931,56.544013],[10.232982,56.542074],[10.235761,56.541556],[10.236751,56.541778],[10.242073,56.548317],[10.245595,56.549744],[10.24609,56.549602],[10.244954,56.548876],[10.24848,56.54934],[10.247471,56.549221],[10.24786,56.549569],[10.24608,56.549834],[10.247595,56.550158],[10.249718,56.549784],[10.252704,56.551339],[10.251784,56.552632],[10.255687,56.553654],[10.254674,56.553894],[10.252746,56.557218],[10.253066,56.559371],[10.258056,56.563216],[10.260963,56.563786],[10.262014,56.564428],[10.26751,56.570926],[10.270486,56.573296],[10.270295,56.574362],[10.272511,56.575585],[10.273222,56.576591],[10.275447,56.576889],[10.282532,56.57975],[10.287231,56.580503],[10.288197,56.581988],[10.2911,56.583741],[10.292316,56.585805],[10.29485,56.586258],[10.296933,56.587876],[10.298711,56.588168],[10.301089,56.591012],[10.302661,56.591444],[10.303089,56.592798],[10.301351,56.595497],[10.302032,56.599021],[10.300746,56.59936],[10.299911,56.600281],[10.300835,56.603517],[10.301754,56.604223],[10.301289,56.604915],[10.301999,56.605902],[10.301086,56.606339],[10.301582,56.606939],[10.301244,56.606419],[10.301978,56.606231],[10.301776,56.607133],[10.302658,56.607321],[10.302739,56.606863],[10.307657,56.607138],[10.311508,56.606341],[10.315205,56.603671],[10.315851,56.60231],[10.318573,56.601003],[10.322151,56.600426],[10.326999,56.60104],[10.3276,56.600499],[10.329049,56.600495],[10.329327,56.5998],[10.330526,56.599386],[10.341441,56.596615],[10.343333,56.595635],[10.345043,56.592142],[10.343775,56.590619],[10.344872,56.590271],[10.345112,56.589375],[10.343786,56.588975],[10.34355,56.586876],[10.344914,56.586987],[10.344302,56.586464],[10.345078,56.586216],[10.343156,56.586049],[10.344523,56.585789],[10.34464,56.585232],[10.34376,56.585217],[10.34471,56.584652],[10.343939,56.584241],[10.345385,56.58414],[10.344657,56.582993],[10.345469,56.582613],[10.345064,56.581721],[10.34629,56.580544],[10.344941,56.580713],[10.346221,56.57946],[10.346528,56.577478],[10.347316,56.577311],[10.347237,56.576123],[10.348141,56.576095],[10.34766,56.575277],[10.348748,56.575118],[10.348142,56.574953],[10.348935,56.573721],[10.349911,56.57379],[10.349781,56.573134],[10.349394,56.57315],[10.348773,56.57288],[10.34975,56.573033],[10.349408,56.572576],[10.350439,56.572314],[10.349943,56.571879],[10.351147,56.5718],[10.351114,56.57165],[10.350433,56.571642],[10.350132,56.571519],[10.351516,56.57097],[10.35132,56.570121],[10.352639,56.569493],[10.353278,56.568224],[10.354384,56.568019],[10.35441,56.567004],[10.35538,56.566725],[10.355852,56.565652],[10.357214,56.565253],[10.357048,56.564579],[10.357927,56.56465],[10.357834,56.564046],[10.360052,56.562435],[10.359697,56.562094],[10.361194,56.56075],[10.362748,56.560277],[10.363921,56.559365],[10.363461,56.559105],[10.36533,56.558515],[10.365005,56.558105],[10.368284,56.55591],[10.36851,56.555089],[10.37,56.554714],[10.369945,56.554027],[10.371211,56.553791],[10.372521,56.552273],[10.374147,56.551844],[10.374824,56.550765],[10.376056,56.550569],[10.376321,56.549501],[10.378373,56.549047],[10.37826,56.548361],[10.381967,56.546578],[10.38494,56.544175],[10.386977,56.543686],[10.388631,56.541905],[10.392494,56.539771],[10.39363,56.539595],[10.39388,56.539007],[10.397662,56.537008],[10.399232,56.536397],[10.402113,56.536199],[10.401842,56.535731],[10.402567,56.535822],[10.403753,56.535047],[10.404054,56.534063],[10.405229,56.533955],[10.405311,56.533242],[10.407534,56.532482],[10.407796,56.531974],[10.424252,56.526182],[10.430903,56.524401],[10.440926,56.522864],[10.466338,56.52075],[10.496473,56.514395],[10.506847,56.513113],[10.524149,56.512717],[10.538935,56.513031],[10.559228,56.514405],[10.571954,56.516917],[10.587592,56.51749],[10.597031,56.519066],[10.605819,56.519585],[10.610261,56.520452],[10.62231,56.523959],[10.636919,56.526137],[10.644179,56.526553],[10.650273,56.526372],[10.657795,56.526983],[10.663304,56.527643],[10.670266,56.529615],[10.672627,56.529573],[10.674097,56.530029],[10.694779,56.530302],[10.697289,56.530812],[10.701142,56.530362],[10.706977,56.530664],[10.708503,56.531381],[10.708111,56.532117],[10.708612,56.532606],[10.709155,56.532354],[10.709754,56.533807],[10.710494,56.53419],[10.712296,56.53738],[10.712799,56.537552],[10.709233,56.531962],[10.711269,56.531778],[10.711512,56.532895],[10.710646,56.533758],[10.712142,56.533109],[10.712132,56.533644],[10.710996,56.533876],[10.712239,56.533963],[10.712203,56.534538],[10.711607,56.534533],[10.711357,56.534684],[10.712783,56.534514],[10.712816,56.53313],[10.714578,56.533099],[10.714451,56.534291],[10.713069,56.53506],[10.712452,56.534859],[10.711876,56.535033],[10.713043,56.535169],[10.712579,56.536009],[10.713184,56.535182],[10.71433,56.53568],[10.713953,56.537546],[10.714343,56.537367],[10.714765,56.532589],[10.715471,56.532745],[10.716394,56.531724],[10.71502,56.531665],[10.71499,56.530764],[10.726803,56.531302],[10.728071,56.532048],[10.728907,56.531852],[10.739023,56.533201],[10.740804,56.53322],[10.737869,56.532624],[10.741004,56.532793],[10.756095,56.535383],[10.765861,56.537748],[10.769438,56.538117],[10.773366,56.537543],[10.784463,56.538034],[10.794886,56.537466],[10.808511,56.533725],[10.817727,56.532078],[10.826321,56.531089],[10.837056,56.530718],[10.853922,56.520509],[10.857465,56.518899],[10.861585,56.517786],[10.862381,56.51704],[10.865113,56.513993],[10.867189,56.509943],[10.87049,56.495754],[10.87382,56.490155],[10.875972,56.488041],[10.880338,56.485833],[10.888764,56.484152],[10.892474,56.481908],[10.899254,56.480815],[10.915751,56.471512],[10.92612,56.469638],[10.928923,56.467342],[10.930938,56.466784],[10.935172,56.463893],[10.939077,56.460209],[10.94446,56.458004],[10.947527,56.45745],[10.950067,56.456412],[10.950708,56.454422],[10.953175,56.452704],[10.951892,56.451081],[10.952689,56.448465],[10.955009,56.446037],[10.958053,56.44514],[10.958839,56.44416],[10.958979,56.441955],[10.956376,56.437869],[10.955074,56.436871],[10.953936,56.436664],[10.949427,56.437353],[10.945491,56.437002],[10.941537,56.435709],[10.935226,56.43236],[10.928015,56.42502],[10.937858,56.422416],[10.935435,56.417744],[10.935221,56.418675],[10.936851,56.420708],[10.932473,56.421774],[10.927555,56.415573],[10.924812,56.416199],[10.924008,56.415984],[10.922048,56.413534],[10.923264,56.41305],[10.921608,56.412912],[10.922372,56.410932],[10.925675,56.411267],[10.926685,56.410223],[10.923465,56.410028],[10.923637,56.409295],[10.921627,56.408978],[10.921912,56.408109],[10.923874,56.408305],[10.923735,56.409047],[10.925233,56.40909],[10.926038,56.409794],[10.925531,56.408654],[10.927144,56.409352],[10.927713,56.408895],[10.928359,56.410361],[10.928813,56.410208],[10.929185,56.410918],[10.931292,56.41294],[10.935673,56.415579],[10.938157,56.416696],[10.929293,56.410752],[10.927097,56.405773],[10.927769,56.405602],[10.922114,56.406599],[10.920402,56.404346],[10.921114,56.403174],[10.92289,56.40329],[10.924289,56.402602],[10.926052,56.402922],[10.924445,56.402491],[10.922956,56.402863],[10.92153,56.401593],[10.920766,56.397657],[10.921379,56.392631],[10.918915,56.390556],[10.916687,56.387069],[10.915083,56.381608],[10.914242,56.350665],[10.914858,56.34531],[10.913984,56.342939],[10.898101,56.331187],[10.889031,56.322666],[10.884654,56.320231],[10.871938,56.310975],[10.868443,56.307268],[10.866276,56.303046],[10.86367,56.299925],[10.855447,56.296489],[10.848632,56.295537],[10.843622,56.293712],[10.839015,56.291172],[10.833831,56.287237],[10.826304,56.27895],[10.822652,56.27338],[10.81988,56.2673],[10.812829,56.257938],[10.797468,56.249495],[10.793216,56.246197],[10.791737,56.244187],[10.787853,56.24388],[10.783831,56.24285],[10.778486,56.243359],[10.770726,56.241301],[10.751049,56.231345],[10.747012,56.228544],[10.742854,56.224421],[10.739193,56.219137],[10.735803,56.212545],[10.734163,56.205691],[10.734472,56.197234],[10.736428,56.191787],[10.738191,56.182571],[10.739801,56.180056],[10.737328,56.178105],[10.73409,56.168549],[10.728318,56.162066],[10.72649,56.15723],[10.72168,56.149412],[10.714348,56.141959],[10.693596,56.140574],[10.686743,56.142202],[10.679781,56.145921],[10.679263,56.147291],[10.68161,56.150079],[10.681056,56.151078],[10.673134,56.148726],[10.671181,56.148464],[10.681009,56.151121],[10.681134,56.151858],[10.684471,56.152938],[10.687176,56.151931],[10.686863,56.150874],[10.688106,56.149456],[10.689701,56.149001],[10.692614,56.149821],[10.694495,56.151107],[10.693462,56.152128],[10.693013,56.152194],[10.694029,56.151077],[10.692136,56.150616],[10.692307,56.149928],[10.690311,56.149381],[10.689804,56.150265],[10.68827,56.149944],[10.687505,56.150814],[10.688194,56.151144],[10.688724,56.1504],[10.689646,56.150978],[10.690648,56.149947],[10.691302,56.150162],[10.690936,56.150548],[10.693136,56.151163],[10.69282,56.15149],[10.691926,56.15103],[10.691515,56.151466],[10.692686,56.1519],[10.690538,56.151234],[10.690248,56.151489],[10.692172,56.152263],[10.691219,56.152072],[10.691327,56.152889],[10.689795,56.152638],[10.690055,56.152284],[10.68909,56.152019],[10.687975,56.152367],[10.68915,56.153124],[10.689697,56.152709],[10.69145,56.153413],[10.692943,56.15228],[10.691691,56.153646],[10.68904,56.15338],[10.68741,56.152729],[10.684998,56.153322],[10.675293,56.150567],[10.680652,56.152401],[10.678024,56.155044],[10.675018,56.156276],[10.670959,56.155252],[10.669695,56.153159],[10.664996,56.152042],[10.669473,56.153196],[10.667968,56.153887],[10.666101,56.153449],[10.667697,56.154142],[10.66659,56.154589],[10.667872,56.156234],[10.667161,56.156537],[10.663702,56.153509],[10.667071,56.156634],[10.668821,56.157315],[10.670045,56.156978],[10.669341,56.157233],[10.669476,56.158163],[10.667666,56.159153],[10.659792,56.161218],[10.658346,56.159817],[10.659499,56.154749],[10.658048,56.159935],[10.659293,56.161055],[10.651787,56.164744],[10.647052,56.167911],[10.640594,56.174388],[10.636625,56.18196],[10.636256,56.18507],[10.637311,56.187216],[10.639533,56.188284],[10.643273,56.188306],[10.651179,56.185753],[10.656067,56.18364],[10.653008,56.184647],[10.654458,56.183221],[10.663814,56.185184],[10.668046,56.187887],[10.667706,56.189526],[10.66685,56.189984],[10.66786,56.191205],[10.666977,56.189992],[10.669396,56.189615],[10.669459,56.192337],[10.668378,56.192585],[10.66714,56.191192],[10.667012,56.191208],[10.668325,56.193242],[10.668951,56.193285],[10.668287,56.193401],[10.668722,56.193969],[10.667773,56.193237],[10.668569,56.196383],[10.669156,56.196625],[10.668401,56.194844],[10.671271,56.194758],[10.670572,56.195046],[10.671335,56.195982],[10.669956,56.196296],[10.670167,56.196839],[10.671957,56.197525],[10.673042,56.197426],[10.673683,56.19876],[10.672202,56.198874],[10.668421,56.19718],[10.673559,56.199731],[10.675315,56.199929],[10.677181,56.203558],[10.675946,56.210625],[10.671496,56.216854],[10.663917,56.22221],[10.656654,56.225434],[10.653802,56.226047],[10.651187,56.22567],[10.65088,56.225019],[10.642322,56.226856],[10.636871,56.227094],[10.633284,56.22624],[10.630977,56.226303],[10.622109,56.227927],[10.619941,56.226738],[10.617861,56.22695],[10.620104,56.226942],[10.620729,56.227413],[10.620135,56.227638],[10.619024,56.227149],[10.61778,56.227789],[10.614018,56.228058],[10.606738,56.227879],[10.602902,56.227172],[10.598838,56.224708],[10.597875,56.223237],[10.59,56.22141],[10.58564,56.219489],[10.582408,56.215329],[10.582326,56.213063],[10.577198,56.209247],[10.576582,56.20607],[10.577119,56.202849],[10.562209,56.196942],[10.555784,56.189457],[10.544053,56.182366],[10.535912,56.173875],[10.535471,56.17016],[10.533624,56.167517],[10.533126,56.162442],[10.535719,56.159521],[10.54257,56.154145],[10.544022,56.151454],[10.547549,56.149527],[10.550805,56.148674],[10.552933,56.146478],[10.554049,56.143267],[10.553406,56.138352],[10.553861,56.133881],[10.555537,56.131281],[10.557632,56.12992],[10.558901,56.1243],[10.557172,56.113484],[10.552364,56.109462],[10.548262,56.104288],[10.545417,56.101895],[10.54351,56.102552],[10.538707,56.101987],[10.524335,56.098111],[10.518534,56.096987],[10.513027,56.094653],[10.511973,56.094847],[10.510992,56.095756],[10.50592,56.104889],[10.496673,56.114601],[10.491613,56.125033],[10.488409,56.1293],[10.482773,56.134761],[10.481082,56.139687],[10.482496,56.140474],[10.485072,56.143487],[10.487338,56.144921],[10.49105,56.146192],[10.49503,56.146459],[10.502475,56.145584],[10.505226,56.14571],[10.509525,56.144409],[10.512572,56.144582],[10.514154,56.145362],[10.513934,56.145711],[10.514109,56.145858],[10.515032,56.144692],[10.517492,56.145373],[10.520571,56.149184],[10.522531,56.156039],[10.526276,56.158505],[10.527015,56.162673],[10.529246,56.164791],[10.528669,56.167771],[10.524743,56.170999],[10.519786,56.17263],[10.513944,56.172095],[10.510198,56.170965],[10.510232,56.170308],[10.509102,56.170868],[10.506708,56.169752],[10.504492,56.170144],[10.504787,56.169439],[10.503607,56.168959],[10.505364,56.16903],[10.505018,56.168588],[10.506784,56.168503],[10.507239,56.169678],[10.508227,56.168923],[10.508447,56.16795],[10.506371,56.167503],[10.501761,56.16907],[10.492014,56.170619],[10.484063,56.17433],[10.482028,56.175839],[10.473463,56.179143],[10.463044,56.180966],[10.451037,56.181674],[10.444409,56.180747],[10.438571,56.178404],[10.435992,56.175884],[10.436431,56.174455],[10.434326,56.173019],[10.433895,56.170282],[10.43294,56.169329],[10.429093,56.166849],[10.42476,56.165664],[10.422393,56.163755],[10.419265,56.16246],[10.40882,56.162567],[10.399221,56.161883],[10.394587,56.162242],[10.387642,56.163788],[10.379534,56.167292],[10.377888,56.168803],[10.378271,56.172018],[10.376769,56.175428],[10.37711,56.177569],[10.374205,56.180862],[10.373377,56.180819],[10.372654,56.181201],[10.374932,56.180961],[10.374864,56.181526],[10.372966,56.181266],[10.375529,56.181987],[10.373832,56.184524],[10.368617,56.187647],[10.357726,56.192531],[10.352472,56.193367],[10.348662,56.191788],[10.346998,56.192377],[10.346271,56.195151],[10.347722,56.200887],[10.351236,56.202456],[10.352527,56.202661],[10.350948,56.201909],[10.356527,56.200915],[10.357916,56.20026],[10.358176,56.199595],[10.355695,56.201026],[10.355182,56.201031],[10.355931,56.2007],[10.356154,56.20031],[10.354199,56.200843],[10.351568,56.200404],[10.352147,56.200806],[10.3513,56.200805],[10.35035,56.200274],[10.353586,56.200207],[10.357779,56.198921],[10.359788,56.198992],[10.36115,56.200066],[10.364842,56.199696],[10.365002,56.200012],[10.369251,56.200167],[10.368517,56.200655],[10.375955,56.200512],[10.383637,56.203474],[10.390807,56.204978],[10.391244,56.205386],[10.392682,56.205198],[10.399458,56.206247],[10.403284,56.207505],[10.406472,56.207479],[10.40762,56.208317],[10.408817,56.211457],[10.411967,56.211507],[10.410575,56.211571],[10.409844,56.212082],[10.41195,56.212358],[10.411702,56.213828],[10.410646,56.21395],[10.410975,56.214741],[10.409235,56.216594],[10.409497,56.217493],[10.410984,56.217566],[10.410075,56.218146],[10.411605,56.217646],[10.412923,56.218807],[10.41818,56.219658],[10.420426,56.218954],[10.421221,56.219296],[10.423105,56.218848],[10.425516,56.218938],[10.426102,56.218084],[10.427628,56.219089],[10.42665,56.219212],[10.427053,56.22074],[10.428467,56.220043],[10.436748,56.220986],[10.437178,56.219917],[10.438936,56.219523],[10.441425,56.220249],[10.433887,56.217467],[10.428822,56.211506],[10.425079,56.209487],[10.425726,56.208241],[10.4282,56.207952],[10.430018,56.207056],[10.431524,56.204604],[10.433926,56.203296],[10.434314,56.2017],[10.435338,56.201297],[10.440561,56.200313],[10.441551,56.200318],[10.4418,56.200754],[10.442492,56.200169],[10.452085,56.200337],[10.453436,56.199937],[10.456745,56.197606],[10.459834,56.197477],[10.464035,56.19848],[10.466753,56.199757],[10.471526,56.203183],[10.470949,56.204286],[10.471146,56.204482],[10.472257,56.204813],[10.472506,56.204535],[10.472169,56.204773],[10.471154,56.204338],[10.47173,56.203764],[10.472683,56.204279],[10.473037,56.203115],[10.475386,56.203588],[10.480573,56.206911],[10.480847,56.207786],[10.479756,56.208693],[10.480098,56.210494],[10.479103,56.21133],[10.47717,56.211862],[10.475944,56.213768],[10.475955,56.215316],[10.473985,56.217038],[10.471991,56.217737],[10.470156,56.220027],[10.46824,56.220756],[10.469118,56.223233],[10.471566,56.224906],[10.471325,56.225402],[10.470096,56.2256],[10.470149,56.226682],[10.467999,56.228454],[10.466663,56.228859],[10.463023,56.228328],[10.461527,56.228547],[10.461916,56.229301],[10.460864,56.229783],[10.457344,56.22989],[10.448767,56.224028],[10.44687,56.226877],[10.447058,56.228141],[10.453395,56.231688],[10.463823,56.240644],[10.465332,56.240979],[10.467154,56.240513],[10.468187,56.240748],[10.471899,56.243674],[10.473369,56.24369],[10.475118,56.244473],[10.476894,56.246515],[10.476658,56.24721],[10.480504,56.249373],[10.483576,56.252375],[10.484236,56.254818],[10.483724,56.258705],[10.485044,56.260268],[10.491301,56.262349],[10.496861,56.262115],[10.498524,56.261669],[10.491391,56.261897],[10.494864,56.261012],[10.498305,56.261654],[10.505562,56.260563],[10.508021,56.26233],[10.508684,56.265421],[10.507355,56.266735],[10.504311,56.267234],[10.504479,56.268429],[10.501643,56.269556],[10.501991,56.271268],[10.504029,56.271349],[10.505177,56.273123],[10.505359,56.274402],[10.504041,56.275697],[10.497322,56.27725],[10.495707,56.276436],[10.495003,56.277376],[10.493774,56.277682],[10.49312,56.27673],[10.495921,56.276034],[10.493218,56.276593],[10.49286,56.276822],[10.49348,56.277649],[10.4894,56.278593],[10.487177,56.280067],[10.486072,56.281808],[10.483523,56.282688],[10.48049,56.282541],[10.47787,56.279808],[10.475021,56.278565],[10.472852,56.275775],[10.473527,56.273357],[10.472942,56.272596],[10.468638,56.273173],[10.465996,56.274094],[10.465323,56.274977],[10.466014,56.275623],[10.470702,56.275942],[10.472457,56.276559],[10.474687,56.278597],[10.474599,56.279833],[10.472804,56.281089],[10.471126,56.281277],[10.469595,56.280852],[10.472737,56.28099],[10.466969,56.28009],[10.464454,56.280735],[10.459039,56.280457],[10.453959,56.282995],[10.452704,56.28818],[10.455659,56.290702],[10.455559,56.291825],[10.456638,56.293058],[10.455901,56.294079],[10.453462,56.295134],[10.45251,56.295147],[10.450776,56.294294],[10.449261,56.291602],[10.446512,56.291181],[10.443825,56.291736],[10.435165,56.295095],[10.42996,56.295728],[10.426038,56.294946],[10.42494,56.293145],[10.420543,56.292901],[10.41923,56.292241],[10.417967,56.290484],[10.416527,56.289976],[10.414583,56.290225],[10.414808,56.290827],[10.411951,56.292154],[10.40879,56.292852],[10.405944,56.292819],[10.403727,56.291401],[10.401787,56.291019],[10.398672,56.291229],[10.398569,56.292011],[10.397231,56.292549],[10.394145,56.292381],[10.39291,56.292974],[10.389187,56.292376],[10.388684,56.291345],[10.3861,56.289694],[10.384639,56.289994],[10.382804,56.289484],[10.380797,56.287941],[10.380543,56.287417],[10.380654,56.286849],[10.382968,56.283824],[10.380663,56.287195],[10.381103,56.28808],[10.383647,56.283069],[10.385553,56.281567],[10.387248,56.281104],[10.387277,56.280258],[10.388552,56.279506],[10.389117,56.278261],[10.379881,56.271676],[10.375986,56.2698],[10.370342,56.269838],[10.370515,56.270411],[10.369258,56.271323],[10.367114,56.27209],[10.361855,56.271985],[10.3568,56.267976],[10.349455,56.264067],[10.345585,56.262758],[10.343974,56.260435],[10.345295,56.258242],[10.346912,56.257254],[10.347575,56.25424],[10.347002,56.252511],[10.348079,56.251675],[10.346602,56.251971],[10.352972,56.247861],[10.348146,56.24629],[10.343457,56.24847],[10.343584,56.249631],[10.342756,56.24963],[10.342894,56.248385],[10.347573,56.246095],[10.344173,56.244886],[10.343416,56.245496],[10.343998,56.244751],[10.343502,56.243013],[10.342541,56.24334],[10.342805,56.243801],[10.339642,56.245061],[10.338627,56.24595],[10.338442,56.242669],[10.339268,56.241649],[10.34058,56.241706],[10.34046,56.242038],[10.342465,56.242061],[10.344217,56.243133],[10.343629,56.242378],[10.342381,56.241957],[10.341493,56.241955],[10.341249,56.241752],[10.339149,56.236042],[10.337789,56.234961],[10.328409,56.230727],[10.314838,56.228812],[10.304571,56.224992],[10.30073,56.22212],[10.297155,56.217855],[10.292885,56.215513],[10.290955,56.212608],[10.291664,56.211325],[10.291176,56.211932],[10.289435,56.211662],[10.288773,56.210057],[10.286407,56.209002],[10.287384,56.20737],[10.290279,56.207874],[10.293009,56.209178],[10.290995,56.207985],[10.287285,56.207227],[10.285498,56.206246],[10.284734,56.205521],[10.284722,56.204067],[10.28076,56.200044],[10.269787,56.198029],[10.259969,56.195077],[10.245823,56.18875],[10.238645,56.184071],[10.232093,56.177735],[10.232791,56.177388],[10.231306,56.175963],[10.228902,56.174714],[10.223068,56.169789],[10.224588,56.169284],[10.22417,56.169015],[10.223047,56.169354],[10.221938,56.16822],[10.223098,56.167902],[10.222751,56.167121],[10.221549,56.167406],[10.220608,56.166355],[10.221327,56.16613],[10.220588,56.166333],[10.218077,56.163474],[10.224421,56.166479],[10.223625,56.167359],[10.224082,56.167103],[10.225845,56.169612],[10.227048,56.168282],[10.232493,56.165673],[10.230276,56.164242],[10.229166,56.164661],[10.230071,56.16413],[10.229108,56.1632],[10.229178,56.161743],[10.224139,56.164384],[10.222267,56.163324],[10.226041,56.161434],[10.223568,56.160545],[10.224048,56.160228],[10.222716,56.159956],[10.22166,56.160368],[10.22189,56.159299],[10.218027,56.161094],[10.216449,56.160123],[10.220274,56.158249],[10.218506,56.157563],[10.216937,56.158253],[10.21683,56.158954],[10.216551,56.157863],[10.214243,56.158198],[10.214839,56.1578],[10.2145,56.156371],[10.213435,56.156252],[10.214172,56.15613],[10.214257,56.154692],[10.213398,56.154385],[10.215068,56.154344],[10.215735,56.153052],[10.213845,56.152404],[10.21471,56.15205],[10.218123,56.154281],[10.220093,56.156941],[10.222054,56.156637],[10.221131,56.155593],[10.221647,56.155456],[10.222585,56.15657],[10.222784,56.156519],[10.221282,56.15488],[10.218199,56.152405],[10.220567,56.152725],[10.218983,56.15152],[10.215672,56.150764],[10.213803,56.148863],[10.216355,56.148193],[10.213358,56.145768],[10.213849,56.145477],[10.219661,56.14991],[10.226466,56.158002],[10.227982,56.157671],[10.225938,56.155364],[10.227977,56.155638],[10.231606,56.158806],[10.231417,56.161138],[10.232178,56.160182],[10.23163,56.158608],[10.23426,56.156657],[10.234476,56.155709],[10.230692,56.153242],[10.231697,56.152489],[10.227088,56.149604],[10.224398,56.149845],[10.224229,56.150211],[10.224243,56.14896],[10.222005,56.147144],[10.223202,56.1464],[10.218085,56.142238],[10.219322,56.141644],[10.231335,56.146322],[10.23063,56.147385],[10.231447,56.146365],[10.231889,56.146538],[10.230965,56.149011],[10.232306,56.148898],[10.246043,56.157545],[10.246068,56.158037],[10.244947,56.158441],[10.246437,56.158069],[10.250442,56.153949],[10.247868,56.152164],[10.248824,56.151308],[10.251065,56.151737],[10.250291,56.152257],[10.250649,56.153065],[10.250475,56.15231],[10.251136,56.152075],[10.251549,56.15244],[10.252432,56.152181],[10.253569,56.153184],[10.252869,56.152069],[10.254545,56.151676],[10.256718,56.153966],[10.254669,56.151145],[10.255024,56.150326],[10.250468,56.148985],[10.227266,56.13929],[10.221818,56.139849],[10.217201,56.137647],[10.215489,56.137324],[10.21792,56.1381],[10.219154,56.139187],[10.218131,56.139425],[10.216481,56.138754],[10.213672,56.13917],[10.212559,56.138638],[10.213273,56.137607],[10.212803,56.13742],[10.213396,56.137039],[10.21482,56.137626],[10.215176,56.137594],[10.213215,56.136868],[10.212092,56.13691],[10.211878,56.137337],[10.210493,56.137122],[10.209346,56.135699],[10.212865,56.131765],[10.214199,56.128759],[10.216471,56.126108],[10.220891,56.123224],[10.22773,56.120089],[10.229724,56.115132],[10.23623,56.109185],[10.237743,56.103076],[10.239171,56.100594],[10.243808,56.097579],[10.245359,56.095367],[10.248722,56.093112],[10.249868,56.083162],[10.250595,56.082192],[10.253082,56.081121],[10.253593,56.074437],[10.255033,56.073157],[10.256635,56.069539],[10.258006,56.068126],[10.259205,56.062686],[10.26082,56.059335],[10.263144,56.056367],[10.267627,56.052728],[10.271254,56.04809],[10.271248,56.040664],[10.268152,56.030051],[10.266406,56.028288],[10.266147,56.026038],[10.268062,56.02471],[10.267332,56.024199],[10.263153,56.023687],[10.263372,56.024211],[10.262524,56.024304],[10.261202,56.022473],[10.259423,56.022597],[10.256573,56.021219],[10.255942,56.021686],[10.2561,56.025368],[10.25502,56.02642],[10.251277,56.025452],[10.247813,56.02532],[10.244899,56.024699],[10.237383,56.019221],[10.23574,56.018571],[10.234653,56.016503],[10.230697,56.015442],[10.230113,56.014793],[10.230835,56.014146],[10.227099,56.012219],[10.223126,56.010765],[10.217166,56.011709],[10.217973,56.011065],[10.216704,56.011086],[10.213725,56.010155],[10.214678,56.009046],[10.21831,56.008445],[10.218326,56.007741],[10.219992,56.007111],[10.225848,56.008365],[10.231139,56.008394],[10.234972,56.009878],[10.23827,56.009715],[10.244834,56.015441],[10.24599,56.01916],[10.250328,56.018902],[10.250127,56.021029],[10.251371,56.021321],[10.253621,56.020157],[10.25726,56.020296],[10.256453,56.019376],[10.257715,56.018792],[10.258939,56.021054],[10.260721,56.022277],[10.267322,56.023972],[10.270995,56.023305],[10.274951,56.023484],[10.280004,56.021689],[10.281694,56.020523],[10.279007,56.018524],[10.273049,56.016189],[10.270287,56.014126],[10.266315,56.009401],[10.262484,56.00132],[10.259199,55.999245],[10.256437,55.996586],[10.254099,55.993579],[10.253077,55.991028],[10.252351,55.983494],[10.254244,55.975517],[10.257966,55.969982],[10.259471,55.968497],[10.260384,55.968313],[10.260097,55.96794],[10.266229,55.959668],[10.265906,55.95746],[10.261375,55.947403],[10.260175,55.934941],[10.258349,55.93237],[10.258058,55.924904],[10.257281,55.924868],[10.256927,55.923752],[10.25675,55.915621],[10.258627,55.912788],[10.260937,55.912658],[10.259106,55.912544],[10.259268,55.912015],[10.258557,55.91175],[10.260179,55.911663],[10.260904,55.912033],[10.260544,55.911697],[10.25671,55.910065],[10.256741,55.910553],[10.255957,55.910424],[10.255776,55.910546],[10.256429,55.910724],[10.255754,55.911711],[10.254283,55.911666],[10.255355,55.911],[10.254987,55.910895],[10.25564,55.910205],[10.255306,55.910029],[10.253793,55.911088],[10.251783,55.911392],[10.252955,55.909429],[10.256396,55.909922],[10.255468,55.9095],[10.252858,55.909372],[10.25158,55.911218],[10.250304,55.911264],[10.243209,55.909721],[10.237915,55.907551],[10.233898,55.905206],[10.231757,55.903275],[10.224758,55.899697],[10.223316,55.89761],[10.218767,55.893555],[10.214112,55.891087],[10.213716,55.891273],[10.21102,55.890043],[10.211156,55.889734],[10.210973,55.889623],[10.210925,55.889821],[10.210244,55.889717],[10.210047,55.889433],[10.210535,55.889281],[10.210497,55.889523],[10.21086,55.889684],[10.210628,55.889293],[10.209688,55.888994],[10.210407,55.888368],[10.209598,55.888634],[10.208156,55.88789],[10.207273,55.886583],[10.204345,55.88569],[10.201283,55.886692],[10.196975,55.887102],[10.193842,55.886525],[10.193519,55.885992],[10.194159,55.885703],[10.192395,55.885861],[10.19225,55.884531],[10.192929,55.88403],[10.192103,55.883725],[10.191924,55.882792],[10.193223,55.880715],[10.192565,55.877437],[10.193565,55.875474],[10.194362,55.870353],[10.195584,55.868465],[10.197977,55.866758],[10.199343,55.866626],[10.199996,55.865857],[10.199257,55.865652],[10.20021,55.864638],[10.200705,55.865234],[10.202516,55.864512],[10.202494,55.865842],[10.201324,55.866998],[10.197128,55.868628],[10.201703,55.866939],[10.202779,55.865848],[10.203113,55.860766],[10.204426,55.859152],[10.203773,55.854505],[10.199477,55.854145],[10.198829,55.853489],[10.199453,55.852784],[10.199241,55.852393],[10.197628,55.852393],[10.199182,55.852681],[10.197827,55.853394],[10.198998,55.854152],[10.203335,55.855074],[10.203359,55.858044],[10.202833,55.858296],[10.200997,55.855595],[10.19885,55.854674],[10.194247,55.853948],[10.191762,55.851007],[10.195961,55.844173],[10.196925,55.843759],[10.196582,55.84431],[10.19765,55.844137],[10.198646,55.841858],[10.193194,55.837295],[10.193213,55.836286],[10.191266,55.837675],[10.178677,55.840272],[10.160071,55.84608],[10.15864,55.845569],[10.159365,55.846836],[10.151841,55.851673],[10.149194,55.854306],[10.141441,55.857642],[10.139375,55.860282],[10.139225,55.861826],[10.141062,55.866067],[10.144977,55.869879],[10.144488,55.873234],[10.143834,55.874814],[10.141706,55.876759],[10.135116,55.880542],[10.133191,55.880974],[10.131436,55.880351],[10.129268,55.878709],[10.129264,55.87518],[10.127046,55.873253],[10.123751,55.871218],[10.11895,55.870767],[10.115656,55.864094],[10.118267,55.863775],[10.120554,55.86253],[10.119679,55.861728],[10.120256,55.861056],[10.119379,55.859887],[10.116414,55.85987],[10.109324,55.861277],[10.104308,55.861632],[10.102981,55.860798],[10.103549,55.859598],[10.09507,55.857805],[10.087897,55.854522],[10.082656,55.851342],[10.081227,55.849345],[10.082054,55.849058],[10.079158,55.848369],[10.066433,55.848548],[10.062088,55.847065],[10.054358,55.847432],[10.049554,55.845695],[10.047765,55.844248],[10.044988,55.843302],[10.03841,55.842763],[10.036168,55.843437],[10.035618,55.846058],[10.037167,55.851731],[10.040944,55.853493],[10.044248,55.858012],[10.045091,55.860471],[10.045924,55.860729],[10.04702,55.862401],[10.055329,55.865611],[10.056463,55.866684],[10.056734,55.86834],[10.05879,55.869439],[10.0613,55.86966],[10.062146,55.869147],[10.068821,55.86831],[10.079758,55.868273],[10.0882,55.866287],[10.091802,55.866754],[10.097537,55.866623],[10.103793,55.865108],[10.105259,55.865129],[10.105427,55.865455],[10.106261,55.86498],[10.109284,55.865042],[10.11353,55.864118],[10.115216,55.864164],[10.117914,55.869522],[10.117864,55.870801],[10.11212,55.874804],[10.111506,55.876562],[10.113017,55.879574],[10.112364,55.880435],[10.110919,55.880894],[10.110238,55.883052],[10.110027,55.882475],[10.107111,55.882117],[10.099993,55.881894],[10.093955,55.882774],[10.092392,55.883394],[10.086832,55.883803],[10.083829,55.884584],[10.076831,55.884711],[10.072046,55.884176],[10.069031,55.883158],[10.067622,55.882315],[10.068306,55.881164],[10.065879,55.881061],[10.060916,55.879104],[10.056367,55.878438],[10.046151,55.878781],[10.041166,55.876394],[10.036175,55.875642],[10.022476,55.876139],[10.016608,55.875373],[10.011492,55.875911],[10.00431,55.877838],[9.998536,55.88041],[9.996696,55.880469],[9.996161,55.879769],[9.995035,55.879561],[9.985428,55.879013],[9.980413,55.879689],[9.970244,55.880018],[9.969689,55.879445],[9.968788,55.879457],[9.968534,55.878302],[9.967325,55.877582],[9.96805,55.87664],[9.966878,55.87654],[9.96642,55.875822],[9.966924,55.875434],[9.96617,55.875221],[9.966509,55.873344],[9.964607,55.872136],[9.961951,55.867034],[9.962254,55.865529],[9.966299,55.864466],[9.96749,55.862047],[9.968005,55.863067],[9.967593,55.86087],[9.966524,55.859941],[9.966431,55.858691],[9.96695,55.858891],[9.965542,55.857459],[9.964157,55.857762],[9.965318,55.857672],[9.965953,55.858344],[9.964226,55.858866],[9.955603,55.85944],[9.950227,55.858841],[9.942245,55.860962],[9.933895,55.861543],[9.929988,55.861262],[9.928514,55.860618],[9.925935,55.860627],[9.923166,55.859626],[9.921778,55.858311],[9.916136,55.857838],[9.909525,55.862769],[9.905596,55.8638],[9.900977,55.865928],[9.89741,55.866361],[9.895408,55.866128],[9.895734,55.864706],[9.892959,55.86336],[9.887386,55.862175],[9.882346,55.862617],[9.878435,55.861307],[9.875359,55.859901],[9.874784,55.856735],[9.861182,55.858741],[9.86051,55.857652],[9.857834,55.859155],[9.859957,55.856947],[9.877637,55.854622],[9.877492,55.854245],[9.882074,55.851263],[9.87954,55.850388],[9.876541,55.852457],[9.861351,55.854773],[9.861118,55.853224],[9.878212,55.850074],[9.878055,55.847335],[9.873443,55.848181],[9.867785,55.847729],[9.860553,55.849162],[9.856897,55.848755],[9.857714,55.848201],[9.859617,55.84841],[9.861495,55.847541],[9.864944,55.847727],[9.867167,55.847064],[9.870611,55.847609],[9.872877,55.847316],[9.874274,55.847867],[9.876918,55.846807],[9.879663,55.846306],[9.878479,55.84655],[9.87835,55.847368],[9.88004,55.84626],[9.883828,55.845509],[9.885595,55.844406],[9.887839,55.844174],[9.891842,55.842447],[9.893879,55.842769],[9.894635,55.844024],[9.894187,55.84279],[9.896116,55.842021],[9.904364,55.841404],[9.913866,55.839231],[9.916343,55.839344],[9.922972,55.838447],[9.946446,55.833015],[9.955118,55.831839],[9.959471,55.832117],[9.959811,55.831328],[9.961888,55.830945],[9.968602,55.831942],[9.968887,55.831313],[9.971706,55.829809],[9.978352,55.827559],[9.981074,55.827103],[9.985314,55.827629],[9.989476,55.827319],[9.991129,55.826656],[9.999708,55.825229],[10.006024,55.825417],[10.01266,55.828444],[10.020947,55.836476],[10.021889,55.838178],[10.022562,55.841659],[10.023546,55.843767],[10.023478,55.838659],[10.022245,55.835697],[10.022901,55.831542],[10.020286,55.827597],[10.019507,55.827878],[10.020398,55.828811],[10.018962,55.828163],[10.016809,55.828347],[10.016065,55.827143],[10.016306,55.82635],[10.02116,55.82475],[10.02018,55.823782],[10.019017,55.823652],[10.017901,55.821971],[10.014772,55.819436],[10.013748,55.81708],[10.016201,55.817898],[10.017256,55.818998],[10.030344,55.823507],[10.037273,55.823952],[10.040851,55.823185],[10.047808,55.823734],[10.048326,55.82429],[10.046208,55.826073],[10.047606,55.825557],[10.050393,55.823075],[10.052139,55.823209],[10.052549,55.823086],[10.052615,55.822813],[10.052247,55.822563],[10.052133,55.823154],[10.05084,55.822511],[10.051652,55.821966],[10.053069,55.82233],[10.053313,55.822089],[10.051964,55.821822],[10.052665,55.821231],[10.053257,55.821932],[10.053888,55.822035],[10.052791,55.820401],[10.052831,55.817922],[10.05408,55.817593],[10.053997,55.816159],[10.055449,55.813411],[10.059344,55.81091],[10.06308,55.810815],[10.06358,55.809594],[10.065936,55.808061],[10.063991,55.806707],[10.058377,55.804836],[10.054058,55.802271],[10.048944,55.798266],[10.043559,55.792664],[10.03585,55.789226],[10.026241,55.782327],[10.020342,55.78075],[10.018635,55.779875],[10.017106,55.77793],[10.015818,55.773328],[10.016708,55.767239],[10.018345,55.764078],[10.020876,55.761354],[10.024804,55.758793],[10.028081,55.757521],[10.031707,55.756814],[10.034819,55.757535],[10.041606,55.755713],[10.049396,55.754776],[10.062059,55.754471],[10.07681,55.752779],[10.078674,55.750132],[10.081577,55.747803],[10.082407,55.746092],[10.081503,55.745155],[10.066222,55.746342],[10.06225,55.745818],[10.057998,55.746163],[10.053985,55.745683],[10.04439,55.741257],[10.038338,55.735483],[10.03664,55.734642],[10.025102,55.733714],[10.021037,55.733954],[10.016568,55.733247],[10.011982,55.731677],[10.006891,55.731156],[10.003586,55.729852],[10.001997,55.728605],[9.999917,55.726097],[9.998962,55.723509],[9.999968,55.718522],[10.00381,55.717281],[10.007832,55.716707],[10.009048,55.71676],[10.009543,55.717793],[10.009665,55.71682],[10.010504,55.716412],[10.01151,55.71681],[10.012224,55.716858],[10.014,55.716434],[10.015443,55.715817],[10.012071,55.716797],[10.011207,55.716267],[10.014802,55.715389],[10.016478,55.715538],[10.015035,55.714218],[10.015881,55.713821],[10.017654,55.715015],[10.016578,55.715926],[10.019186,55.715356],[10.0198,55.715973],[10.017837,55.716751],[10.016262,55.716494],[10.017508,55.716875],[10.019782,55.716348],[10.020127,55.715831],[10.019195,55.715201],[10.020306,55.710346],[10.023353,55.705187],[10.029005,55.6995],[10.029929,55.696493],[10.028878,55.69715],[10.018153,55.700253],[10.013715,55.701246],[10.008607,55.70166],[9.999789,55.700687],[9.985486,55.696574],[9.974722,55.695251],[9.967526,55.695605],[9.960331,55.695286],[9.953884,55.693822],[9.940681,55.694278],[9.919259,55.692764],[9.900663,55.689446],[9.894644,55.688906],[9.885576,55.687074],[9.881609,55.686703],[9.877689,55.685294],[9.869065,55.683835],[9.861599,55.681301],[9.847674,55.673645],[9.844072,55.673303],[9.837528,55.671394],[9.829538,55.669874],[9.819926,55.668847],[9.816887,55.669367],[9.816651,55.67166],[9.815387,55.673197],[9.813977,55.674548],[9.812864,55.674638],[9.81215,55.674971],[9.812872,55.674718],[9.813856,55.675324],[9.812595,55.675022],[9.812661,55.6757],[9.81094,55.676855],[9.808855,55.677606],[9.807807,55.677399],[9.808285,55.678022],[9.80822,55.678053],[9.798169,55.678203],[9.790611,55.680533],[9.784506,55.681619],[9.782053,55.681627],[9.777585,55.680854],[9.771874,55.681038],[9.764328,55.680503],[9.751283,55.681203],[9.746236,55.68051],[9.743641,55.684285],[9.742047,55.684593],[9.734927,55.687779],[9.732091,55.690475],[9.726053,55.692977],[9.724351,55.695425],[9.71889,55.697472],[9.716743,55.699182],[9.716229,55.700767],[9.715154,55.701536],[9.715085,55.702772],[9.713451,55.703036],[9.705522,55.702535],[9.699444,55.703093],[9.697669,55.704949],[9.694282,55.706978],[9.686897,55.708697],[9.68462,55.710092],[9.680979,55.711101],[9.679369,55.710951],[9.673698,55.712088],[9.666847,55.712409],[9.660371,55.710389],[9.642291,55.708782],[9.638323,55.707959],[9.636211,55.708151],[9.633769,55.707662],[9.631092,55.709323],[9.625441,55.707984],[9.622187,55.707743],[9.619213,55.708127],[9.614489,55.707208],[9.608329,55.706803],[9.605591,55.706331],[9.604351,55.705168],[9.603153,55.704829],[9.601472,55.705154],[9.602225,55.70515],[9.601252,55.705643],[9.60127,55.705201],[9.601045,55.705427],[9.601333,55.705903],[9.599508,55.707065],[9.597177,55.707328],[9.5931,55.70555],[9.588964,55.706655],[9.586148,55.70612],[9.585543,55.705577],[9.58592,55.705011],[9.582425,55.70512],[9.581956,55.704616],[9.580586,55.704768],[9.579258,55.704021],[9.578924,55.704824],[9.572317,55.706042],[9.568708,55.70727],[9.566798,55.706095],[9.565983,55.704619],[9.566687,55.706373],[9.564446,55.709302],[9.558816,55.710529],[9.557344,55.710338],[9.556301,55.708357],[9.557347,55.708283],[9.557034,55.707985],[9.556287,55.708329],[9.556065,55.707767],[9.556757,55.707928],[9.556439,55.707267],[9.556035,55.707706],[9.555299,55.705613],[9.553066,55.706725],[9.551375,55.70676],[9.550852,55.705957],[9.543145,55.707159],[9.542855,55.706571],[9.562646,55.703318],[9.561355,55.700719],[9.555788,55.701587],[9.555999,55.701063],[9.557389,55.700871],[9.557185,55.699141],[9.557994,55.698545],[9.561052,55.697484],[9.561305,55.696906],[9.566446,55.694639],[9.570237,55.693963],[9.572325,55.692845],[9.580864,55.691105],[9.584535,55.691037],[9.58483,55.690435],[9.587364,55.690039],[9.594289,55.690325],[9.598685,55.691378],[9.603461,55.691486],[9.609346,55.69284],[9.613054,55.692578],[9.615845,55.693004],[9.61951,55.692632],[9.624268,55.693219],[9.627713,55.692931],[9.635111,55.693796],[9.636757,55.693579],[9.640368,55.694237],[9.642189,55.693661],[9.645191,55.693837],[9.645887,55.692538],[9.647785,55.691201],[9.6509,55.690211],[9.655296,55.68985],[9.660252,55.690655],[9.665677,55.692406],[9.667524,55.694826],[9.669958,55.691101],[9.67375,55.689686],[9.677342,55.686708],[9.683003,55.684717],[9.685906,55.68283],[9.687525,55.680195],[9.687562,55.677913],[9.688642,55.675458],[9.689294,55.675131],[9.690047,55.675568],[9.690674,55.675639],[9.688886,55.674383],[9.689604,55.674577],[9.690328,55.674007],[9.691005,55.674292],[9.691627,55.673909],[9.69252,55.674848],[9.691028,55.675651],[9.692328,55.675268],[9.692617,55.674926],[9.692647,55.674513],[9.691679,55.673825],[9.692335,55.672422],[9.693974,55.671013],[9.694788,55.671026],[9.695377,55.669658],[9.697913,55.66796],[9.704588,55.665071],[9.708107,55.665388],[9.7109,55.666467],[9.712569,55.666517],[9.719891,55.664557],[9.726929,55.661995],[9.734013,55.660381],[9.737637,55.658386],[9.739576,55.654536],[9.741797,55.652689],[9.746655,55.633065],[9.749751,55.62795],[9.747934,55.627351],[9.746184,55.628876],[9.745522,55.628471],[9.743168,55.628877],[9.740181,55.627943],[9.740064,55.626652],[9.741305,55.627504],[9.740872,55.626629],[9.742292,55.62643],[9.743406,55.627884],[9.745809,55.627913],[9.748042,55.627003],[9.749811,55.627586],[9.754536,55.624175],[9.759013,55.622917],[9.763224,55.622689],[9.768901,55.622713],[9.780913,55.624178],[9.789808,55.624751],[9.793349,55.62559],[9.797809,55.625698],[9.805432,55.628257],[9.810933,55.627309],[9.817612,55.628038],[9.826494,55.627375],[9.82995,55.627566],[9.838688,55.625208],[9.846532,55.62454],[9.848416,55.625178],[9.850162,55.624908],[9.853766,55.625261],[9.857067,55.626216],[9.858213,55.62611],[9.859755,55.62502],[9.857574,55.622354],[9.851986,55.619905],[9.847495,55.616473],[9.832683,55.611964],[9.82974,55.610488],[9.827935,55.608571],[9.824487,55.606273],[9.816527,55.602976],[9.812815,55.602304],[9.809266,55.601041],[9.801514,55.596971],[9.796379,55.595357],[9.793557,55.593739],[9.791513,55.590899],[9.789886,55.582418],[9.787626,55.580278],[9.777251,55.574661],[9.77561,55.572869],[9.772123,55.571108],[9.770022,55.569068],[9.768663,55.564228],[9.769528,55.560789],[9.767612,55.55806],[9.767868,55.555948],[9.766054,55.556261],[9.765751,55.555839],[9.765322,55.555943],[9.765917,55.556296],[9.763024,55.556758],[9.755672,55.559141],[9.75744,55.560095],[9.75754,55.561086],[9.759303,55.561038],[9.759567,55.56045],[9.759678,55.561039],[9.761993,55.561069],[9.757535,55.56116],[9.756769,55.561542],[9.75673,55.560342],[9.755507,55.55976],[9.754477,55.559845],[9.752838,55.558856],[9.754582,55.560211],[9.753979,55.559903],[9.753925,55.56033],[9.753233,55.560182],[9.75366,55.55977],[9.752903,55.559405],[9.749284,55.55887],[9.751005,55.559198],[9.752073,55.560127],[9.745056,55.559507],[9.744858,55.559096],[9.747553,55.558039],[9.74069,55.55746],[9.737006,55.559202],[9.735503,55.558946],[9.733506,55.557613],[9.736569,55.556243],[9.73356,55.553471],[9.730481,55.553685],[9.731298,55.554511],[9.72866,55.555016],[9.72853,55.554274],[9.727847,55.554398],[9.727208,55.552663],[9.729171,55.552354],[9.72994,55.553654],[9.730167,55.553666],[9.729839,55.552225],[9.728441,55.551376],[9.729935,55.542844],[9.734685,55.533718],[9.738064,55.529721],[9.740658,55.525386],[9.742301,55.524077],[9.741832,55.51974],[9.740826,55.518716],[9.729527,55.517864],[9.723891,55.518109],[9.71758,55.51971],[9.715447,55.519443],[9.707063,55.522595],[9.697735,55.524343],[9.694218,55.525549],[9.679547,55.527749],[9.67377,55.527672],[9.668906,55.526401],[9.66733,55.524522],[9.661484,55.521318],[9.656958,55.516937],[9.653246,55.514626],[9.650381,55.513881],[9.640368,55.509064],[9.636684,55.510195],[9.632704,55.512485],[9.631364,55.512747],[9.630734,55.512145],[9.630332,55.51205],[9.630985,55.512542],[9.630265,55.51276],[9.630009,55.512203],[9.629226,55.512437],[9.630078,55.512998],[9.628639,55.513358],[9.629007,55.512414],[9.626384,55.512573],[9.627844,55.513175],[9.627524,55.513484],[9.626682,55.513166],[9.626563,55.51368],[9.625667,55.513318],[9.625807,55.512601],[9.62556,55.513163],[9.624295,55.51327],[9.620239,55.511629],[9.6183,55.511418],[9.618119,55.510453],[9.608439,55.510364],[9.608055,55.511663],[9.608917,55.512261],[9.611974,55.512348],[9.609105,55.512632],[9.608123,55.512054],[9.608718,55.512747],[9.605022,55.51366],[9.605658,55.516681],[9.604869,55.51874],[9.603681,55.519594],[9.6051,55.519218],[9.605663,55.519412],[9.605296,55.519791],[9.602026,55.520012],[9.601771,55.519326],[9.602607,55.519064],[9.602978,55.519441],[9.602977,55.519103],[9.602236,55.518691],[9.601167,55.518805],[9.600461,55.519505],[9.597486,55.519852],[9.591236,55.521942],[9.589613,55.522845],[9.589492,55.523718],[9.582905,55.523328],[9.580558,55.524968],[9.578365,55.525632],[9.577515,55.525105],[9.576586,55.525486],[9.573409,55.52738],[9.573426,55.527536],[9.573709,55.527462],[9.57395,55.527569],[9.573909,55.527603],[9.573491,55.527654],[9.571352,55.527123],[9.570065,55.527707],[9.56716,55.526817],[9.566512,55.525535],[9.564972,55.52513],[9.564119,55.524063],[9.566111,55.523397],[9.566808,55.520834],[9.570221,55.519061],[9.570084,55.518353],[9.571262,55.517481],[9.576159,55.516584],[9.579909,55.517847],[9.582378,55.51947],[9.584434,55.518028],[9.589131,55.518823],[9.589646,55.518011],[9.58912,55.51682],[9.585702,55.516204],[9.585071,55.515441],[9.579226,55.513496],[9.577784,55.512397],[9.577387,55.511133],[9.57716,55.512105],[9.574791,55.51262],[9.569694,55.515646],[9.559669,55.516995],[9.558181,55.516438],[9.557469,55.514869],[9.558808,55.514151],[9.563757,55.513813],[9.565012,55.514462],[9.566442,55.514506],[9.570498,55.511615],[9.570521,55.512141],[9.571001,55.512066],[9.571968,55.511013],[9.576521,55.510262],[9.577345,55.51056],[9.578026,55.509843],[9.579803,55.510109],[9.58068,55.509748],[9.586005,55.499166],[9.583925,55.497076],[9.573585,55.499155],[9.569949,55.497871],[9.564507,55.497482],[9.552685,55.497528],[9.541833,55.49643],[9.539002,55.496542],[9.527744,55.498343],[9.522128,55.49769],[9.515893,55.499842],[9.514684,55.500744],[9.509548,55.499285],[9.499002,55.498048],[9.49883,55.496548],[9.497596,55.495558],[9.498398,55.49422],[9.489072,55.49209],[9.489364,55.491633],[9.482406,55.489916],[9.482323,55.489473],[9.482919,55.489452],[9.493672,55.491993],[9.502098,55.492085],[9.502043,55.492667],[9.502105,55.492685],[9.502153,55.492088],[9.503617,55.492104],[9.503728,55.490557],[9.496389,55.489457],[9.49664,55.489117],[9.498255,55.487953],[9.502321,55.48842],[9.503214,55.486717],[9.511521,55.484547],[9.512417,55.483551],[9.514221,55.483509],[9.51703,55.48476],[9.527966,55.487671],[9.541855,55.488725],[9.544674,55.490213],[9.552603,55.491526],[9.558463,55.491022],[9.562298,55.491735],[9.565962,55.491697],[9.567619,55.492515],[9.569998,55.492749],[9.570231,55.492487],[9.568735,55.492098],[9.568965,55.491584],[9.576802,55.48702],[9.579824,55.486252],[9.58636,55.485655],[9.588831,55.486149],[9.597792,55.491465],[9.60115,55.495047],[9.603705,55.49717],[9.60507,55.497852],[9.605419,55.497603],[9.60363,55.496825],[9.604197,55.495886],[9.608303,55.49481],[9.619742,55.496756],[9.622473,55.498116],[9.625839,55.498579],[9.626507,55.4968],[9.630801,55.494145],[9.633847,55.492966],[9.643398,55.490822],[9.650211,55.48519],[9.655959,55.483317],[9.667357,55.477544],[9.670651,55.473112],[9.676933,55.468954],[9.683171,55.467398],[9.688678,55.463532],[9.693436,55.461662],[9.692347,55.458385],[9.686136,55.453185],[9.681485,55.450846],[9.676292,55.449768],[9.669125,55.443832],[9.656764,55.437732],[9.63853,55.431544],[9.633114,55.430508],[9.624692,55.429397],[9.62351,55.429854],[9.619899,55.429779],[9.617629,55.43047],[9.614665,55.430528],[9.610127,55.429131],[9.608601,55.429478],[9.59862,55.426321],[9.595011,55.423695],[9.59326,55.421029],[9.592836,55.418838],[9.592877,55.41697],[9.594153,55.414475],[9.596786,55.411381],[9.603877,55.405902],[9.612338,55.396706],[9.615175,55.394551],[9.62073,55.392433],[9.622101,55.390458],[9.621938,55.386198],[9.620627,55.384235],[9.618099,55.375629],[9.61301,55.369881],[9.601656,55.362809],[9.601796,55.361019],[9.602723,55.359977],[9.600297,55.361477],[9.598706,55.361458],[9.600027,55.364008],[9.599358,55.366133],[9.591599,55.370753],[9.582206,55.371284],[9.580958,55.371946],[9.580418,55.371643],[9.577103,55.372539],[9.573142,55.374314],[9.571621,55.374239],[9.567848,55.372858],[9.565505,55.373113],[9.565079,55.372816],[9.565242,55.371776],[9.569166,55.371133],[9.570703,55.368374],[9.572035,55.368092],[9.572264,55.367359],[9.574505,55.366402],[9.574988,55.365381],[9.573838,55.363415],[9.575667,55.362072],[9.577421,55.362313],[9.581193,55.360865],[9.585167,55.360467],[9.591531,55.361785],[9.592002,55.359968],[9.592904,55.35988],[9.594108,55.360457],[9.593697,55.361172],[9.594641,55.360895],[9.595435,55.361524],[9.598508,55.361335],[9.599113,55.361009],[9.597975,55.358005],[9.600049,55.358216],[9.601046,55.356983],[9.603091,55.356266],[9.607719,55.357144],[9.613155,55.356497],[9.618702,55.357603],[9.622491,55.357062],[9.633763,55.351257],[9.646795,55.341952],[9.648308,55.33981],[9.646077,55.337182],[9.645907,55.335229],[9.646784,55.333049],[9.650124,55.329729],[9.650018,55.327266],[9.64495,55.324355],[9.643082,55.322113],[9.638893,55.319206],[9.637719,55.316704],[9.63319,55.3145],[9.632072,55.312498],[9.626649,55.312211],[9.625059,55.311215],[9.620283,55.309645],[9.621227,55.309021],[9.622156,55.308648],[9.62358,55.308542],[9.625394,55.309301],[9.62648,55.309167],[9.626866,55.30991],[9.632395,55.310374],[9.636372,55.311401],[9.63752,55.312117],[9.637567,55.312792],[9.639495,55.313511],[9.640349,55.312937],[9.641646,55.313056],[9.643979,55.312148],[9.646012,55.311055],[9.646458,55.308202],[9.652305,55.300963],[9.655953,55.297763],[9.661948,55.294003],[9.670584,55.287322],[9.671755,55.285259],[9.670708,55.284828],[9.667505,55.285748],[9.667184,55.287309],[9.666426,55.287702],[9.665657,55.287324],[9.660559,55.28759],[9.657548,55.287185],[9.656092,55.286755],[9.655253,55.285888],[9.653572,55.285705],[9.6511,55.286259],[9.645084,55.288634],[9.643038,55.290094],[9.642862,55.292082],[9.644893,55.292854],[9.644931,55.293455],[9.642679,55.294343],[9.637321,55.29433],[9.637845,55.293908],[9.641017,55.293569],[9.639931,55.292006],[9.640707,55.291142],[9.640371,55.290636],[9.63206,55.290632],[9.628335,55.28958],[9.62471,55.287263],[9.624948,55.286932],[9.623145,55.286381],[9.61977,55.282082],[9.618225,55.281552],[9.613937,55.278361],[9.612752,55.275589],[9.61097,55.274094],[9.604532,55.273472],[9.602932,55.273955],[9.599886,55.273832],[9.593764,55.272522],[9.590022,55.272275],[9.586981,55.27154],[9.583983,55.270185],[9.581288,55.265984],[9.584043,55.261817],[9.583541,55.259349],[9.582578,55.258577],[9.580706,55.258347],[9.579172,55.258512],[9.579164,55.25905],[9.579053,55.258505],[9.576075,55.258237],[9.575496,55.257684],[9.572925,55.258242],[9.571636,55.258054],[9.569097,55.25646],[9.568775,55.253801],[9.565466,55.25154],[9.560622,55.251065],[9.555862,55.249384],[9.550718,55.249218],[9.542916,55.250264],[9.538352,55.249516],[9.534693,55.250441],[9.529143,55.250607],[9.52435,55.251738],[9.521351,55.251433],[9.518485,55.252485],[9.516487,55.25242],[9.514769,55.252256],[9.513683,55.251595],[9.51154,55.252079],[9.506954,55.251735],[9.50343,55.250706],[9.502319,55.24954],[9.496629,55.248545],[9.494253,55.247527],[9.496981,55.247517],[9.498731,55.248279],[9.502958,55.248641],[9.503918,55.249684],[9.506537,55.250447],[9.51319,55.250657],[9.521862,55.250366],[9.524946,55.248261],[9.526102,55.248031],[9.52773,55.248259],[9.529214,55.249063],[9.533248,55.249084],[9.542352,55.247708],[9.551777,55.247149],[9.555821,55.247405],[9.556598,55.247932],[9.560906,55.248784],[9.561437,55.248319],[9.560773,55.24756],[9.556912,55.247646],[9.557058,55.24695],[9.558359,55.246692],[9.562045,55.247955],[9.563077,55.248818],[9.561777,55.248919],[9.56548,55.250328],[9.566161,55.250098],[9.565467,55.249934],[9.566011,55.249529],[9.564818,55.249454],[9.563684,55.248286],[9.566211,55.24724],[9.568061,55.247314],[9.56996,55.250663],[9.570862,55.251048],[9.570956,55.252345],[9.57483,55.25189],[9.580554,55.254061],[9.585999,55.254893],[9.589261,55.257354],[9.589901,55.258344],[9.589593,55.261258],[9.584777,55.266436],[9.58475,55.267411],[9.586667,55.269224],[9.590085,55.270297],[9.602321,55.2714],[9.609923,55.271099],[9.613587,55.271946],[9.616712,55.273941],[9.617907,55.277252],[9.620183,55.278795],[9.623363,55.27993],[9.626777,55.283805],[9.629929,55.285091],[9.632834,55.28495],[9.635327,55.285424],[9.636044,55.285007],[9.638237,55.285424],[9.6383,55.284325],[9.644875,55.280753],[9.648247,55.280735],[9.652599,55.281442],[9.657275,55.282551],[9.658044,55.283445],[9.65999,55.282723],[9.665141,55.278018],[9.676203,55.274188],[9.683261,55.27088],[9.687666,55.269506],[9.696222,55.267717],[9.703047,55.263722],[9.705792,55.263262],[9.70849,55.263684],[9.712415,55.262595],[9.708417,55.263585],[9.707093,55.262697],[9.710332,55.261865],[9.711545,55.262496],[9.71097,55.261665],[9.712096,55.262407],[9.712603,55.261403],[9.71333,55.261705],[9.713663,55.259529],[9.716027,55.258588],[9.718815,55.250955],[9.715167,55.247423],[9.712111,55.243251],[9.711805,55.240586],[9.715731,55.237685],[9.710672,55.23309],[9.700605,55.22899],[9.696485,55.226002],[9.69641,55.226842],[9.695774,55.226926],[9.69723,55.227553],[9.695942,55.227172],[9.694397,55.225658],[9.693043,55.225335],[9.692275,55.224798],[9.691193,55.22492],[9.690362,55.224679],[9.690014,55.22435],[9.689894,55.222934],[9.689432,55.222411],[9.687059,55.222287],[9.686791,55.222587],[9.684637,55.22091],[9.685228,55.220082],[9.684792,55.2192],[9.684694,55.219531],[9.683066,55.219583],[9.68008,55.219232],[9.680956,55.219785],[9.678359,55.219444],[9.680188,55.218887],[9.677871,55.217756],[9.677808,55.220855],[9.677123,55.221467],[9.675675,55.221309],[9.674605,55.22234],[9.675214,55.222486],[9.675723,55.222497],[9.676124,55.222331],[9.675342,55.222473],[9.675482,55.222198],[9.675256,55.222403],[9.674987,55.222382],[9.67561,55.222085],[9.676412,55.221995],[9.677084,55.222589],[9.675713,55.222928],[9.673799,55.224336],[9.671779,55.226832],[9.670606,55.227039],[9.662461,55.225374],[9.661735,55.224638],[9.659514,55.224333],[9.658058,55.221567],[9.658359,55.215234],[9.65751,55.214604],[9.655244,55.215234],[9.654229,55.214429],[9.654723,55.212265],[9.656444,55.211823],[9.656574,55.210924],[9.657612,55.210385],[9.658486,55.21075],[9.660038,55.210479],[9.664107,55.210969],[9.670789,55.212928],[9.675466,55.211727],[9.682001,55.211944],[9.683721,55.214366],[9.682839,55.216942],[9.68484,55.216637],[9.686037,55.214994],[9.688234,55.214888],[9.689225,55.215113],[9.689404,55.21564],[9.686985,55.216581],[9.685471,55.216351],[9.684122,55.217202],[9.681334,55.217286],[9.681719,55.218019],[9.680676,55.217436],[9.68075,55.216746],[9.679577,55.216757],[9.679485,55.217299],[9.682216,55.218939],[9.685755,55.218886],[9.68632,55.219642],[9.685938,55.220555],[9.687593,55.220505],[9.687093,55.220999],[9.685768,55.220688],[9.686,55.221163],[9.690037,55.222353],[9.690916,55.223748],[9.691816,55.223804],[9.691291,55.224309],[9.693511,55.22493],[9.693154,55.225163],[9.694895,55.225739],[9.696124,55.226834],[9.696401,55.225715],[9.691643,55.220945],[9.691025,55.218482],[9.692321,55.213652],[9.691897,55.208689],[9.694598,55.204378],[9.694406,55.202995],[9.69592,55.200891],[9.696264,55.198228],[9.694047,55.195285],[9.691542,55.194035],[9.688826,55.193055],[9.680848,55.191744],[9.669307,55.188452],[9.658174,55.18376],[9.655859,55.183309],[9.648402,55.179431],[9.638287,55.175376],[9.634593,55.175195],[9.62987,55.174289],[9.62689,55.175149],[9.62216,55.179011],[9.621045,55.1811],[9.620811,55.183856],[9.621024,55.185143],[9.623551,55.186623],[9.623706,55.185876],[9.625638,55.186068],[9.625017,55.188839],[9.626135,55.189261],[9.625894,55.188563],[9.629677,55.185221],[9.629338,55.184946],[9.629382,55.184784],[9.630575,55.185089],[9.631302,55.184675],[9.630874,55.184333],[9.629363,55.184615],[9.627837,55.183967],[9.627994,55.180516],[9.627272,55.178887],[9.629174,55.175787],[9.631641,55.175151],[9.63381,55.175691],[9.636466,55.175647],[9.637679,55.176271],[9.638148,55.17834],[9.635068,55.180791],[9.634328,55.182343],[9.632509,55.183363],[9.631897,55.186224],[9.629181,55.189461],[9.626926,55.19044],[9.62622,55.189671],[9.620761,55.191556],[9.615713,55.192552],[9.624589,55.189444],[9.625165,55.186497],[9.624459,55.18603],[9.623481,55.187985],[9.620996,55.189707],[9.612634,55.192402],[9.601516,55.193894],[9.595775,55.19404],[9.59097,55.193648],[9.58618,55.192546],[9.579966,55.189946],[9.576637,55.187808],[9.573368,55.184783],[9.570538,55.183795],[9.561522,55.177656],[9.552996,55.176486],[9.549611,55.17554],[9.544273,55.172659],[9.538315,55.170466],[9.534496,55.167646],[9.531354,55.16675],[9.528408,55.164706],[9.525166,55.163595],[9.519145,55.161888],[9.517894,55.161982],[9.509386,55.160037],[9.507933,55.159342],[9.504703,55.159154],[9.498528,55.156596],[9.497344,55.154997],[9.496809,55.15263],[9.498302,55.15047],[9.501314,55.150405],[9.502131,55.149347],[9.502832,55.140474],[9.50444,55.136216],[9.505507,55.135132],[9.509348,55.133948],[9.516642,55.130139],[9.519731,55.129525],[9.519836,55.127579],[9.51833,55.126572],[9.515001,55.12555],[9.510689,55.12593],[9.508638,55.126607],[9.502009,55.12665],[9.500825,55.127096],[9.498883,55.126767],[9.490596,55.129906],[9.488716,55.130129],[9.485647,55.129493],[9.48235,55.129507],[9.47904,55.131017],[9.476262,55.131684],[9.475071,55.131572],[9.471804,55.130257],[9.469247,55.126757],[9.466337,55.126013],[9.463696,55.124112],[9.463904,55.122714],[9.465394,55.121745],[9.466336,55.122054],[9.46639,55.12234],[9.466714,55.122429],[9.467631,55.122021],[9.469417,55.122588],[9.468265,55.118688],[9.468481,55.116475],[9.466565,55.116765],[9.463744,55.116243],[9.462618,55.116609],[9.462832,55.118006],[9.465674,55.119293],[9.464595,55.120338],[9.463176,55.120159],[9.463145,55.12085],[9.464866,55.121467],[9.464248,55.122112],[9.462446,55.121231],[9.460619,55.119486],[9.460362,55.118412],[9.459624,55.118316],[9.46014,55.115824],[9.457166,55.114563],[9.457034,55.114104],[9.458584,55.114294],[9.460468,55.115344],[9.462947,55.11478],[9.464602,55.114976],[9.466345,55.113819],[9.469784,55.11514],[9.471528,55.115125],[9.473509,55.117159],[9.477962,55.118484],[9.479774,55.117405],[9.479568,55.116284],[9.480363,55.115324],[9.482232,55.114754],[9.483501,55.115286],[9.485599,55.117414],[9.489077,55.117894],[9.490806,55.119264],[9.492627,55.11941],[9.496767,55.118604],[9.497164,55.118847],[9.49785,55.117982],[9.49994,55.117196],[9.502383,55.114994],[9.503813,55.112648],[9.507231,55.110718],[9.513867,55.109523],[9.515212,55.11038],[9.518958,55.109322],[9.519921,55.109451],[9.525193,55.106374],[9.526007,55.104511],[9.527697,55.102967],[9.529581,55.102059],[9.531013,55.101967],[9.533349,55.10016],[9.53452,55.097427],[9.539166,55.091861],[9.542101,55.090534],[9.545185,55.090413],[9.547855,55.089035],[9.549727,55.089],[9.550329,55.089752],[9.550908,55.089601],[9.550559,55.08769],[9.552073,55.080911],[9.550528,55.075217],[9.548566,55.074162],[9.544667,55.070517],[9.542646,55.070078],[9.538579,55.067269],[9.535023,55.0661],[9.532369,55.064528],[9.528241,55.061135],[9.526954,55.060708],[9.525096,55.058597],[9.521847,55.056944],[9.521044,55.055864],[9.520179,55.055738],[9.516949,55.053227],[9.514305,55.052538],[9.510462,55.050283],[9.501583,55.046775],[9.500881,55.045296],[9.503041,55.044884],[9.50081,55.045113],[9.495134,55.047726],[9.489705,55.047736],[9.48817,55.047359],[9.481202,55.048507],[9.474378,55.047546],[9.465851,55.048285],[9.463197,55.047167],[9.46034,55.043951],[9.454953,55.04265],[9.44768,55.04194],[9.441875,55.040627],[9.439738,55.041017],[9.435022,55.041007],[9.432451,55.041673],[9.431723,55.041288],[9.43188,55.041761],[9.430852,55.041793],[9.430216,55.042515],[9.429937,55.041979],[9.429337,55.042266],[9.430232,55.042585],[9.428699,55.042769],[9.428916,55.044809],[9.428202,55.046374],[9.427445,55.046497],[9.428106,55.046654],[9.427993,55.046968],[9.426414,55.046744],[9.427613,55.042584],[9.423092,55.042376],[9.423092,55.041829],[9.425745,55.042001],[9.427617,55.041503],[9.423217,55.040997],[9.423183,55.040377],[9.425343,55.040425],[9.4269,55.040983],[9.428234,55.037538],[9.427297,55.037382],[9.4267,55.038609],[9.423696,55.038882],[9.422325,55.038838],[9.422232,55.039451],[9.422107,55.039452],[9.422296,55.038697],[9.425432,55.038559],[9.425418,55.037452],[9.425186,55.038261],[9.422492,55.038157],[9.422433,55.035211],[9.424996,55.035213],[9.425859,55.037119],[9.424892,55.034583],[9.425196,55.033119],[9.424742,55.033983],[9.423448,55.034011],[9.421777,55.032798],[9.422471,55.028016],[9.424486,55.025246],[9.427462,55.023683],[9.434009,55.021736],[9.435148,55.021998],[9.436266,55.021706],[9.434376,55.024523],[9.435405,55.023482],[9.435268,55.02469],[9.440966,55.025451],[9.442111,55.024148],[9.445645,55.023034],[9.447472,55.020299],[9.447041,55.019609],[9.450373,55.017412],[9.453684,55.016315],[9.455641,55.016434],[9.457236,55.017255],[9.460022,55.017442],[9.472246,55.017364],[9.473453,55.017041],[9.475188,55.017419],[9.476993,55.016914],[9.47929,55.016937],[9.480518,55.017838],[9.483685,55.016535],[9.487613,55.015616],[9.49437,55.014758],[9.497193,55.015599],[9.500488,55.015668],[9.502104,55.016666],[9.506286,55.01663],[9.511472,55.019357],[9.51871,55.02454],[9.520876,55.025332],[9.525858,55.025911],[9.527576,55.026928],[9.534288,55.028239],[9.537641,55.029503],[9.547607,55.031657],[9.551448,55.031585],[9.558448,55.033458],[9.562544,55.033716],[9.56822,55.03338],[9.572431,55.03408],[9.574139,55.035197],[9.57572,55.037277],[9.574059,55.042784],[9.57601,55.043974],[9.578175,55.043818],[9.58097,55.044313],[9.592476,55.040356],[9.596281,55.040114],[9.599573,55.039387],[9.606576,55.035477],[9.609233,55.031651],[9.608426,55.030128],[9.613257,55.02554],[9.617548,55.019402],[9.620453,55.017017],[9.623563,55.015552],[9.626566,55.01487],[9.627992,55.013872],[9.630006,55.010225],[9.631833,55.009858],[9.639426,55.00979],[9.644993,55.007325],[9.652956,55.0062],[9.654725,55.005414],[9.655983,55.003203],[9.661564,55.000977],[9.668358,54.999226],[9.67088,54.999751],[9.670897,54.998807],[9.674852,54.99668],[9.68304,54.994839],[9.689723,54.989106],[9.692496,54.987871],[9.695332,54.987759],[9.704634,54.989332],[9.715441,54.990252],[9.719712,54.989711],[9.721156,54.988409],[9.72608,54.987342],[9.736512,54.987663],[9.738365,54.987423],[9.740075,54.979347],[9.739973,54.974791],[9.740736,54.974369],[9.739342,54.974145],[9.74115,54.97393],[9.751924,54.966404],[9.749522,54.959192],[9.750337,54.954444],[9.751612,54.95183],[9.751779,54.949829],[9.750929,54.948625],[9.75158,54.94836],[9.751585,54.94665],[9.753144,54.945396],[9.753257,54.943391],[9.755547,54.93965],[9.755346,54.933276],[9.755915,54.931826],[9.754773,54.928992],[9.755737,54.9286],[9.756467,54.926499],[9.758142,54.926275],[9.761593,54.926882],[9.763961,54.925673],[9.762897,54.922888],[9.763725,54.92137],[9.763636,54.91931],[9.767168,54.916098],[9.777545,54.91435],[9.780628,54.912939],[9.782435,54.910848],[9.780814,54.907859],[9.779609,54.907008],[9.7806,54.904865],[9.768647,54.899608],[9.756468,54.897176],[9.749552,54.898006],[9.742354,54.900149],[9.729878,54.902155],[9.725898,54.902217],[9.722106,54.903215],[9.709794,54.903474],[9.706548,54.902452],[9.704805,54.901172],[9.70108,54.895278],[9.702009,54.891915],[9.705021,54.889417],[9.707605,54.889068],[9.70933,54.888193],[9.713805,54.887911],[9.717295,54.888237],[9.719495,54.888913],[9.722836,54.888292],[9.724932,54.889132],[9.73912,54.882178],[9.741246,54.879244],[9.741039,54.87289],[9.742556,54.869608],[9.743984,54.869019],[9.747743,54.865473],[9.751056,54.863447],[9.757478,54.862468],[9.758329,54.861996],[9.75887,54.855021],[9.761272,54.850335],[9.76084,54.849335],[9.75578,54.845892],[9.752401,54.840064],[9.748153,54.838144],[9.743999,54.837041],[9.734448,54.836258],[9.730094,54.836327],[9.727208,54.834822],[9.725812,54.835769],[9.721605,54.841081],[9.707554,54.845146],[9.704706,54.846669],[9.705114,54.847975],[9.70807,54.849735],[9.7064,54.852427],[9.695313,54.853604],[9.689854,54.855976],[9.680079,54.857275],[9.674832,54.857314],[9.67243,54.856659],[9.670972,54.856774],[9.666661,54.855125],[9.663535,54.854459],[9.657915,54.855134],[9.644571,54.858175],[9.64291,54.859445],[9.639171,54.860704],[9.637886,54.861595],[9.636274,54.866822],[9.637393,54.866616],[9.639932,54.868045],[9.64539,54.869834],[9.64775,54.872599],[9.648282,54.872178],[9.650315,54.872459],[9.650765,54.873132],[9.649775,54.873702],[9.651467,54.873863],[9.652153,54.874754],[9.651881,54.875257],[9.650291,54.87538],[9.651864,54.875329],[9.653923,54.87619],[9.650599,54.876283],[9.653893,54.876406],[9.65624,54.877484],[9.657001,54.880743],[9.656434,54.881168],[9.650714,54.88215],[9.649696,54.881541],[9.6484,54.881619],[9.643616,54.883782],[9.642026,54.885245],[9.642379,54.889357],[9.640838,54.891495],[9.638481,54.893062],[9.635979,54.893698],[9.634673,54.893016],[9.630739,54.893699],[9.629246,54.893374],[9.629844,54.893699],[9.629322,54.894328],[9.628372,54.894124],[9.627447,54.894094],[9.628664,54.894486],[9.626634,54.894654],[9.626553,54.894397],[9.627358,54.894247],[9.62722,54.894083],[9.623944,54.895265],[9.621152,54.895715],[9.619789,54.89577],[9.618062,54.895193],[9.615975,54.897061],[9.615722,54.897412],[9.618059,54.895255],[9.620639,54.896188],[9.618915,54.897115],[9.618123,54.898377],[9.617042,54.89803],[9.61812,54.898502],[9.617951,54.898925],[9.614373,54.901515],[9.608817,54.903901],[9.598911,54.904817],[9.598545,54.906058],[9.600757,54.907439],[9.600915,54.908068],[9.60354,54.908807],[9.605186,54.910193],[9.607312,54.910902],[9.609259,54.910721],[9.609901,54.911337],[9.61206,54.910872],[9.613354,54.911594],[9.615375,54.911278],[9.616461,54.912546],[9.617699,54.912936],[9.621631,54.912574],[9.633277,54.913865],[9.635875,54.914412],[9.637366,54.915566],[9.63689,54.91633],[9.637593,54.915653],[9.643034,54.915801],[9.644064,54.915283],[9.645687,54.915936],[9.64517,54.915238],[9.646471,54.914298],[9.647634,54.914351],[9.6484,54.914998],[9.647987,54.914339],[9.6489,54.912818],[9.650458,54.911663],[9.652622,54.911705],[9.654329,54.912828],[9.652941,54.911605],[9.652631,54.909727],[9.653442,54.909383],[9.655226,54.909737],[9.656817,54.911766],[9.655175,54.909292],[9.655926,54.908495],[9.657386,54.90925],[9.65786,54.911401],[9.657688,54.909762],[9.658308,54.909513],[9.659271,54.909412],[9.661136,54.910117],[9.663871,54.909247],[9.66605,54.909741],[9.669556,54.90958],[9.672947,54.911681],[9.674496,54.913431],[9.672011,54.914245],[9.673329,54.915221],[9.673292,54.916336],[9.671342,54.916562],[9.670511,54.917253],[9.669635,54.917063],[9.670732,54.918087],[9.670307,54.919206],[9.667657,54.919352],[9.66699,54.919002],[9.667285,54.919602],[9.66598,54.920999],[9.66189,54.922603],[9.659976,54.921996],[9.659986,54.922842],[9.65946,54.922421],[9.658169,54.924219],[9.65322,54.926954],[9.646079,54.929006],[9.642773,54.929298],[9.640799,54.931334],[9.6375,54.93306],[9.62731,54.935158],[9.623185,54.935165],[9.619531,54.933917],[9.61532,54.93012],[9.614825,54.928571],[9.616904,54.928404],[9.614495,54.928331],[9.613742,54.927288],[9.611645,54.919864],[9.611451,54.915671],[9.609968,54.914648],[9.607558,54.914373],[9.607479,54.915449],[9.604749,54.918519],[9.603102,54.919281],[9.602729,54.918816],[9.601825,54.918819],[9.601709,54.919278],[9.600694,54.919054],[9.600672,54.91997],[9.600538,54.919055],[9.59723,54.918986],[9.596906,54.918253],[9.594613,54.918023],[9.590658,54.915388],[9.588961,54.915051],[9.589138,54.91403],[9.589586,54.914319],[9.591798,54.913882],[9.597567,54.914149],[9.602109,54.910836],[9.602115,54.90974],[9.597422,54.909191],[9.59844,54.907437],[9.597584,54.90677],[9.58947,54.905349],[9.587717,54.905698],[9.585696,54.905333],[9.585109,54.905909],[9.583474,54.905664],[9.58084,54.904472],[9.579183,54.90286],[9.576638,54.902687],[9.575184,54.902101],[9.574157,54.900719],[9.574711,54.899576],[9.579278,54.897891],[9.578762,54.89668],[9.579498,54.895713],[9.57928,54.894576],[9.577662,54.889962],[9.574879,54.886447],[9.573525,54.886117],[9.568493,54.882523],[9.567982,54.880936],[9.565948,54.879367],[9.56126,54.878381],[9.55673,54.876184],[9.553085,54.876756],[9.545193,54.880525],[9.539077,54.881618],[9.536883,54.880918],[9.5351,54.879324],[9.535152,54.87805],[9.536491,54.877675],[9.535997,54.876519],[9.533714,54.876527],[9.527693,54.877764],[9.525973,54.877564],[9.522351,54.875775],[9.519713,54.871897],[9.515966,54.870795],[9.51211,54.871655],[9.509777,54.871514],[9.507333,54.870007],[9.499887,54.862498],[9.498645,54.86032],[9.500307,54.860108],[9.49731,54.859684],[9.492941,54.858262],[9.490784,54.85697],[9.489276,54.854566],[9.484212,54.849431],[9.485311,54.848316],[9.488016,54.848869],[9.487879,54.848607],[9.480233,54.847501],[9.470931,54.845315],[9.467959,54.84364],[9.467148,54.842434],[9.463986,54.841178],[9.463524,54.839833],[9.462389,54.839225],[9.455556,54.838392],[9.447556,54.838207],[9.446088,54.837102],[9.445159,54.83753],[9.442336,54.836765],[9.4321,54.832127],[9.420592,54.831936],[9.419313,54.832494],[9.418014,54.832165],[9.416582,54.833278],[9.416169,54.834744],[9.416393,54.83585],[9.418455,54.836474],[9.418082,54.838043],[9.410997,54.842089],[9.4083,54.842617],[9.406989,54.842178],[9.403655,54.838852],[9.402674,54.840462],[9.397812,54.839151],[9.391464,54.838359],[9.387473,54.838404],[9.382856,54.839142],[9.380936,54.837456],[9.381566,54.835423],[9.378894,54.833059],[9.376271,54.833825],[9.375927,54.833332],[9.374753,54.833315],[9.374243,54.831256],[9.37635,54.82916],[9.374991,54.826999],[9.375558,54.825812],[9.374098,54.824876],[9.374187,54.823437],[9.372602,54.822095],[9.374163,54.821207],[9.370681,54.81909],[9.367843,54.819129],[9.367,54.81839],[9.365741,54.818389],[9.365996,54.817961],[9.362778,54.816554],[9.363439,54.815304],[9.362754,54.815174],[9.362293,54.81598],[9.360861,54.816234],[9.356583,54.815329],[9.354701,54.814309],[9.346448,54.806688],[9.343223,54.807126],[9.34205,54.803619],[9.345588,54.802155],[9.343714,54.800238],[9.330408,54.804207],[9.329461,54.805609],[9.293455,54.808934],[9.292025,54.806165],[9.295577,54.803181],[9.294929,54.801691],[9.286374,54.8043],[9.284216,54.809653],[9.281263,54.809806],[9.270479,54.812137],[9.264847,54.810754],[9.258045,54.81056],[9.250079,54.809637],[9.24605,54.817211],[9.238363,54.826843],[9.235832,54.83126],[9.235275,54.83519],[9.238815,54.839067],[9.244894,54.843857],[9.240273,54.84998],[9.223543,54.853589],[9.205079,54.859039],[9.19457,54.859237],[9.187963,54.861031],[9.185854,54.863267],[9.160149,54.868864],[9.154599,54.870882],[9.14319,54.87299],[9.136309,54.873736],[9.123068,54.872644],[9.110451,54.874021],[9.099443,54.871957],[9.095578,54.871992],[9.090673,54.870212],[9.07606,54.871859],[9.071595,54.871181],[9.063268,54.871186],[9.057555,54.872941],[9.047857,54.872012],[9.02919,54.878232],[9.02969,54.880385],[9.014537,54.886508],[8.98412,54.892176],[8.977489,54.895817],[8.96558,54.89827],[8.963121,54.8998],[8.956804,54.901323],[8.955571,54.90095],[8.954307,54.901638],[8.948067,54.902544],[8.938777,54.902441],[8.923224,54.903423],[8.921095,54.902526],[8.918468,54.902929],[8.91768,54.902611],[8.91691,54.903057],[8.915892,54.902465],[8.913296,54.902028],[8.913238,54.903183],[8.912007,54.903177],[8.91052,54.903871],[8.904193,54.903834],[8.902088,54.904441],[8.89493,54.903978],[8.892241,54.904886],[8.889154,54.903932],[8.887475,54.902548],[8.877604,54.902083],[8.872717,54.899332],[8.865868,54.899896],[8.862378,54.89756],[8.859576,54.896717],[8.848747,54.897316],[8.841964,54.901221],[8.836994,54.905544],[8.833338,54.906688],[8.832681,54.906056],[8.831552,54.906215],[8.829699,54.905637],[8.829574,54.906352],[8.824224,54.906873],[8.823145,54.905741],[8.81886,54.903936],[8.814603,54.904027],[8.811937,54.904582],[8.811398,54.905931],[8.799054,54.904669],[8.799139,54.902556],[8.793235,54.901476],[8.790266,54.89965],[8.786961,54.898517],[8.781339,54.897727],[8.781365,54.897232],[8.778575,54.895925],[8.776484,54.895483],[8.777036,54.892639],[8.759638,54.894515],[8.754991,54.896875],[8.750319,54.896702],[8.749969,54.895573],[8.738214,54.893233],[8.727897,54.89274],[8.717397,54.895985],[8.716218,54.896515],[8.716643,54.89726],[8.709813,54.898877],[8.707661,54.900922],[8.700898,54.902853],[8.696053,54.905309],[8.686961,54.908897],[8.680264,54.910573],[8.668541,54.911294],[8.66003,54.908675],[8.634825,54.911618],[8.636994,54.915642],[8.633519,54.916079],[8.636,54.915909],[8.641592,54.928033],[8.640791,54.928214],[8.645782,54.938803],[8.645037,54.938918],[8.646661,54.942463],[8.64742,54.942348],[8.655614,54.960067],[8.657833,54.963116],[8.656521,54.98634],[8.658965,54.986417],[8.658558,54.988136],[8.656403,54.990144],[8.656473,54.990695],[8.655173,54.99133],[8.655455,54.991899],[8.654324,54.993179],[8.654824,54.993309],[8.652295,54.996415],[8.652096,54.997891],[8.650252,54.999738],[8.650712,54.999969],[8.650333,55.000503],[8.649566,55.000519],[8.649817,55.002004],[8.648834,55.003794],[8.646746,55.004349],[8.647196,55.005754],[8.64637,55.00595],[8.645338,55.010588],[8.644227,55.010901],[8.644538,55.012759],[8.633859,55.032223],[8.634,55.039749],[8.631667,55.039985],[8.646208,55.089533],[8.649684,55.089214],[8.650049,55.090465],[8.653206,55.093235],[8.65364,55.094663],[8.654939,55.095962],[8.656738,55.096601],[8.659094,55.099088],[8.659402,55.09965],[8.657769,55.100069],[8.658365,55.100304],[8.657761,55.100478],[8.661496,55.103836],[8.660911,55.105388],[8.66204,55.105645],[8.662585,55.106969],[8.663482,55.107271],[8.663462,55.108549],[8.665476,55.110833],[8.666068,55.114023],[8.667428,55.114763],[8.666947,55.115056],[8.668538,55.117458],[8.668139,55.117877],[8.668957,55.11803],[8.668635,55.118523],[8.66934,55.118842],[8.675624,55.130119],[8.685655,55.13077],[8.682309,55.131815],[8.682774,55.132249],[8.681456,55.132281],[8.68021,55.133337],[8.678291,55.133825],[8.678029,55.1342],[8.679278,55.134456],[8.679552,55.135286],[8.679166,55.135751],[8.67786,55.135639],[8.679188,55.136959],[8.681244,55.141097],[8.685965,55.144099],[8.682223,55.145612],[8.68129,55.145504],[8.680102,55.145936],[8.678013,55.14594],[8.677109,55.146653],[8.674856,55.14681],[8.673765,55.147412],[8.669492,55.147342],[8.667813,55.148041],[8.666546,55.147892],[8.663925,55.148491],[8.642305,55.147955],[8.641185,55.147815],[8.641501,55.146489],[8.612978,55.144519],[8.558846,55.150394],[8.556388,55.149834],[8.551334,55.144434],[8.550619,55.141935],[8.551901,55.140018],[8.55144,55.137614],[8.552251,55.136595],[8.552187,55.134339],[8.554757,55.130868],[8.555389,55.12767],[8.555033,55.124861],[8.557128,55.123218],[8.558978,55.123324],[8.559531,55.122328],[8.555287,55.113673],[8.556038,55.110995],[8.555313,55.109087],[8.552716,55.106767],[8.551012,55.10401],[8.550785,55.101143],[8.557441,55.097875],[8.560713,55.092123],[8.562843,55.090142],[8.565593,55.089136],[8.56725,55.089259],[8.572318,55.087316],[8.571899,55.086936],[8.566701,55.088654],[8.564743,55.08832],[8.565386,55.08703],[8.567735,55.087043],[8.567776,55.085337],[8.569018,55.085349],[8.569289,55.087033],[8.569528,55.086159],[8.571757,55.08558],[8.563464,55.084668],[8.562574,55.082564],[8.560084,55.081472],[8.558239,55.079955],[8.55792,55.078547],[8.557028,55.077963],[8.551545,55.076454],[8.551291,55.075414],[8.550397,55.074975],[8.54525,55.073791],[8.545037,55.071083],[8.536802,55.069643],[8.537645,55.067759],[8.537572,55.066529],[8.536736,55.066021],[8.528218,55.062802],[8.527192,55.063114],[8.526431,55.062678],[8.52443,55.062592],[8.522102,55.0636],[8.522542,55.06257],[8.520846,55.062262],[8.519718,55.062688],[8.521492,55.0612],[8.519908,55.060733],[8.518097,55.060886],[8.516214,55.059992],[8.516718,55.058935],[8.514738,55.058161],[8.511401,55.057794],[8.509507,55.058016],[8.50844,55.059124],[8.506342,55.059687],[8.504166,55.061623],[8.501167,55.062383],[8.500067,55.063434],[8.500581,55.062672],[8.5,55.062678],[8.499883,55.063604],[8.499317,55.063588],[8.495087,55.069352],[8.489461,55.07313],[8.485993,55.074641],[8.479328,55.081487],[8.477074,55.082346],[8.473154,55.085283],[8.469008,55.09055],[8.466373,55.092905],[8.465303,55.092983],[8.463785,55.094149],[8.462468,55.097052],[8.462714,55.098123],[8.465029,55.0997],[8.475091,55.100213],[8.471615,55.10082],[8.471617,55.101415],[8.47601,55.100152],[8.479762,55.097697],[8.484054,55.095845],[8.485509,55.0946],[8.484952,55.096237],[8.47569,55.101222],[8.471326,55.10181],[8.467619,55.100746],[8.464018,55.100388],[8.469134,55.114926],[8.473797,55.131341],[8.475805,55.142587],[8.476077,55.153344],[8.476694,55.155185],[8.475823,55.165095],[8.478684,55.163541],[8.479595,55.161821],[8.48102,55.161068],[8.483763,55.161163],[8.487587,55.162514],[8.485851,55.162353],[8.482706,55.161163],[8.480087,55.16182],[8.479955,55.162996],[8.478194,55.164556],[8.476546,55.168199],[8.476557,55.172225],[8.478497,55.177924],[8.480271,55.180106],[8.479598,55.178331],[8.481914,55.18226],[8.484224,55.189981],[8.487426,55.194312],[8.490347,55.196801],[8.491756,55.197596],[8.488451,55.194593],[8.492571,55.197593],[8.497337,55.202697],[8.499553,55.203921],[8.501598,55.205948],[8.506913,55.208647],[8.515531,55.210884],[8.515121,55.21039],[8.516824,55.211346],[8.519049,55.211752],[8.524426,55.211016],[8.52973,55.208941],[8.52165,55.195712],[8.526832,55.201774],[8.529634,55.206725],[8.530981,55.208116],[8.531726,55.20815],[8.534601,55.207671],[8.537312,55.206608],[8.547356,55.205183],[8.551552,55.203928],[8.552079,55.203568],[8.551378,55.202236],[8.548745,55.200928],[8.54485,55.199997],[8.545204,55.199696],[8.551099,55.201429],[8.555772,55.20051],[8.557602,55.201649],[8.561933,55.200775],[8.572827,55.197209],[8.573505,55.195964],[8.571204,55.195484],[8.574748,55.195208],[8.588295,55.191366],[8.590566,55.190406],[8.592921,55.188354],[8.593707,55.18751],[8.593315,55.186334],[8.592712,55.186412],[8.587246,55.180525],[8.579466,55.175978],[8.5767,55.174791],[8.574291,55.174352],[8.572595,55.173014],[8.56901,55.164583],[8.57193,55.164137],[8.571353,55.162372],[8.573646,55.162071],[8.572435,55.158588],[8.570883,55.158744],[8.569687,55.15522],[8.568123,55.155374],[8.567507,55.15363],[8.610258,55.14878],[8.615882,55.148685],[8.637345,55.150376],[8.637778,55.148624],[8.64719,55.149345],[8.646775,55.151094],[8.659165,55.152086],[8.658098,55.156508],[8.684495,55.15863],[8.677409,55.18784],[8.674488,55.188368],[8.669839,55.207186],[8.671278,55.206438],[8.669715,55.207733],[8.665447,55.222275],[8.662986,55.221483],[8.661937,55.220322],[8.65888,55.219886],[8.657492,55.220366],[8.655701,55.223878],[8.658438,55.225102],[8.659671,55.224807],[8.661734,55.22512],[8.657736,55.234003],[8.661869,55.23464],[8.660492,55.237686],[8.659246,55.237315],[8.65816,55.238297],[8.658872,55.238606],[8.658292,55.23968],[8.659062,55.24027],[8.658824,55.241881],[8.656931,55.242288],[8.657977,55.24307],[8.656576,55.243525],[8.65898,55.244408],[8.65705,55.244862],[8.658633,55.245782],[8.657075,55.246196],[8.656217,55.247552],[8.657711,55.247967],[8.658678,55.247274],[8.659901,55.24716],[8.660363,55.245615],[8.661514,55.245379],[8.661929,55.246812],[8.661317,55.247956],[8.660419,55.248605],[8.658722,55.248564],[8.657984,55.249649],[8.659133,55.251136],[8.661514,55.252199],[8.660884,55.252415],[8.661988,55.253207],[8.664344,55.253337],[8.665202,55.253891],[8.664019,55.254566],[8.660623,55.253972],[8.658819,55.254985],[8.658619,55.254291],[8.657207,55.2547],[8.655761,55.255699],[8.65527,55.257191],[8.656023,55.259147],[8.654371,55.259613],[8.654679,55.260076],[8.656416,55.260152],[8.658095,55.259483],[8.659219,55.260813],[8.662831,55.26074],[8.662871,55.261539],[8.661222,55.261225],[8.660497,55.263379],[8.660805,55.264414],[8.662483,55.264362],[8.663147,55.26516],[8.661046,55.266061],[8.661107,55.265173],[8.659219,55.264839],[8.658548,55.265115],[8.658135,55.264176],[8.656029,55.263784],[8.65569,55.264745],[8.655407,55.264285],[8.653333,55.264114],[8.653508,55.264852],[8.65201,55.265579],[8.652274,55.266316],[8.651279,55.267803],[8.648782,55.267707],[8.647366,55.268212],[8.645734,55.267833],[8.643776,55.268874],[8.64345,55.270015],[8.643918,55.271016],[8.649285,55.273237],[8.64906,55.274746],[8.65024,55.274728],[8.650025,55.275607],[8.650467,55.275516],[8.650846,55.275664],[8.649368,55.277437],[8.651214,55.278384],[8.650809,55.279123],[8.651822,55.279873],[8.653525,55.27975],[8.653346,55.278128],[8.654375,55.276215],[8.655455,55.275951],[8.655893,55.277139],[8.659087,55.276689],[8.659585,55.277158],[8.657473,55.278477],[8.656262,55.280067],[8.656194,55.281846],[8.657408,55.283719],[8.656037,55.284355],[8.654573,55.286078],[8.654698,55.28867],[8.653541,55.292449],[8.654215,55.292842],[8.653475,55.293555],[8.651086,55.293911],[8.653619,55.29403],[8.654233,55.294644],[8.653145,55.295207],[8.654282,55.295219],[8.653863,55.296284],[8.654719,55.296482],[8.655606,55.298229],[8.65432,55.298588],[8.655488,55.29846],[8.657272,55.30142],[8.657119,55.302254],[8.655858,55.302327],[8.656275,55.303009],[8.655258,55.30269],[8.656938,55.305509],[8.657809,55.305647],[8.655811,55.305931],[8.656526,55.306149],[8.655836,55.306378],[8.655362,55.306017],[8.652691,55.306528],[8.65363,55.306688],[8.653096,55.30682],[8.653779,55.307523],[8.65308,55.30781],[8.642294,55.309673],[8.625677,55.304262],[8.626366,55.303109],[8.625632,55.303727],[8.625301,55.302878],[8.624912,55.303355],[8.623687,55.302216],[8.622663,55.30199],[8.621962,55.30233],[8.621898,55.301707],[8.620216,55.301181],[8.618527,55.301783],[8.619284,55.300637],[8.616853,55.299836],[8.616326,55.300404],[8.616509,55.299721],[8.614381,55.299023],[8.615199,55.299415],[8.613558,55.299028],[8.612519,55.299789],[8.613166,55.298616],[8.611327,55.297405],[8.611839,55.297852],[8.610641,55.297666],[8.609803,55.298269],[8.608352,55.296465],[8.605937,55.295109],[8.593976,55.292486],[8.593917,55.291533],[8.593106,55.291706],[8.592181,55.290323],[8.590473,55.289945],[8.588996,55.290228],[8.587267,55.288994],[8.58624,55.289069],[8.58456,55.286421],[8.583045,55.286537],[8.577827,55.279409],[8.574531,55.276557],[8.574805,55.276144],[8.573908,55.276506],[8.574605,55.276057],[8.574155,55.276228],[8.571675,55.272243],[8.568527,55.26906],[8.567711,55.269174],[8.567448,55.268418],[8.559158,55.265274],[8.551311,55.265192],[8.549292,55.265627],[8.546873,55.265138],[8.544004,55.265472],[8.541414,55.266359],[8.538502,55.267675],[8.533317,55.271289],[8.53078,55.2751],[8.531198,55.280257],[8.53379,55.283554],[8.537343,55.286175],[8.540159,55.287383],[8.541634,55.288898],[8.542258,55.288869],[8.542595,55.290001],[8.54503,55.292171],[8.550895,55.294577],[8.555794,55.295779],[8.561415,55.296198],[8.572061,55.294749],[8.574221,55.294801],[8.579425,55.293435],[8.588275,55.296004],[8.589123,55.295899],[8.591201,55.29377],[8.596314,55.294907],[8.597129,55.29437],[8.596896,55.295034],[8.601692,55.296096],[8.601791,55.295656],[8.602616,55.295686],[8.602238,55.296337],[8.605908,55.298702],[8.607169,55.298831],[8.607791,55.299471],[8.608701,55.299304],[8.609321,55.300407],[8.613075,55.300561],[8.614762,55.301261],[8.615984,55.302491],[8.618294,55.302135],[8.618689,55.303489],[8.61946,55.303593],[8.62054,55.302992],[8.620569,55.303997],[8.627241,55.306161],[8.628301,55.305277],[8.642727,55.309958],[8.64315,55.310749],[8.644345,55.310787],[8.645901,55.309906],[8.648948,55.309255],[8.651174,55.309729],[8.658589,55.308302],[8.659833,55.310388],[8.660822,55.308495],[8.66129,55.310105],[8.666367,55.315386],[8.667291,55.318102],[8.665978,55.318608],[8.66663,55.319176],[8.667711,55.319167],[8.668116,55.320243],[8.667385,55.320613],[8.668297,55.320544],[8.669576,55.321585],[8.668428,55.322197],[8.670315,55.323404],[8.669358,55.323555],[8.669382,55.324218],[8.66504,55.324211],[8.663839,55.324749],[8.663671,55.325947],[8.664699,55.326297],[8.665452,55.327814],[8.666294,55.327962],[8.666806,55.327649],[8.666157,55.326611],[8.668117,55.325371],[8.668986,55.325671],[8.66991,55.325376],[8.671126,55.327716],[8.670014,55.328547],[8.670252,55.33229],[8.676676,55.332676],[8.675843,55.333799],[8.673947,55.334804],[8.669643,55.334623],[8.66544,55.33646],[8.663898,55.339655],[8.664769,55.340766],[8.666832,55.341467],[8.672365,55.340107],[8.674978,55.339818],[8.675785,55.340088],[8.661696,55.343644],[8.661597,55.345028],[8.660829,55.346041],[8.66016,55.346027],[8.660432,55.34649],[8.659583,55.346551],[8.658971,55.347788],[8.65973,55.348785],[8.656884,55.348847],[8.656654,55.34995],[8.65737,55.350888],[8.656387,55.35125],[8.656346,55.352397],[8.655352,55.352408],[8.65607,55.353525],[8.65485,55.354774],[8.655089,55.356997],[8.654136,55.357142],[8.655569,55.357812],[8.654786,55.358137],[8.655045,55.358579],[8.653733,55.358672],[8.654225,55.359745],[8.653147,55.359376],[8.651962,55.360018],[8.65227,55.360595],[8.652875,55.360501],[8.652112,55.361033],[8.652597,55.36143],[8.651317,55.361352],[8.650941,55.363093],[8.651663,55.363746],[8.650585,55.364978],[8.651286,55.365416],[8.650626,55.36573],[8.650518,55.368001],[8.649316,55.369128],[8.649407,55.37107],[8.648695,55.371117],[8.647965,55.373473],[8.646732,55.374438],[8.646588,55.376089],[8.645716,55.376401],[8.646534,55.377269],[8.643922,55.378873],[8.644204,55.379959],[8.642992,55.380125],[8.643971,55.38047],[8.642793,55.381145],[8.64345,55.383392],[8.640568,55.383991],[8.640418,55.385055],[8.639248,55.385445],[8.639825,55.386323],[8.640902,55.386572],[8.64039,55.386892],[8.639384,55.386653],[8.638319,55.388506],[8.639349,55.388866],[8.640608,55.387919],[8.64046,55.390517],[8.639398,55.391724],[8.638029,55.390948],[8.636146,55.391753],[8.634554,55.394521],[8.63535,55.394812],[8.635679,55.395832],[8.633912,55.396113],[8.633538,55.396564],[8.635069,55.39756],[8.632972,55.397782],[8.632239,55.399101],[8.633053,55.399855],[8.632577,55.400985],[8.634559,55.400582],[8.6346,55.401336],[8.631474,55.404709],[8.631491,55.406073],[8.628958,55.40565],[8.630273,55.406101],[8.628567,55.406496],[8.628389,55.40671],[8.629978,55.406231],[8.630642,55.406554],[8.630111,55.406463],[8.630066,55.406944],[8.630625,55.406705],[8.631077,55.407048],[8.628768,55.407556],[8.62776,55.410722],[8.626674,55.411257],[8.626974,55.411992],[8.625722,55.413008],[8.626099,55.413855],[8.624907,55.414782],[8.625159,55.415802],[8.624447,55.416707],[8.623547,55.416686],[8.622989,55.41914],[8.623956,55.420408],[8.622952,55.420795],[8.623908,55.421002],[8.623389,55.422587],[8.622317,55.422535],[8.62341,55.422686],[8.623239,55.42444],[8.621786,55.424438],[8.623172,55.424536],[8.623045,55.426434],[8.620956,55.426154],[8.622273,55.426831],[8.62006,55.428353],[8.608681,55.431525],[8.607378,55.432183],[8.607317,55.432999],[8.60583,55.431671],[8.604602,55.431608],[8.604589,55.43213],[8.602563,55.432326],[8.599636,55.433632],[8.600206,55.433985],[8.599727,55.434219],[8.595786,55.435508],[8.595653,55.436265],[8.592178,55.438636],[8.584281,55.441909],[8.57566,55.44374],[8.575319,55.444223],[8.573734,55.444097],[8.57201,55.44491],[8.569689,55.44478],[8.564322,55.446506],[8.561532,55.447713],[8.55797,55.45121],[8.55714,55.45104],[8.556171,55.452924],[8.553099,55.453413],[8.551936,55.454643],[8.548308,55.454792],[8.547234,55.455466],[8.54401,55.456037],[8.54296,55.456104],[8.5421,55.455159],[8.540892,55.455456],[8.540603,55.4549],[8.540006,55.455133],[8.539234,55.454485],[8.535564,55.453519],[8.533976,55.454459],[8.531928,55.453355],[8.53128,55.453669],[8.53016,55.452808],[8.530227,55.453243],[8.524138,55.451654],[8.519639,55.4514],[8.504338,55.452681],[8.494544,55.455045],[8.48961,55.450744],[8.481438,55.447269],[8.475893,55.448656],[8.478819,55.4483],[8.4819,55.449567],[8.482654,55.450381],[8.48204,55.452046],[8.481503,55.451838],[8.479341,55.453725],[8.472119,55.451048],[8.471051,55.449742],[8.449966,55.454556],[8.450117,55.454823],[8.446338,55.455516],[8.446386,55.456087],[8.4425,55.456985],[8.438418,55.457192],[8.441316,55.45739],[8.442914,55.458009],[8.44976,55.457743],[8.450803,55.462022],[8.448879,55.462175],[8.448434,55.460384],[8.442903,55.460604],[8.443304,55.461881],[8.446396,55.463324],[8.442524,55.464556],[8.441598,55.460697],[8.439799,55.460041],[8.440928,55.460733],[8.440693,55.460956],[8.438593,55.460496],[8.438863,55.462545],[8.43783,55.462648],[8.436926,55.462193],[8.436678,55.460508],[8.435748,55.460468],[8.435592,55.458196],[8.434508,55.459038],[8.433019,55.459349],[8.430843,55.460614],[8.430691,55.46291],[8.425252,55.468028],[8.428862,55.46482],[8.431452,55.466513],[8.432399,55.464494],[8.436355,55.466315],[8.42955,55.471666],[8.423895,55.469955],[8.424504,55.469552],[8.42424,55.46949],[8.424599,55.468974],[8.424347,55.468874],[8.423158,55.470775],[8.423416,55.47187],[8.423861,55.471504],[8.427272,55.472574],[8.426252,55.473624],[8.423826,55.472859],[8.424289,55.47229],[8.423166,55.472927],[8.422484,55.473895],[8.42349,55.473062],[8.426023,55.473858],[8.424776,55.475136],[8.42425,55.474952],[8.424759,55.475152],[8.423975,55.475235],[8.424522,55.475395],[8.423918,55.476011],[8.420997,55.475196],[8.421248,55.474864],[8.420943,55.47518],[8.419821,55.474823],[8.422359,55.472223],[8.422382,55.471646],[8.420517,55.473657],[8.419366,55.473446],[8.417277,55.475501],[8.420142,55.476446],[8.418769,55.477877],[8.419695,55.477356],[8.421915,55.478052],[8.420988,55.478054],[8.421611,55.478361],[8.420803,55.478438],[8.421202,55.478779],[8.420502,55.478557],[8.421111,55.478864],[8.420653,55.479328],[8.41767,55.478382],[8.416793,55.479294],[8.415809,55.479284],[8.417359,55.476873],[8.415804,55.476366],[8.416235,55.476633],[8.414234,55.478649],[8.412458,55.478367],[8.413843,55.477101],[8.412012,55.478358],[8.412844,55.477398],[8.411503,55.4782],[8.41403,55.475935],[8.414706,55.476147],[8.413887,55.47576],[8.407775,55.480111],[8.408955,55.479973],[8.409165,55.480677],[8.408254,55.481566],[8.407414,55.481427],[8.407452,55.480707],[8.407171,55.480657],[8.407444,55.483078],[8.408562,55.484234],[8.4136,55.485349],[8.413635,55.485712],[8.411601,55.486333],[8.404977,55.490121],[8.385008,55.502762],[8.380457,55.508274],[8.380049,55.508123],[8.376464,55.511332],[8.370963,55.513262],[8.354449,55.5213],[8.352966,55.523275],[8.3486,55.52597],[8.3389,55.534261],[8.335096,55.535944],[8.316043,55.546942],[8.313821,55.550416],[8.310175,55.554078],[8.294368,55.565265],[8.29306,55.567461],[8.293199,55.570017],[8.294055,55.572019],[8.296357,55.574303],[8.302156,55.57584],[8.304541,55.575887],[8.305246,55.576418],[8.31145,55.575629],[8.316865,55.577048],[8.317831,55.577687],[8.317353,55.577918],[8.318359,55.577776],[8.317968,55.578039],[8.318786,55.578659],[8.3176,55.57933],[8.314169,55.578597],[8.315162,55.579677],[8.315191,55.583378],[8.313188,55.58578],[8.310207,55.587802],[8.305946,55.589727],[8.290475,55.594732],[8.285898,55.594944],[8.28001,55.595882],[8.277811,55.595714],[8.276834,55.596209],[8.273911,55.595655],[8.273363,55.596069],[8.272044,55.595616],[8.270445,55.595895],[8.267528,55.594894],[8.258286,55.586697],[8.256069,55.585439],[8.256006,55.584952],[8.247732,55.580593],[8.24513,55.577643],[8.245035,55.573433],[8.243362,55.572442],[8.239951,55.571478],[8.23984,55.570954],[8.237691,55.569931],[8.236709,55.568369],[8.237083,55.567276],[8.236346,55.566821],[8.237908,55.562684],[8.236719,55.557371],[8.237286,55.554038],[8.238739,55.551363],[8.239856,55.550773],[8.239568,55.549977],[8.242033,55.547677],[8.242004,55.546114],[8.242708,55.545931],[8.244251,55.543364],[8.248118,55.540445],[8.251418,55.539142],[8.25237,55.538009],[8.256437,55.537387],[8.258432,55.536509],[8.260511,55.53663],[8.267056,55.535206],[8.269826,55.534154],[8.268825,55.531987],[8.268404,55.53251],[8.267867,55.532586],[8.267894,55.531999],[8.266526,55.531958],[8.264078,55.530563],[8.259303,55.529183],[8.257252,55.528094],[8.252967,55.527577],[8.254327,55.526863],[8.25683,55.527811],[8.25612,55.527191],[8.257567,55.527128],[8.258509,55.526547],[8.254531,55.525387],[8.25467,55.524532],[8.2561,55.523784],[8.260154,55.524055],[8.261079,55.522727],[8.259352,55.521377],[8.260969,55.520574],[8.262099,55.520537],[8.263759,55.51869],[8.265306,55.519151],[8.265753,55.517905],[8.269241,55.516157],[8.269758,55.516405],[8.270974,55.51607],[8.270151,55.515522],[8.271446,55.515174],[8.271725,55.51462],[8.275758,55.514064],[8.281644,55.51189],[8.282258,55.511212],[8.285197,55.51076],[8.285732,55.510187],[8.285039,55.509949],[8.285141,55.509333],[8.287374,55.507562],[8.287424,55.506603],[8.288076,55.506751],[8.288014,55.506264],[8.291002,55.504612],[8.291354,55.503813],[8.293898,55.503123],[8.302227,55.498889],[8.302568,55.497621],[8.303223,55.497529],[8.304344,55.496852],[8.305634,55.496452],[8.306563,55.49536],[8.306909,55.492063],[8.305995,55.491624],[8.304976,55.491804],[8.305723,55.490905],[8.305268,55.490055],[8.306205,55.490113],[8.304538,55.488014],[8.303884,55.484718],[8.304914,55.482649],[8.306612,55.481345],[8.306698,55.480349],[8.301335,55.479525],[8.300321,55.47909],[8.301479,55.478507],[8.299709,55.478564],[8.294495,55.477054],[8.293814,55.477432],[8.293471,55.476805],[8.287632,55.478063],[8.287788,55.478503],[8.283779,55.48092],[8.253433,55.497423],[8.251671,55.497857],[8.23897,55.504456],[8.237013,55.505979],[8.236805,55.505567],[8.235414,55.506003],[8.209206,55.519397],[8.20126,55.522464],[8.19881,55.524005],[8.195826,55.524918],[8.189139,55.52807],[8.171268,55.534558],[8.169464,55.534423],[8.167787,55.535101],[8.167922,55.534677],[8.165071,55.534615],[8.163451,55.535441],[8.16071,55.535599],[8.15748,55.536869],[8.15576,55.536685],[8.151872,55.538304],[8.149878,55.538014],[8.145703,55.539628],[8.144133,55.539258],[8.140055,55.540814],[8.138642,55.540672],[8.115814,55.546688],[8.104785,55.550335],[8.103357,55.550323],[8.097117,55.552107],[8.083626,55.554577],[8.083806,55.554889],[8.078425,55.556561],[8.075084,55.558685],[8.072664,55.561242],[8.07251,55.563082]]],[[[8.125252,56.001745],[8.130541,56.002638],[8.13521,56.001875],[8.138625,56.000312],[8.137355,56.000709],[8.133671,55.998679],[8.132109,55.999411],[8.132576,56.000363],[8.131566,56.000948],[8.130539,56.000817],[8.13095,56.000618],[8.130176,55.999946],[8.128197,56.000801],[8.128226,56.002111],[8.125252,56.001745]]],[[[8.126555,56.400135],[8.126036,56.400593],[8.127309,56.400204],[8.126555,56.400135]]],[[[8.142438,56.332478],[8.144946,56.333454],[8.145527,56.333329],[8.145078,56.332683],[8.143536,56.332292],[8.14316,56.331506],[8.142438,56.332478]]],[[[8.150943,56.102275],[8.155464,56.104332],[8.158156,56.105081],[8.157781,56.104598],[8.150943,56.102275]]],[[[8.157681,56.410261],[8.159509,56.411626],[8.161429,56.412223],[8.161352,56.411503],[8.159361,56.410121],[8.158314,56.409846],[8.157681,56.410261]]],[[[8.169897,55.942226],[8.169596,55.942741],[8.170179,55.942828],[8.169897,55.942226]]],[[[8.175545,55.841933],[8.176472,55.845593],[8.177331,55.846202],[8.179807,55.846386],[8.180709,55.845913],[8.183552,55.846323],[8.183914,55.84573],[8.1831,55.845576],[8.181645,55.843875],[8.180154,55.840428],[8.178407,55.839383],[8.180704,55.83528],[8.178674,55.830977],[8.177905,55.832051],[8.178187,55.834556],[8.17728,55.839201],[8.175545,55.841933]]],[[[8.173756,55.932356],[8.174644,55.932419],[8.175214,55.931962],[8.178391,55.927723],[8.173756,55.932356]]],[[[8.177689,55.825108],[8.178682,55.825587],[8.179639,55.824249],[8.178795,55.824406],[8.177689,55.825108]]],[[[8.176313,55.918935],[8.176434,55.920577],[8.177412,55.920952],[8.177936,55.920192],[8.177065,55.918788],[8.176313,55.918935]]],[[[8.166856,56.395239],[8.167533,56.395573],[8.170059,56.395198],[8.168319,56.39506],[8.166856,56.395239]]],[[[8.179524,55.848828],[8.181954,55.852045],[8.18686,55.855215],[8.188082,55.855212],[8.187977,55.854396],[8.18408,55.851994],[8.181191,55.848248],[8.179524,55.848828]]],[[[8.170757,56.337713],[8.17361,56.339621],[8.175793,56.340177],[8.177174,56.341667],[8.177622,56.340965],[8.183559,56.342601],[8.191108,56.343307],[8.192625,56.3438],[8.190102,56.341796],[8.188696,56.338611],[8.187848,56.338269],[8.186475,56.33921],[8.181013,56.339425],[8.173767,56.338137],[8.172092,56.336725],[8.170757,56.337713]]],[[[8.18268,55.823458],[8.183318,55.823452],[8.183141,55.823303],[8.18268,55.823458]]],[[[8.170738,56.395052],[8.170684,56.395343],[8.171154,56.395141],[8.170738,56.395052]]],[[[8.181797,55.880215],[8.182117,55.880455],[8.182799,55.879948],[8.181797,55.880215]]],[[[8.183607,55.823091],[8.1846,55.822787],[8.184761,55.822486],[8.184153,55.822545],[8.183607,55.823091]]],[[[8.172448,56.394987],[8.172428,56.395192],[8.172802,56.39507],[8.172448,56.394987]]],[[[8.173721,56.394783],[8.174545,56.394868],[8.174955,56.3947],[8.174381,56.394498],[8.173721,56.394783]]],[[[8.178287,56.344035],[8.178357,56.344231],[8.178657,56.344138],[8.178287,56.344035]]],[[[8.189228,55.856772],[8.198405,55.863772],[8.198849,55.864791],[8.197498,55.865145],[8.19579,55.866957],[8.19585,55.868005],[8.199164,55.867931],[8.200663,55.867332],[8.201061,55.866387],[8.200086,55.865015],[8.201023,55.864094],[8.200762,55.862964],[8.196334,55.860754],[8.19151,55.857106],[8.189934,55.85651],[8.189228,55.856772]]],[[[8.205832,55.862625],[8.207203,55.862755],[8.207052,55.862164],[8.206205,55.862011],[8.205832,55.862625]]],[[[8.215691,55.896996],[8.216749,55.897038],[8.218927,55.896488],[8.216033,55.896621],[8.215691,55.896996]]],[[[8.20791,56.61279],[8.209425,56.613606],[8.210013,56.613629],[8.20791,56.61279]]],[[[8.209608,56.613876],[8.210251,56.61428],[8.210473,56.614302],[8.210378,56.613902],[8.209608,56.613876]]],[[[8.211988,56.721755],[8.220394,56.723047],[8.222234,56.726751],[8.2236,56.731321],[8.223604,56.732737],[8.22268,56.733657],[8.223922,56.735455],[8.223165,56.736987],[8.224115,56.738247],[8.223677,56.74031],[8.22479,56.741416],[8.224101,56.743674],[8.224982,56.744488],[8.225016,56.745969],[8.224042,56.74714],[8.225062,56.748144],[8.224506,56.750352],[8.225644,56.75207],[8.224798,56.753801],[8.226206,56.755353],[8.225552,56.757077],[8.226537,56.759159],[8.225816,56.760495],[8.226868,56.761268],[8.22636,56.764015],[8.227351,56.76495],[8.227106,56.767055],[8.228052,56.769621],[8.22744,56.770939],[8.228251,56.773239],[8.227104,56.77416],[8.228073,56.775989],[8.227475,56.777401],[8.228633,56.780126],[8.227458,56.780987],[8.228943,56.782989],[8.228732,56.784272],[8.230091,56.786335],[8.229844,56.787457],[8.231059,56.78857],[8.231244,56.790727],[8.232517,56.792128],[8.232682,56.794013],[8.234155,56.795942],[8.233952,56.797562],[8.237383,56.80302],[8.236898,56.804018],[8.239243,56.80452],[8.2409,56.806772],[8.241429,56.80873],[8.243283,56.810683],[8.247377,56.817783],[8.257197,56.837135],[8.268096,56.853228],[8.285276,56.872652],[8.292896,56.882648],[8.311311,56.903358],[8.326514,56.921893],[8.337748,56.932376],[8.35517,56.95155],[8.362856,56.961022],[8.360582,56.962468],[8.365955,56.959442],[8.369275,56.960076],[8.369975,56.959603],[8.371707,56.95984],[8.380207,56.962984],[8.388967,56.968169],[8.404322,56.979694],[8.433692,57.004717],[8.457726,57.02775],[8.465714,57.036243],[8.467205,57.038947],[8.474414,57.043883],[8.477675,57.044933],[8.482043,57.044383],[8.483144,57.043756],[8.491105,57.043727],[8.495146,57.044079],[8.499134,57.04534],[8.510397,57.0511],[8.518426,57.056221],[8.530051,57.065016],[8.534622,57.067633],[8.554792,57.084234],[8.581543,57.110975],[8.588551,57.119167],[8.590917,57.120117],[8.589163,57.123971],[8.589675,57.125033],[8.588919,57.126884],[8.590108,57.128198],[8.591537,57.128251],[8.589519,57.12705],[8.589963,57.125261],[8.590603,57.125586],[8.589999,57.125078],[8.592127,57.122778],[8.593106,57.123515],[8.590796,57.121114],[8.592607,57.119954],[8.593796,57.120483],[8.594023,57.120016],[8.592755,57.119602],[8.593567,57.118814],[8.592641,57.119186],[8.589874,57.117666],[8.590907,57.11675],[8.593666,57.11831],[8.594373,57.118135],[8.596421,57.118898],[8.594933,57.120264],[8.595564,57.119964],[8.596198,57.120336],[8.594456,57.12206],[8.596363,57.122669],[8.5985,57.120283],[8.599662,57.120661],[8.597159,57.122931],[8.598055,57.123229],[8.597594,57.123036],[8.600286,57.120595],[8.6012,57.12125],[8.599182,57.123595],[8.601815,57.121243],[8.601864,57.121696],[8.602376,57.121333],[8.60298,57.121642],[8.599964,57.124375],[8.593706,57.122407],[8.598026,57.124215],[8.604444,57.126069],[8.601093,57.127537],[8.59638,57.126359],[8.597001,57.125954],[8.594956,57.126728],[8.592693,57.12675],[8.594461,57.126875],[8.596113,57.126453],[8.599653,57.127627],[8.601756,57.127675],[8.609078,57.123494],[8.620827,57.126344],[8.620687,57.129106],[8.620826,57.129112],[8.621101,57.125729],[8.62436,57.124446],[8.626233,57.124322],[8.627401,57.123133],[8.640843,57.121971],[8.649841,57.11956],[8.654963,57.119059],[8.656257,57.118356],[8.668521,57.115868],[8.679319,57.114197],[8.691365,57.110969],[8.698013,57.108692],[8.709393,57.10669],[8.712752,57.105815],[8.715926,57.104321],[8.722854,57.102887],[8.727087,57.102484],[8.733138,57.100502],[8.741946,57.098924],[8.747377,57.098457],[8.753043,57.098593],[8.789804,57.103146],[8.82014,57.108007],[8.838073,57.1113],[8.865638,57.11783],[8.889759,57.124886],[8.900109,57.128553],[8.91973,57.136431],[8.933758,57.141228],[8.959131,57.153163],[8.96596,57.155393],[8.974976,57.157586],[8.985378,57.157575],[8.991773,57.156527],[9.005628,57.155308],[9.017851,57.157077],[9.027465,57.159035],[9.042542,57.155921],[9.049969,57.155429],[9.056103,57.153248],[9.066611,57.150673],[9.073257,57.149755],[9.084945,57.147269],[9.090465,57.145109],[9.106067,57.142775],[9.147644,57.138741],[9.161117,57.138241],[9.183676,57.138208],[9.198828,57.138703],[9.219546,57.14062],[9.256634,57.142533],[9.27774,57.144543],[9.291206,57.147476],[9.317048,57.154029],[9.33055,57.155254],[9.350866,57.155416],[9.364191,57.156434],[9.382048,57.159341],[9.3972,57.163183],[9.408433,57.166931],[9.423427,57.172879],[9.440307,57.180244],[9.465348,57.192298],[9.529629,57.219613],[9.550306,57.23352],[9.566646,57.245962],[9.584552,57.261314],[9.600242,57.273389],[9.643632,57.311028],[9.6525,57.32088],[9.672482,57.338345],[9.684296,57.349545],[9.703609,57.371919],[9.701778,57.373027],[9.703778,57.371981],[9.706031,57.372868],[9.711289,57.375888],[9.716332,57.38005],[9.736909,57.40291],[9.774307,57.452787],[9.786306,57.465333],[9.791172,57.472572],[9.794314,57.475101],[9.795079,57.477124],[9.796036,57.477076],[9.796021,57.477753],[9.797156,57.47832],[9.796481,57.477665],[9.798143,57.478117],[9.797679,57.478597],[9.798815,57.478635],[9.798654,57.479104],[9.799895,57.479206],[9.799577,57.47958],[9.80091,57.480414],[9.801652,57.480295],[9.803887,57.482463],[9.819503,57.489318],[9.822096,57.490856],[9.822604,57.491951],[9.823436,57.49193],[9.824758,57.492827],[9.824762,57.493335],[9.826113,57.493428],[9.827182,57.494617],[9.828489,57.49443],[9.829969,57.495701],[9.832057,57.49603],[9.839379,57.500335],[9.842668,57.502886],[9.848952,57.506234],[9.854434,57.510069],[9.865572,57.516594],[9.882908,57.529386],[9.89742,57.543396],[9.909751,57.557282],[9.924994,57.571244],[9.934415,57.582822],[9.943099,57.58805],[9.945258,57.588402],[9.94865,57.58993],[9.95771,57.595588],[9.955797,57.597744],[9.95602,57.599494],[9.956982,57.596766],[9.960368,57.595321],[9.959535,57.595212],[9.958262,57.595991],[9.958854,57.594491],[9.960273,57.595017],[9.962823,57.595096],[9.959103,57.594112],[9.958548,57.594416],[9.95346,57.591779],[9.953958,57.591489],[9.956399,57.591941],[9.957559,57.593185],[9.957432,57.592822],[9.958765,57.592922],[9.959254,57.593833],[9.959882,57.592674],[9.960947,57.59238],[9.962658,57.592554],[9.960438,57.593648],[9.960927,57.593946],[9.964891,57.59234],[9.965386,57.592631],[9.962178,57.594206],[9.962691,57.594487],[9.965037,57.59392],[9.966556,57.592761],[9.967053,57.592869],[9.966225,57.594466],[9.967978,57.593482],[9.969182,57.593764],[9.96795,57.594343],[9.969047,57.594212],[9.975263,57.59116],[9.976376,57.591811],[9.972414,57.593758],[9.972905,57.5941],[9.976401,57.594009],[9.976364,57.594326],[9.982374,57.591382],[9.984065,57.592361],[9.980878,57.593993],[9.979298,57.594261],[9.981179,57.594321],[9.979595,57.594959],[9.9777,57.595081],[9.975783,57.596005],[9.970794,57.596285],[9.970102,57.596853],[9.960048,57.597532],[9.961071,57.597751],[9.991052,57.595765],[9.992304,57.594878],[9.993047,57.593162],[9.998506,57.591123],[10.003388,57.5902],[9.999892,57.590555],[10.00412,57.589469],[10.009005,57.589334],[10.030723,57.589659],[10.052082,57.592034],[10.063569,57.590597],[10.078527,57.58973],[10.098261,57.590422],[10.105414,57.589951],[10.112995,57.588863],[10.121035,57.588719],[10.141756,57.591578],[10.14912,57.591914],[10.150352,57.592542],[10.154074,57.592503],[10.158627,57.593074],[10.176515,57.596017],[10.186539,57.599268],[10.220525,57.606027],[10.23086,57.609439],[10.241983,57.611672],[10.249228,57.612299],[10.26272,57.615387],[10.282047,57.622894],[10.320128,57.634894],[10.359369,57.652685],[10.371615,57.65908],[10.397464,57.670847],[10.43776,57.690678],[10.47174,57.705377],[10.498377,57.717527],[10.513027,57.724796],[10.519273,57.728793],[10.538753,57.736351],[10.545012,57.738604],[10.55152,57.740288],[10.557367,57.742779],[10.563094,57.743816],[10.579923,57.748706],[10.594747,57.751256],[10.60387,57.752149],[10.613596,57.752573],[10.625621,57.751918],[10.650304,57.746824],[10.652224,57.747301],[10.651729,57.746151],[10.649305,57.744263],[10.639414,57.740145],[10.638291,57.738621],[10.633825,57.736858],[10.630833,57.734983],[10.628728,57.734617],[10.61552,57.729061],[10.60882,57.72539],[10.605043,57.722075],[10.607294,57.720916],[10.609359,57.718618],[10.601087,57.714764],[10.601034,57.71394],[10.596952,57.715906],[10.604962,57.719502],[10.600858,57.72239],[10.598736,57.72166],[10.601567,57.719708],[10.598497,57.717929],[10.596677,57.718994],[10.594938,57.71818],[10.595738,57.716502],[10.593776,57.716597],[10.592636,57.715992],[10.593553,57.717521],[10.592541,57.717922],[10.593151,57.71817],[10.592637,57.718876],[10.591505,57.719048],[10.595134,57.720206],[10.594506,57.721055],[10.589769,57.719424],[10.590469,57.718414],[10.589873,57.718215],[10.588512,57.719236],[10.587305,57.718505],[10.588658,57.717882],[10.587145,57.71832],[10.586163,57.71794],[10.58736,57.71738],[10.585846,57.717816],[10.584852,57.717435],[10.585704,57.717027],[10.583485,57.71674],[10.585773,57.716811],[10.584629,57.716117],[10.58269,57.716675],[10.581136,57.71565],[10.583787,57.715018],[10.586746,57.716274],[10.586725,57.716717],[10.587218,57.716407],[10.591756,57.717922],[10.590914,57.717568],[10.591532,57.717031],[10.590861,57.716067],[10.588336,57.715669],[10.5873,57.716177],[10.585968,57.715614],[10.587103,57.714838],[10.58944,57.715244],[10.588948,57.715697],[10.591749,57.715655],[10.590284,57.71511],[10.592599,57.713954],[10.592083,57.713702],[10.591144,57.714157],[10.583215,57.712767],[10.584744,57.711769],[10.596976,57.711134],[10.598875,57.711435],[10.599735,57.712096],[10.599873,57.711642],[10.606345,57.711562],[10.599523,57.711481],[10.59651,57.710969],[10.585279,57.711479],[10.582502,57.712813],[10.578885,57.713707],[10.578355,57.714858],[10.575741,57.714767],[10.568648,57.711087],[10.567149,57.711341],[10.564552,57.710302],[10.549202,57.70226],[10.519977,57.68441],[10.492433,57.664467],[10.463361,57.640392],[10.455382,57.633098],[10.448257,57.625848],[10.441279,57.617415],[10.434426,57.607111],[10.429745,57.598349],[10.428548,57.5931],[10.428673,57.592759],[10.430196,57.592597],[10.430849,57.592252],[10.428713,57.592708],[10.428225,57.59208],[10.428436,57.592701],[10.42766,57.592813],[10.427876,57.591784],[10.429369,57.591822],[10.429346,57.592286],[10.429575,57.591757],[10.43062,57.591991],[10.429909,57.591719],[10.427933,57.591516],[10.425889,57.582385],[10.427315,57.570859],[10.43408,57.554366],[10.441,57.544307],[10.442924,57.542556],[10.443081,57.541247],[10.448083,57.535143],[10.447752,57.533946],[10.446066,57.533944],[10.445441,57.534663],[10.445247,57.534353],[10.446386,57.533709],[10.448512,57.533823],[10.45161,57.531844],[10.452069,57.532531],[10.469048,57.5172],[10.484743,57.506751],[10.487523,57.505792],[10.488725,57.506307],[10.488814,57.504419],[10.499233,57.49735],[10.501147,57.496536],[10.502186,57.496985],[10.504868,57.495805],[10.505612,57.494948],[10.508418,57.495421],[10.509685,57.494762],[10.508324,57.495282],[10.506132,57.494971],[10.506437,57.494607],[10.505046,57.494741],[10.504662,57.495705],[10.502059,57.496717],[10.50093,57.496202],[10.502093,57.495425],[10.504054,57.49527],[10.504312,57.494535],[10.501748,57.494385],[10.502298,57.493398],[10.503255,57.493513],[10.502433,57.493227],[10.503276,57.492322],[10.504414,57.492698],[10.50429,57.494026],[10.504775,57.493473],[10.506438,57.494332],[10.505953,57.493806],[10.506498,57.493144],[10.504655,57.492512],[10.50554,57.491756],[10.508393,57.49273],[10.508338,57.493652],[10.507171,57.493769],[10.509516,57.494105],[10.508513,57.493725],[10.508586,57.492855],[10.509947,57.491512],[10.503671,57.489436],[10.504307,57.487724],[10.527006,57.473507],[10.528955,57.471567],[10.529534,57.469998],[10.534593,57.468681],[10.537544,57.467388],[10.539007,57.465582],[10.540637,57.465967],[10.5421,57.466118],[10.538613,57.465419],[10.538088,57.464937],[10.537108,57.465546],[10.534891,57.464836],[10.53566,57.464137],[10.537457,57.464864],[10.537765,57.464672],[10.535542,57.463978],[10.536806,57.463014],[10.539021,57.463811],[10.538217,57.464766],[10.539047,57.464962],[10.539341,57.46461],[10.542148,57.465618],[10.53954,57.464607],[10.54015,57.46178],[10.541583,57.460329],[10.542364,57.460393],[10.54065,57.459767],[10.54057,57.459313],[10.543881,57.454781],[10.543776,57.453103],[10.545036,57.451896],[10.546373,57.451489],[10.546617,57.450812],[10.546125,57.451471],[10.545526,57.451334],[10.545954,57.450634],[10.546463,57.450805],[10.550848,57.448939],[10.551378,57.449046],[10.550515,57.449178],[10.552344,57.449229],[10.554319,57.450214],[10.556726,57.45014],[10.566494,57.444462],[10.562359,57.440955],[10.563666,57.437986],[10.564498,57.431588],[10.560416,57.430454],[10.561203,57.431122],[10.560288,57.43688],[10.555729,57.439477],[10.555123,57.437945],[10.555436,57.439713],[10.548276,57.443909],[10.546712,57.443117],[10.548082,57.44229],[10.545948,57.443222],[10.5453,57.441973],[10.545983,57.441577],[10.547299,57.441922],[10.546135,57.441314],[10.547233,57.440666],[10.548861,57.441452],[10.550936,57.440572],[10.548937,57.439563],[10.55017,57.438843],[10.552412,57.439933],[10.553252,57.439414],[10.551048,57.437864],[10.552477,57.438167],[10.553001,57.437494],[10.553643,57.438429],[10.553389,57.437429],[10.552482,57.437443],[10.551382,57.435919],[10.547558,57.435642],[10.549956,57.437138],[10.546953,57.438896],[10.5453,57.438207],[10.542874,57.43962],[10.541925,57.438931],[10.545447,57.436867],[10.542599,57.438146],[10.544805,57.436551],[10.544049,57.436824],[10.543417,57.436144],[10.541341,57.437225],[10.542883,57.435991],[10.539459,57.438019],[10.538564,57.437361],[10.539545,57.436886],[10.538923,57.435703],[10.540347,57.434996],[10.546133,57.434732],[10.543518,57.433944],[10.543774,57.433526],[10.546736,57.433941],[10.542265,57.433],[10.535702,57.433559],[10.53535,57.432361],[10.540292,57.431709],[10.53527,57.432095],[10.535092,57.43148],[10.538109,57.43121],[10.536555,57.43117],[10.536389,57.430568],[10.54134,57.430145],[10.548462,57.432095],[10.547228,57.43295],[10.549227,57.432151],[10.551502,57.43251],[10.541099,57.429739],[10.528795,57.430706],[10.527083,57.429102],[10.526202,57.427099],[10.532178,57.42629],[10.532958,57.426908],[10.533748,57.426959],[10.532919,57.426803],[10.532751,57.426175],[10.527997,57.426703],[10.528501,57.4245],[10.530759,57.424645],[10.533581,57.425963],[10.533788,57.42656],[10.53396,57.426146],[10.530917,57.424547],[10.528222,57.424389],[10.527913,57.424046],[10.528377,57.421549],[10.527716,57.420324],[10.528375,57.419819],[10.529261,57.419918],[10.529839,57.419766],[10.528179,57.419673],[10.529536,57.41966],[10.528666,57.419265],[10.528926,57.418485],[10.528221,57.418525],[10.527911,57.415785],[10.525839,57.415131],[10.524448,57.413469],[10.524705,57.411678],[10.526055,57.410933],[10.524354,57.409236],[10.524701,57.405586],[10.521967,57.402851],[10.52233,57.401917],[10.520277,57.398838],[10.518587,57.393511],[10.516657,57.391476],[10.515397,57.385239],[10.515064,57.379506],[10.515945,57.370415],[10.519096,57.354298],[10.522713,57.343651],[10.525454,57.338927],[10.528719,57.335359],[10.536244,57.333144],[10.534319,57.333269],[10.53462,57.332459],[10.533279,57.332701],[10.534156,57.333372],[10.531179,57.334493],[10.530615,57.333935],[10.529321,57.333907],[10.531881,57.332587],[10.534605,57.332004],[10.536404,57.332815],[10.529093,57.329013],[10.527323,57.324331],[10.530446,57.3134],[10.533714,57.306109],[10.53943,57.289618],[10.544442,57.278505],[10.549341,57.259225],[10.550181,57.249377],[10.547637,57.229848],[10.545969,57.223768],[10.544343,57.221752],[10.544796,57.221455],[10.543908,57.221642],[10.543863,57.222539],[10.54474,57.226025],[10.545847,57.2267],[10.540427,57.225521],[10.540524,57.225684],[10.540481,57.225892],[10.540633,57.226075],[10.540657,57.226461],[10.54151,57.225931],[10.543378,57.227444],[10.544041,57.228961],[10.543272,57.229192],[10.541864,57.228709],[10.539979,57.225983],[10.540049,57.225488],[10.540971,57.225305],[10.540345,57.224499],[10.538761,57.223325],[10.536633,57.222765],[10.534508,57.220466],[10.527915,57.216714],[10.528677,57.216718],[10.527816,57.216106],[10.521839,57.214443],[10.522481,57.214356],[10.52138,57.213759],[10.516049,57.211869],[10.514603,57.210124],[10.512406,57.208994],[10.509715,57.209584],[10.507008,57.209007],[10.506738,57.208598],[10.505962,57.208872],[10.503217,57.207911],[10.503121,57.207544],[10.504008,57.207465],[10.503142,57.20688],[10.500199,57.207288],[10.497214,57.205549],[10.495747,57.205434],[10.495292,57.204634],[10.494413,57.204966],[10.494035,57.205025],[10.494998,57.204572],[10.496879,57.204592],[10.504514,57.201579],[10.504205,57.201184],[10.506478,57.200207],[10.506112,57.199892],[10.500814,57.201753],[10.498595,57.203069],[10.497177,57.203145],[10.49579,57.202428],[10.492292,57.203788],[10.480561,57.197688],[10.479216,57.196403],[10.477929,57.196583],[10.474734,57.19353],[10.472126,57.192627],[10.468298,57.190145],[10.463168,57.18532],[10.461666,57.184758],[10.461955,57.183885],[10.457985,57.181454],[10.455881,57.180855],[10.445785,57.1735],[10.443765,57.171221],[10.444151,57.170757],[10.441641,57.169755],[10.438598,57.165893],[10.437796,57.165886],[10.430572,57.158173],[10.43043,57.157177],[10.429357,57.156822],[10.429266,57.155784],[10.426639,57.153401],[10.427346,57.152651],[10.426439,57.152651],[10.426868,57.151781],[10.425459,57.151778],[10.42517,57.151196],[10.42612,57.150852],[10.424721,57.15109],[10.424564,57.150748],[10.425146,57.150801],[10.424283,57.150212],[10.425397,57.150342],[10.425531,57.150041],[10.424658,57.149805],[10.423871,57.150108],[10.421512,57.146501],[10.421833,57.145841],[10.423492,57.145504],[10.42366,57.14596],[10.426323,57.146117],[10.427924,57.145416],[10.428094,57.145085],[10.427947,57.144164],[10.428428,57.144073],[10.428679,57.143872],[10.427751,57.144098],[10.427955,57.144949],[10.42624,57.145379],[10.425561,57.144585],[10.427629,57.144035],[10.427298,57.143784],[10.426081,57.144169],[10.425724,57.143774],[10.427417,57.143601],[10.426176,57.143196],[10.427177,57.142984],[10.427628,57.143607],[10.428947,57.143732],[10.423836,57.140755],[10.420494,57.140227],[10.418708,57.140513],[10.42029,57.14092],[10.42224,57.144203],[10.420883,57.144826],[10.419044,57.143604],[10.41785,57.143438],[10.41834,57.143181],[10.41702,57.141359],[10.418667,57.140612],[10.416849,57.14094],[10.415919,57.140471],[10.415274,57.138174],[10.414618,57.137939],[10.415277,57.13735],[10.413868,57.13706],[10.414097,57.135851],[10.413498,57.135902],[10.412711,57.134453],[10.413224,57.134292],[10.411237,57.132351],[10.411338,57.131186],[10.409333,57.12879],[10.409634,57.128146],[10.408834,57.128098],[10.408795,57.127212],[10.407789,57.126486],[10.407227,57.124141],[10.405655,57.123377],[10.40617,57.122845],[10.405499,57.122508],[10.405724,57.121379],[10.402791,57.120979],[10.401859,57.119042],[10.402629,57.118942],[10.401464,57.118482],[10.402091,57.117831],[10.400237,57.117243],[10.400633,57.114845],[10.401319,57.114646],[10.400655,57.113657],[10.406005,57.112713],[10.40584,57.112439],[10.405452,57.112787],[10.400136,57.113191],[10.4001,57.111482],[10.399331,57.111158],[10.399866,57.110928],[10.399234,57.110878],[10.399024,57.108977],[10.397,57.10608],[10.396106,57.102613],[10.395248,57.102194],[10.394306,57.099058],[10.39193,57.095438],[10.392246,57.094765],[10.391332,57.094085],[10.390882,57.091724],[10.389191,57.089529],[10.389494,57.08855],[10.387757,57.086012],[10.388374,57.08527],[10.386823,57.084446],[10.384359,57.075633],[10.380401,57.068299],[10.378377,57.061391],[10.376751,57.058536],[10.379334,57.058423],[10.382112,57.0639],[10.382668,57.066689],[10.3833,57.06572],[10.381193,57.061057],[10.380602,57.057722],[10.381207,57.056735],[10.382946,57.056676],[10.383388,57.056442],[10.376522,57.056569],[10.376227,57.05511],[10.377799,57.054871],[10.379367,57.056279],[10.381533,57.055945],[10.383386,57.056284],[10.382044,57.055897],[10.381231,57.055891],[10.377154,57.052047],[10.37424,57.051777],[10.373163,57.050626],[10.371728,57.04583],[10.373197,57.046639],[10.374809,57.049903],[10.375356,57.049927],[10.37381,57.045656],[10.374183,57.045939],[10.37428,57.045881],[10.371661,57.043251],[10.36998,57.039125],[10.360983,57.026158],[10.361408,57.025378],[10.350847,57.009149],[10.35128,57.008315],[10.350333,57.008203],[10.349045,57.007088],[10.347135,57.00404],[10.340831,56.997804],[10.338721,56.994111],[10.335886,56.991125],[10.332617,56.989029],[10.330528,56.988676],[10.324423,56.99083],[10.315664,56.992083],[10.312933,56.991694],[10.311407,56.990008],[10.310338,56.990177],[10.31124,56.99013],[10.311778,56.990894],[10.310484,56.991062],[10.309841,56.989833],[10.31037,56.989446],[10.307794,56.990066],[10.308482,56.990129],[10.309126,56.991443],[10.306738,56.991782],[10.306067,56.990388],[10.307329,56.989986],[10.304662,56.990593],[10.304658,56.990994],[10.304211,56.990705],[10.304969,56.991688],[10.30371,56.993138],[10.299498,56.99413],[10.294685,56.993407],[10.293648,56.993759],[10.289048,56.99357],[10.272149,56.991334],[10.270167,56.990343],[10.266058,56.989367],[10.263648,56.98781],[10.257395,56.986184],[10.255153,56.986217],[10.25384,56.986908],[10.25214,56.987014],[10.240068,56.986646],[10.238376,56.98711],[10.233432,56.987379],[10.222277,56.989728],[10.215565,56.992605],[10.213506,56.992932],[10.212393,56.993732],[10.204156,56.996348],[10.190513,57.002946],[10.18199,57.006452],[10.175031,57.011647],[10.174615,57.012914],[10.172819,57.014166],[10.16781,57.016758],[10.164997,57.017666],[10.160614,57.020501],[10.152654,57.023115],[10.148125,57.025318],[10.145013,57.028553],[10.143249,57.028776],[10.138439,57.030581],[10.130111,57.03613],[10.12804,57.036873],[10.125017,57.039257],[10.116691,57.041835],[10.113558,57.043922],[10.111079,57.044697],[10.109412,57.046857],[10.106359,57.046866],[10.103456,57.047658],[10.10187,57.049376],[10.096514,57.050844],[10.096507,57.051999],[10.094303,57.053431],[10.092991,57.052961],[10.090679,57.052852],[10.089554,57.053294],[10.088059,57.052926],[10.085765,57.054013],[10.077061,57.055613],[10.068891,57.060208],[10.066974,57.060673],[10.063371,57.06269],[10.054034,57.066646],[10.048574,57.068478],[10.044451,57.071259],[10.042007,57.070868],[10.040539,57.071623],[10.039386,57.071507],[10.036299,57.074115],[10.038593,57.076009],[10.036355,57.075125],[10.02958,57.080499],[10.026676,57.082112],[10.022444,57.083299],[10.019871,57.084993],[10.017502,57.085606],[10.016981,57.087364],[10.013095,57.088824],[10.003512,57.089672],[10.000513,57.08932],[9.999043,57.088292],[9.991281,57.087872],[9.985776,57.086487],[9.983512,57.085198],[9.976188,57.082614],[9.966446,57.077546],[9.965045,57.075516],[9.96008,57.075173],[9.959566,57.074576],[9.960197,57.07515],[9.960084,57.074677],[9.962526,57.07401],[9.964991,57.075296],[9.962207,57.073065],[9.959609,57.069872],[9.958639,57.070343],[9.959503,57.07123],[9.959213,57.071958],[9.956649,57.071665],[9.955504,57.070628],[9.956269,57.069824],[9.958265,57.070125],[9.959297,57.069765],[9.95802,57.067148],[9.95786,57.064012],[9.955059,57.059854],[9.956325,57.058511],[9.954613,57.059188],[9.954126,57.058953],[9.955774,57.057853],[9.954046,57.05839],[9.953664,57.057826],[9.952121,57.0579],[9.941514,57.054469],[9.935485,57.053582],[9.923902,57.055818],[9.924548,57.054936],[9.91821,57.057705],[9.909721,57.060442],[9.908619,57.06197],[9.905475,57.063211],[9.903956,57.063498],[9.903098,57.063117],[9.905102,57.061976],[9.902036,57.063531],[9.900169,57.063727],[9.900222,57.062955],[9.898879,57.063334],[9.897592,57.063123],[9.898385,57.06291],[9.896755,57.063088],[9.894792,57.06389],[9.879795,57.067432],[9.86968,57.07171],[9.872376,57.072974],[9.870187,57.073602],[9.86599,57.076615],[9.863717,57.077296],[9.862802,57.077122],[9.84974,57.08391],[9.847852,57.084483],[9.845802,57.084176],[9.846237,57.085132],[9.842328,57.087254],[9.837685,57.091193],[9.832139,57.091302],[9.827428,57.092509],[9.82702,57.093074],[9.823867,57.093499],[9.825175,57.093982],[9.822882,57.095714],[9.821187,57.095645],[9.819342,57.096325],[9.817498,57.096164],[9.817519,57.096662],[9.81487,57.097302],[9.810986,57.099386],[9.808971,57.099641],[9.805738,57.100888],[9.802792,57.101158],[9.801016,57.102277],[9.798796,57.102877],[9.796341,57.102956],[9.794112,57.103657],[9.793335,57.10452],[9.791268,57.104818],[9.790873,57.105534],[9.788638,57.105674],[9.786713,57.10635],[9.786185,57.106312],[9.786892,57.105968],[9.785912,57.106083],[9.783688,57.107226],[9.781387,57.10649],[9.778445,57.106985],[9.781616,57.104956],[9.777538,57.105647],[9.777338,57.102763],[9.780121,57.102261],[9.78112,57.100922],[9.779145,57.099377],[9.780075,57.098634],[9.779744,57.097623],[9.781917,57.098889],[9.783928,57.098793],[9.79106,57.096457],[9.791013,57.095279],[9.787919,57.093402],[9.787005,57.093661],[9.786765,57.094451],[9.784518,57.095021],[9.782612,57.094595],[9.781963,57.094827],[9.781474,57.094275],[9.780098,57.094041],[9.778663,57.094371],[9.778011,57.093946],[9.776064,57.093949],[9.775479,57.093204],[9.77632,57.092221],[9.774179,57.090746],[9.771044,57.085889],[9.762148,57.078483],[9.761918,57.077963],[9.766263,57.080726],[9.767577,57.080988],[9.767975,57.082713],[9.769139,57.083579],[9.766342,57.078665],[9.763191,57.076307],[9.760124,57.072816],[9.756965,57.070538],[9.753188,57.069283],[9.750744,57.06778],[9.746864,57.066612],[9.727872,57.063765],[9.722589,57.063389],[9.715026,57.064132],[9.713101,57.063799],[9.710951,57.06401],[9.707606,57.062942],[9.705279,57.06321],[9.701604,57.061682],[9.702175,57.062544],[9.699622,57.062681],[9.699444,57.062216],[9.701407,57.061411],[9.699171,57.062209],[9.698613,57.063469],[9.694338,57.065107],[9.686507,57.069111],[9.681065,57.070064],[9.677712,57.071668],[9.673571,57.072905],[9.669856,57.072532],[9.666279,57.074503],[9.66143,57.074247],[9.65549,57.072125],[9.654461,57.07136],[9.653029,57.071815],[9.651343,57.071245],[9.652457,57.072137],[9.648932,57.078969],[9.650916,57.081959],[9.652991,57.0835],[9.656755,57.084281],[9.65914,57.083293],[9.66589,57.083354],[9.662182,57.082561],[9.667004,57.082871],[9.666462,57.082907],[9.668568,57.084032],[9.667597,57.084684],[9.669876,57.08438],[9.672871,57.085334],[9.672303,57.085272],[9.674,57.086514],[9.673577,57.086911],[9.67411,57.086754],[9.675147,57.087362],[9.673634,57.088521],[9.675301,57.089388],[9.676657,57.089022],[9.676158,57.089644],[9.677305,57.089685],[9.676809,57.089214],[9.677871,57.089234],[9.677807,57.090116],[9.67903,57.090022],[9.678687,57.091312],[9.680197,57.091521],[9.67988,57.092467],[9.681469,57.092878],[9.682037,57.094019],[9.683304,57.093807],[9.68246,57.09282],[9.684298,57.093688],[9.688473,57.09433],[9.687662,57.097447],[9.686072,57.096919],[9.686038,57.096099],[9.684719,57.096442],[9.684621,57.097168],[9.684461,57.096112],[9.681954,57.096265],[9.681294,57.096878],[9.677512,57.095362],[9.676923,57.096057],[9.678077,57.095633],[9.68008,57.097553],[9.677467,57.097038],[9.677109,57.096283],[9.676843,57.096372],[9.676926,57.096881],[9.676669,57.097035],[9.675325,57.096072],[9.672574,57.096953],[9.670776,57.096584],[9.670645,57.095553],[9.66879,57.095445],[9.669026,57.095005],[9.66655,57.095057],[9.66829,57.095721],[9.668444,57.096267],[9.663119,57.095427],[9.661999,57.094735],[9.661549,57.095129],[9.658861,57.094697],[9.660024,57.094643],[9.658132,57.094087],[9.657447,57.094507],[9.656506,57.094317],[9.657365,57.093359],[9.655158,57.093408],[9.654717,57.092715],[9.649975,57.091748],[9.645724,57.089637],[9.643251,57.088762],[9.642666,57.08899],[9.642281,57.088477],[9.641442,57.088898],[9.638444,57.088344],[9.637544,57.086712],[9.633096,57.085484],[9.62996,57.083267],[9.628844,57.083568],[9.627616,57.083217],[9.627905,57.084687],[9.627533,57.085039],[9.62661,57.084802],[9.627151,57.083828],[9.624748,57.083251],[9.625955,57.082521],[9.625647,57.081669],[9.623139,57.080869],[9.622994,57.081988],[9.621293,57.08149],[9.622926,57.080607],[9.622125,57.079629],[9.621066,57.079444],[9.619936,57.078248],[9.617877,57.078091],[9.616603,57.076769],[9.614374,57.076592],[9.612719,57.075353],[9.613648,57.074538],[9.614781,57.074383],[9.620456,57.069603],[9.624119,57.068779],[9.629362,57.068901],[9.637681,57.06989],[9.64017,57.069568],[9.642328,57.06819],[9.651161,57.071172],[9.625522,57.06212],[9.624777,57.059864],[9.622728,57.05746],[9.611805,57.049674],[9.598535,57.048743],[9.595879,57.04903],[9.591394,57.050783],[9.587314,57.050109],[9.58346,57.04878],[9.582302,57.047983],[9.582296,57.047125],[9.580339,57.046222],[9.579812,57.042982],[9.583905,57.043913],[9.584218,57.044624],[9.584368,57.04472],[9.584165,57.043994],[9.582967,57.042849],[9.580088,57.041689],[9.57542,57.040789],[9.573656,57.040941],[9.565126,57.04279],[9.557839,57.042375],[9.552999,57.044137],[9.544858,57.044759],[9.507867,57.044744],[9.500814,57.042394],[9.497331,57.041878],[9.494039,57.043038],[9.492973,57.04421],[9.488098,57.045879],[9.482301,57.044385],[9.481018,57.044535],[9.475561,57.042718],[9.458613,57.040506],[9.456803,57.038869],[9.45604,57.036313],[9.456114,57.038707],[9.4549,57.038644],[9.455451,57.036234],[9.454498,57.039101],[9.451604,57.039894],[9.44281,57.039128],[9.440463,57.038449],[9.43567,57.038205],[9.429684,57.037024],[9.424213,57.036617],[9.414342,57.034665],[9.410692,57.033163],[9.402342,57.03109],[9.40139,57.030103],[9.402849,57.027817],[9.400969,57.029779],[9.400357,57.029579],[9.402489,57.027714],[9.399157,57.029385],[9.397367,57.029481],[9.396282,57.028832],[9.394948,57.028877],[9.386878,57.026724],[9.38165,57.026042],[9.379258,57.024504],[9.375709,57.023646],[9.366891,57.024644],[9.353393,57.023722],[9.326328,57.016098],[9.308754,57.012298],[9.29895,57.008759],[9.299736,57.008215],[9.292723,57.004446],[9.297738,57.006964],[9.29915,57.006797],[9.299539,57.007596],[9.300827,57.007677],[9.300109,57.005963],[9.296304,57.004102],[9.292577,57.00084],[9.292778,57.000185],[9.291164,56.999265],[9.288789,57.0016],[9.283485,57.000961],[9.278175,56.999384],[9.286289,57.000727],[9.288859,57.000175],[9.282616,56.999784],[9.266665,56.994241],[9.254891,56.991773],[9.242785,56.991301],[9.241583,56.991565],[9.24067,56.99089],[9.239022,56.990843],[9.235909,56.991181],[9.233377,56.99257],[9.235217,56.991052],[9.229204,56.991566],[9.224204,56.993725],[9.22353,56.994314],[9.224179,56.994746],[9.221012,56.995817],[9.21971,56.996849],[9.217137,56.997433],[9.209091,57.000605],[9.203458,57.004333],[9.198424,57.007112],[9.196829,57.007457],[9.194113,57.009814],[9.189981,57.011216],[9.187016,57.012873],[9.182787,57.016082],[9.17993,57.016397],[9.177832,57.017537],[9.175909,57.02112],[9.173798,57.021728],[9.173626,57.021317],[9.172547,57.021301],[9.170786,57.022655],[9.169153,57.022933],[9.167311,57.023963],[9.16546,57.026022],[9.165484,57.028058],[9.161133,57.030355],[9.160718,57.030138],[9.164877,57.027765],[9.16406,57.026145],[9.161669,57.026914],[9.16389,57.025858],[9.164352,57.024727],[9.162506,57.024776],[9.16082,57.024566],[9.158138,57.025748],[9.157653,57.025832],[9.160964,57.024404],[9.165303,57.023516],[9.166352,57.022768],[9.166112,57.022189],[9.164254,57.02252],[9.157032,57.025525],[9.155443,57.026884],[9.15577,57.027173],[9.155335,57.028595],[9.154386,57.029778],[9.152019,57.03059],[9.15115,57.031822],[9.151142,57.02989],[9.155024,57.028476],[9.155217,57.027119],[9.152084,57.028406],[9.148776,57.031685],[9.147281,57.03179],[9.148191,57.03318],[9.145538,57.03625],[9.144729,57.036549],[9.145311,57.035936],[9.14219,57.03786],[9.139286,57.03889],[9.135304,57.03905],[9.134566,57.03975],[9.135621,57.040631],[9.135185,57.040797],[9.084291,57.028351],[9.083912,57.027401],[9.080529,57.025683],[9.071679,57.021962],[9.067076,57.020599],[9.054732,57.014457],[9.047853,57.011712],[9.043306,57.008098],[9.036692,57.008474],[9.034798,57.006992],[9.033981,57.007074],[9.036007,57.008412],[9.032752,57.008753],[9.033309,57.009112],[9.031972,57.012034],[9.033888,57.014015],[9.033915,57.015036],[9.032843,57.01609],[9.033825,57.017155],[9.033267,57.018753],[9.02799,57.021886],[9.024652,57.022817],[9.020555,57.023151],[9.018899,57.022715],[9.014123,57.022654],[9.011653,57.021752],[9.001254,57.021198],[8.990369,57.019164],[8.989634,57.01847],[8.98297,57.017015],[8.978929,57.014748],[8.973498,57.009326],[8.967052,57.005787],[8.968031,57.004445],[8.966248,57.003609],[8.964695,57.003689],[8.963055,57.00458],[8.95664,57.006297],[8.949314,57.006892],[8.944062,57.006326],[8.943437,57.005954],[8.944118,57.005138],[8.943021,57.006192],[8.942518,57.006078],[8.942074,57.005565],[8.943388,57.004602],[8.944451,57.004986],[8.943442,57.004563],[8.943914,57.004199],[8.940898,57.00571],[8.933311,57.003925],[8.926521,57.001049],[8.922401,56.998268],[8.921889,56.996916],[8.920716,56.996392],[8.919213,56.994446],[8.917746,56.990284],[8.915813,56.989009],[8.914203,56.986299],[8.912175,56.985416],[8.911032,56.983989],[8.911769,56.982161],[8.915476,56.982044],[8.916593,56.981588],[8.915742,56.980675],[8.917785,56.980245],[8.914022,56.980672],[8.911055,56.981685],[8.911164,56.981963],[8.910981,56.982167],[8.910084,56.981942],[8.911024,56.98194],[8.910879,56.981552],[8.90939,56.98174],[8.911108,56.981286],[8.907142,56.981534],[8.906383,56.981876],[8.90792,56.982447],[8.906881,56.982273],[8.906846,56.98259],[8.903672,56.981382],[8.897886,56.981511],[8.896607,56.982157],[8.898056,56.98093],[8.900068,56.980354],[8.898027,56.980268],[8.90311,56.979401],[8.906797,56.979596],[8.90371,56.979074],[8.901346,56.979196],[8.900508,56.979082],[8.900585,56.978939],[8.90262,56.978827],[8.907893,56.979487],[8.909431,56.979072],[8.907644,56.980188],[8.909314,56.980676],[8.911374,56.980332],[8.911928,56.980643],[8.909827,56.978771],[8.905095,56.976465],[8.9028,56.9738],[8.9008,56.973716],[8.89822,56.974313],[8.895258,56.973525],[8.892171,56.974799],[8.888974,56.977347],[8.889725,56.978317],[8.888872,56.979429],[8.888082,56.979453],[8.888536,56.980188],[8.887997,56.980719],[8.886706,56.980661],[8.886016,56.981348],[8.88624,56.981864],[8.891072,56.982502],[8.892616,56.983338],[8.892506,56.984146],[8.894158,56.984811],[8.893624,56.985129],[8.895473,56.985443],[8.890621,56.989713],[8.891333,56.990228],[8.890405,56.990353],[8.890243,56.991134],[8.888892,56.991065],[8.886807,56.991714],[8.864796,56.995176],[8.861927,56.994635],[8.860775,56.99264],[8.859225,56.992104],[8.858857,56.991241],[8.856701,56.9901],[8.856338,56.991065],[8.853923,56.990779],[8.854759,56.991574],[8.853428,56.992315],[8.855674,56.993696],[8.854938,56.993964],[8.854408,56.995543],[8.852921,56.995262],[8.852485,56.995975],[8.843824,56.995099],[8.842453,56.992489],[8.841397,56.992536],[8.840148,56.991841],[8.837268,56.992294],[8.837332,56.993816],[8.835042,56.99365],[8.835026,56.993191],[8.8341,56.993544],[8.831893,56.993043],[8.830686,56.993712],[8.825533,56.992136],[8.825932,56.990993],[8.824919,56.99169],[8.825335,56.98979],[8.828844,56.986268],[8.834478,56.984873],[8.84599,56.979698],[8.847982,56.977441],[8.847591,56.976165],[8.848294,56.975156],[8.846681,56.973225],[8.842221,56.971367],[8.840405,56.971968],[8.83893,56.971095],[8.839113,56.971657],[8.837661,56.971692],[8.836867,56.971134],[8.835222,56.97109],[8.833987,56.969919],[8.833755,56.970617],[8.832121,56.970573],[8.829407,56.968479],[8.828034,56.968463],[8.829319,56.967709],[8.827971,56.966908],[8.827261,56.967596],[8.822907,56.96658],[8.818032,56.967073],[8.817286,56.966372],[8.815747,56.966586],[8.813618,56.965825],[8.807766,56.964866],[8.800252,56.962229],[8.791848,56.960106],[8.788371,56.958207],[8.787297,56.954288],[8.785314,56.952149],[8.776859,56.949252],[8.77366,56.948834],[8.77159,56.947999],[8.756897,56.945624],[8.751006,56.945667],[8.741599,56.947213],[8.739511,56.948062],[8.729427,56.950367],[8.722867,56.950008],[8.722746,56.948988],[8.72252,56.948528],[8.722336,56.948466],[8.722695,56.950064],[8.720612,56.949947],[8.720828,56.949429],[8.719827,56.949258],[8.721296,56.948479],[8.719642,56.949258],[8.719261,56.949914],[8.7074,56.95282],[8.704261,56.952895],[8.704672,56.95133],[8.699719,56.952002],[8.699146,56.951717],[8.700689,56.952779],[8.698164,56.953699],[8.69809,56.954267],[8.697156,56.954159],[8.698224,56.95438],[8.697518,56.954715],[8.695941,56.954733],[8.694139,56.954123],[8.694162,56.953754],[8.696583,56.953788],[8.696678,56.952712],[8.693855,56.952903],[8.693183,56.952282],[8.694074,56.95198],[8.695264,56.952332],[8.695319,56.951565],[8.698508,56.951692],[8.697482,56.951497],[8.697493,56.950034],[8.695455,56.949843],[8.694983,56.95057],[8.692738,56.950932],[8.688719,56.950609],[8.681479,56.951833],[8.679626,56.951755],[8.677862,56.952378],[8.673307,56.9527],[8.670613,56.952259],[8.667882,56.950667],[8.664356,56.947017],[8.66603,56.945971],[8.664142,56.945786],[8.660562,56.942258],[8.657318,56.936904],[8.657327,56.932856],[8.657868,56.931722],[8.661217,56.929065],[8.661972,56.923669],[8.659477,56.922026],[8.649643,56.918348],[8.647932,56.916854],[8.641316,56.913315],[8.639333,56.910088],[8.639698,56.89962],[8.63005,56.892917],[8.628883,56.89128],[8.624965,56.88821],[8.625487,56.885801],[8.629012,56.883292],[8.629247,56.882738],[8.628894,56.883237],[8.627889,56.883027],[8.628354,56.882372],[8.629177,56.882644],[8.629819,56.881938],[8.629137,56.878686],[8.630896,56.876517],[8.627581,56.874976],[8.623281,56.870948],[8.623871,56.868099],[8.625626,56.866807],[8.632949,56.864452],[8.626525,56.860499],[8.624489,56.857392],[8.621401,56.856018],[8.619556,56.8539],[8.617828,56.85309],[8.616437,56.850135],[8.613838,56.848964],[8.613693,56.848283],[8.610675,56.846556],[8.609489,56.844687],[8.609995,56.841914],[8.603379,56.839518],[8.596924,56.833952],[8.591948,56.832027],[8.584415,56.827264],[8.581494,56.823984],[8.576833,56.821079],[8.574537,56.818661],[8.573202,56.818172],[8.571442,56.818283],[8.566677,56.817464],[8.560551,56.817461],[8.55724,56.81819],[8.552722,56.818493],[8.542765,56.817875],[8.53861,56.817202],[8.538176,56.816745],[8.536363,56.817488],[8.533587,56.817173],[8.531833,56.816097],[8.531361,56.81484],[8.532147,56.812455],[8.535743,56.809692],[8.535659,56.807632],[8.534584,56.805835],[8.52432,56.807069],[8.520611,56.806855],[8.516531,56.805629],[8.514117,56.803734],[8.510341,56.802695],[8.510276,56.802334],[8.507189,56.802288],[8.504293,56.801679],[8.499218,56.799886],[8.499528,56.799203],[8.496044,56.797695],[8.486903,56.795845],[8.486462,56.794981],[8.4833,56.793548],[8.482147,56.791739],[8.480898,56.791231],[8.481603,56.790944],[8.479081,56.790716],[8.477168,56.790014],[8.472227,56.785485],[8.471447,56.783252],[8.469031,56.781934],[8.469011,56.7798],[8.470302,56.777572],[8.477826,56.770193],[8.482383,56.766662],[8.488463,56.763049],[8.495611,56.75972],[8.496898,56.757624],[8.499288,56.756281],[8.499892,56.754851],[8.499232,56.753411],[8.493521,56.751715],[8.49097,56.748726],[8.488839,56.747608],[8.488455,56.745594],[8.489852,56.743282],[8.487213,56.740901],[8.4873,56.740509],[8.487964,56.740418],[8.488178,56.740073],[8.487163,56.740207],[8.487597,56.739801],[8.486417,56.739582],[8.485337,56.7385],[8.485689,56.737002],[8.48255,56.731874],[8.4828,56.729239],[8.480509,56.725627],[8.480447,56.724325],[8.472258,56.719183],[8.472091,56.7181],[8.474581,56.717696],[8.47313,56.717866],[8.472442,56.71735],[8.472059,56.717963],[8.470764,56.717908],[8.46901,56.716279],[8.469022,56.715474],[8.471721,56.713603],[8.477296,56.715281],[8.48366,56.71646],[8.485763,56.7166],[8.486001,56.716222],[8.487793,56.71604],[8.489397,56.716283],[8.495487,56.714713],[8.497685,56.714556],[8.50714,56.71664],[8.5071,56.715745],[8.506184,56.714642],[8.506806,56.716034],[8.505489,56.71445],[8.502624,56.715135],[8.501676,56.714781],[8.500811,56.714666],[8.499842,56.714306],[8.501963,56.714126],[8.502769,56.713612],[8.509474,56.714081],[8.513457,56.713883],[8.514906,56.714425],[8.514776,56.713829],[8.515209,56.714355],[8.519585,56.711258],[8.520032,56.709979],[8.516382,56.70934],[8.51431,56.706262],[8.514441,56.70536],[8.509105,56.7011],[8.508945,56.700308],[8.510099,56.699601],[8.509805,56.698927],[8.510114,56.698828],[8.510931,56.698922],[8.510221,56.698898],[8.512112,56.700003],[8.521716,56.701485],[8.522928,56.702437],[8.526195,56.702228],[8.527416,56.700956],[8.52483,56.701518],[8.524218,56.701279],[8.52763,56.700653],[8.525722,56.697932],[8.523775,56.697372],[8.512848,56.690175],[8.511649,56.68415],[8.512314,56.681757],[8.514125,56.679904],[8.511442,56.679758],[8.508138,56.680334],[8.495318,56.683696],[8.490582,56.683645],[8.488834,56.685337],[8.486265,56.686568],[8.483682,56.689847],[8.481603,56.690425],[8.480278,56.691781],[8.474097,56.692235],[8.470161,56.69299],[8.468477,56.693823],[8.464734,56.69432],[8.456835,56.696958],[8.453904,56.697429],[8.449926,56.697135],[8.444568,56.693693],[8.439759,56.692296],[8.43758,56.691871],[8.436125,56.692144],[8.434337,56.691486],[8.431891,56.691643],[8.429364,56.690406],[8.425911,56.689662],[8.424989,56.687786],[8.426553,56.687381],[8.426842,56.686731],[8.425198,56.685775],[8.425121,56.684958],[8.421545,56.685482],[8.421021,56.684841],[8.421446,56.683379],[8.418108,56.681984],[8.416616,56.681923],[8.413743,56.683575],[8.411114,56.683656],[8.409272,56.68421],[8.407773,56.684178],[8.403866,56.682994],[8.400262,56.6832],[8.398941,56.683721],[8.398242,56.683363],[8.402452,56.681571],[8.399489,56.678459],[8.399148,56.676961],[8.399896,56.675962],[8.404755,56.67592],[8.408003,56.674319],[8.414163,56.674881],[8.415666,56.674193],[8.415656,56.671866],[8.417171,56.67145],[8.417212,56.671031],[8.420552,56.671415],[8.421763,56.67285],[8.424527,56.672724],[8.425111,56.672235],[8.424529,56.672328],[8.423432,56.671423],[8.4242,56.67102],[8.421403,56.670223],[8.423954,56.670826],[8.425784,56.670622],[8.42673,56.671281],[8.431152,56.672133],[8.43307,56.673705],[8.436724,56.675064],[8.438769,56.676386],[8.440756,56.678573],[8.44353,56.680155],[8.447454,56.681183],[8.448151,56.680988],[8.449306,56.681605],[8.454185,56.682253],[8.461587,56.684277],[8.46547,56.684484],[8.46813,56.68525],[8.481194,56.683716],[8.485404,56.682586],[8.483678,56.6827],[8.483456,56.681652],[8.481083,56.681522],[8.480429,56.682382],[8.479121,56.682454],[8.478095,56.683086],[8.476139,56.682279],[8.475399,56.680497],[8.476748,56.67935],[8.476122,56.677354],[8.47781,56.6753],[8.483314,56.671923],[8.486182,56.670815],[8.488753,56.670425],[8.492961,56.66825],[8.498312,56.666579],[8.502533,56.666299],[8.504701,56.666922],[8.505985,56.666576],[8.510941,56.668496],[8.513956,56.668863],[8.519804,56.672544],[8.52259,56.672497],[8.524748,56.673985],[8.527764,56.674564],[8.52949,56.676465],[8.532558,56.677876],[8.534255,56.681082],[8.537274,56.682019],[8.53906,56.683273],[8.547866,56.682683],[8.55127,56.683047],[8.555606,56.685936],[8.556477,56.687997],[8.560641,56.68914],[8.560428,56.688685],[8.557694,56.688188],[8.556799,56.687506],[8.558092,56.687287],[8.560709,56.687954],[8.569777,56.685216],[8.570608,56.685549],[8.573141,56.685007],[8.575161,56.685175],[8.578993,56.68763],[8.579855,56.689702],[8.578747,56.690467],[8.581451,56.691264],[8.583337,56.690945],[8.584113,56.692918],[8.583423,56.693179],[8.584347,56.693138],[8.583087,56.689702],[8.583647,56.687113],[8.585331,56.685058],[8.587589,56.683608],[8.589206,56.681031],[8.590862,56.680413],[8.588333,56.680078],[8.585706,56.678717],[8.585873,56.677982],[8.585202,56.678112],[8.583527,56.677104],[8.58007,56.673411],[8.576965,56.666298],[8.575347,56.664448],[8.576571,56.660324],[8.575263,56.659159],[8.57087,56.657204],[8.56991,56.654628],[8.573614,56.65138],[8.577229,56.64703],[8.584623,56.641698],[8.588112,56.640737],[8.590962,56.641365],[8.592725,56.639194],[8.59698,56.639359],[8.594487,56.638892],[8.592751,56.637586],[8.593773,56.6362],[8.596015,56.635952],[8.597046,56.624207],[8.596438,56.620148],[8.593211,56.616109],[8.591926,56.613045],[8.592853,56.609252],[8.592183,56.604949],[8.590336,56.602347],[8.588363,56.601196],[8.576307,56.600284],[8.567836,56.600708],[8.548416,56.600116],[8.542465,56.599091],[8.536355,56.597067],[8.530885,56.593831],[8.529509,56.590513],[8.529954,56.587041],[8.530328,56.58743],[8.534606,56.587356],[8.534981,56.586968],[8.531806,56.587178],[8.531211,56.586505],[8.535099,56.585201],[8.535549,56.584194],[8.535865,56.58458],[8.536226,56.584753],[8.536171,56.584369],[8.5387,56.583318],[8.542457,56.583296],[8.543514,56.584399],[8.538603,56.586088],[8.535426,56.586676],[8.5351,56.586977],[8.536527,56.586781],[8.535006,56.587332],[8.54074,56.585816],[8.546357,56.583445],[8.548827,56.58329],[8.547562,56.582913],[8.549638,56.582396],[8.549998,56.58277],[8.550401,56.581627],[8.551227,56.581707],[8.551805,56.581655],[8.55099,56.581421],[8.555322,56.580096],[8.556175,56.579057],[8.554203,56.577911],[8.548641,56.577113],[8.544274,56.577284],[8.540618,56.578016],[8.537336,56.579282],[8.528921,56.580769],[8.527277,56.58307],[8.522468,56.587224],[8.519795,56.588475],[8.515094,56.589245],[8.514118,56.594502],[8.511614,56.599671],[8.510366,56.600822],[8.505258,56.603007],[8.502198,56.605198],[8.501675,56.611013],[8.499698,56.615937],[8.497887,56.61805],[8.496238,56.622702],[8.492558,56.627333],[8.489012,56.628514],[8.482896,56.634211],[8.479929,56.634747],[8.475589,56.63742],[8.469198,56.638346],[8.463026,56.644373],[8.457867,56.648115],[8.452913,56.650783],[8.445587,56.652445],[8.442758,56.653706],[8.425769,56.664837],[8.417861,56.667321],[8.406419,56.66994],[8.40283,56.670624],[8.399819,56.670457],[8.387532,56.67428],[8.38102,56.674632],[8.377722,56.675424],[8.36394,56.676974],[8.357798,56.676322],[8.355129,56.677308],[8.353277,56.686794],[8.349643,56.690195],[8.348701,56.691916],[8.340387,56.696476],[8.337939,56.701632],[8.33401,56.706083],[8.331541,56.707867],[8.324715,56.710861],[8.316647,56.715453],[8.311162,56.721767],[8.304859,56.734224],[8.303294,56.742785],[8.301933,56.745552],[8.303039,56.750806],[8.302628,56.753103],[8.298995,56.757811],[8.29238,56.763189],[8.283703,56.768276],[8.276059,56.771052],[8.274505,56.770986],[8.274149,56.769992],[8.27389,56.77162],[8.272835,56.7722],[8.267332,56.772442],[8.267943,56.774131],[8.26649,56.773187],[8.266538,56.775067],[8.264422,56.776176],[8.260688,56.776784],[8.259823,56.776089],[8.25931,56.776992],[8.257405,56.777056],[8.25537,56.775637],[8.256924,56.777853],[8.255547,56.778416],[8.254179,56.776553],[8.254842,56.7762],[8.253445,56.775783],[8.25045,56.72585],[8.251177,56.725023],[8.254754,56.724749],[8.256264,56.722375],[8.255499,56.722208],[8.254192,56.722896],[8.253837,56.724571],[8.252452,56.724727],[8.250828,56.724301],[8.251557,56.722285],[8.251288,56.721419],[8.249883,56.720673],[8.249465,56.716629],[8.25028,56.714309],[8.250119,56.708771],[8.249464,56.706696],[8.247553,56.705281],[8.249634,56.703925],[8.247561,56.702322],[8.248237,56.701491],[8.248072,56.701126],[8.247182,56.701992],[8.245908,56.701641],[8.247703,56.700638],[8.244951,56.70039],[8.243175,56.701273],[8.243076,56.701669],[8.244908,56.701353],[8.244366,56.703838],[8.246083,56.706116],[8.247602,56.712265],[8.246618,56.714433],[8.245265,56.715554],[8.244823,56.715203],[8.241835,56.716178],[8.240817,56.715492],[8.243074,56.715383],[8.243112,56.714651],[8.243829,56.714479],[8.245719,56.709041],[8.244153,56.707784],[8.24423,56.706671],[8.242894,56.706343],[8.243096,56.704451],[8.241242,56.701932],[8.24144,56.701461],[8.243017,56.701371],[8.240374,56.700718],[8.238217,56.701241],[8.240119,56.704439],[8.237675,56.705246],[8.239502,56.708128],[8.239313,56.708987],[8.238304,56.709047],[8.238602,56.712061],[8.236477,56.713637],[8.234525,56.713178],[8.233772,56.714665],[8.233845,56.71712],[8.232531,56.719338],[8.230615,56.719175],[8.228851,56.722028],[8.22698,56.723274],[8.225531,56.723026],[8.224736,56.723697],[8.212962,56.721724],[8.213064,56.721431],[8.211988,56.721755]]],[[[8.227611,56.091254],[8.228247,56.092107],[8.229425,56.092621],[8.230226,56.092616],[8.229393,56.092361],[8.230062,56.092283],[8.229256,56.091059],[8.227611,56.091254]]],[[[8.238352,55.569693],[8.238243,55.569766],[8.238337,55.5698],[8.238352,55.569693]]],[[[8.232315,55.896],[8.233943,55.897699],[8.237778,55.898315],[8.239934,55.898216],[8.243921,55.897438],[8.245354,55.896358],[8.245567,55.894976],[8.24226,55.893153],[8.239846,55.892653],[8.237037,55.892811],[8.233271,55.894139],[8.232315,55.896]]],[[[8.241334,55.571688],[8.241484,55.571881],[8.241615,55.571816],[8.241334,55.571688]]],[[[8.242484,55.546134],[8.242362,55.546318],[8.242652,55.546158],[8.242484,55.546134]]],[[[8.22458,56.620994],[8.225236,56.621266],[8.226214,56.621217],[8.225636,56.621],[8.22458,56.620994]]],[[[8.237307,56.326944],[8.238299,56.327515],[8.239343,56.326444],[8.238365,56.326181],[8.237307,56.326944]]],[[[8.246533,55.895753],[8.247838,55.897131],[8.248935,55.897035],[8.250029,55.896382],[8.250383,55.894739],[8.248572,55.894485],[8.246533,55.895753]]],[[[8.232696,56.650788],[8.233458,56.651076],[8.234248,56.649809],[8.233136,56.649757],[8.232696,56.650788]]],[[[8.239301,56.323164],[8.239463,56.323735],[8.240321,56.323909],[8.240527,56.323546],[8.239301,56.323164]]],[[[8.247984,55.889807],[8.248267,55.890213],[8.248407,55.889809],[8.247984,55.889807]]],[[[8.239854,56.324941],[8.240469,56.325664],[8.24252,56.325601],[8.244161,56.326319],[8.246146,56.326132],[8.246007,56.32496],[8.243674,56.324805],[8.241582,56.32373],[8.239854,56.324941]]],[[[8.248835,55.890646],[8.248908,55.890924],[8.249105,55.890761],[8.248835,55.890646]]],[[[8.249865,55.891679],[8.249903,55.892014],[8.250267,55.891669],[8.249865,55.891679]]],[[[8.250173,55.89052],[8.250275,55.890948],[8.251076,55.891219],[8.251391,55.890632],[8.250173,55.89052]]],[[[8.250388,55.889563],[8.250823,55.89023],[8.251705,55.890345],[8.251538,55.889414],[8.250388,55.889563]]],[[[8.250782,55.88876],[8.251182,55.889244],[8.252048,55.889238],[8.252382,55.890071],[8.254182,55.889523],[8.25385,55.890763],[8.252084,55.891122],[8.253526,55.892671],[8.258885,55.892596],[8.263826,55.890861],[8.265774,55.890582],[8.26666,55.889316],[8.26622,55.889036],[8.271633,55.887135],[8.273193,55.885982],[8.274255,55.884039],[8.273753,55.883805],[8.272219,55.8839],[8.271379,55.883653],[8.267954,55.884263],[8.266594,55.88479],[8.266526,55.885768],[8.265825,55.886041],[8.264881,55.885707],[8.26255,55.886661],[8.254061,55.885641],[8.252895,55.886193],[8.25329,55.886686],[8.251866,55.887226],[8.251837,55.888588],[8.250782,55.88876]]],[[[8.251015,55.887945],[8.250894,55.888341],[8.251058,55.888361],[8.251015,55.887945]]],[[[8.256788,55.58553],[8.256931,55.585593],[8.257114,55.585427],[8.256788,55.58553]]],[[[8.251072,55.886424],[8.251274,55.886525],[8.25121,55.886392],[8.251072,55.886424]]],[[[8.25213,55.885861],[8.25195,55.886165],[8.252154,55.886142],[8.25213,55.885861]]],[[[8.251967,55.886733],[8.252052,55.886883],[8.252086,55.886714],[8.251967,55.886733]]],[[[8.252343,55.890331],[8.25232,55.89072],[8.252595,55.890445],[8.252343,55.890331]]],[[[8.252558,55.885392],[8.253039,55.885675],[8.25388,55.885307],[8.253412,55.884907],[8.252558,55.885392]]],[[[8.244758,56.327623],[8.245615,56.32858],[8.24728,56.329176],[8.248002,56.328967],[8.247713,56.328289],[8.250251,56.327083],[8.253069,56.32689],[8.250833,56.326331],[8.248847,56.326409],[8.247617,56.325838],[8.244926,56.326861],[8.245878,56.328188],[8.244758,56.327623]]],[[[8.256387,55.884806],[8.25787,55.885283],[8.258807,55.884833],[8.257617,55.884598],[8.256387,55.884806]]],[[[8.250823,56.345825],[8.250766,56.346075],[8.250983,56.34605],[8.250823,56.345825]]],[[[8.252928,56.341845],[8.251994,56.344973],[8.253097,56.3441],[8.254256,56.341027],[8.252928,56.341845]]],[[[8.26227,55.891805],[8.262225,55.892134],[8.262623,55.891956],[8.26227,55.891805]]],[[[8.254395,56.338212],[8.254031,56.340746],[8.254751,56.340627],[8.254731,56.340175],[8.256213,56.338091],[8.255731,56.337569],[8.254395,56.338212]]],[[[8.263153,55.891493],[8.263697,55.891577],[8.264844,55.890973],[8.264033,55.891014],[8.263153,55.891493]]],[[[8.270004,55.532788],[8.271444,55.534333],[8.273989,55.532622],[8.2725,55.531922],[8.270004,55.532788]]],[[[8.255115,56.336007],[8.255414,56.337177],[8.256106,56.337345],[8.258246,56.335494],[8.257937,56.334826],[8.256191,56.33492],[8.255115,56.336007]]],[[[8.265272,55.8915],[8.2653,55.891618],[8.26544,55.891502],[8.265272,55.8915]]],[[[8.25284,56.707362],[8.253053,56.707819],[8.253366,56.707825],[8.25284,56.707362]]],[[[8.271492,55.883582],[8.272658,55.883843],[8.275445,55.883384],[8.274811,55.882848],[8.273768,55.882814],[8.271492,55.883582]]],[[[8.273199,55.882611],[8.275528,55.882482],[8.275666,55.881399],[8.274244,55.881628],[8.273199,55.882611]]],[[[8.273755,55.885578],[8.274072,55.885748],[8.274051,55.885552],[8.273755,55.885578]]],[[[8.275457,55.885531],[8.275466,55.885733],[8.275583,55.885579],[8.275457,55.885531]]],[[[8.276656,55.883358],[8.276539,55.883578],[8.276778,55.883477],[8.276656,55.883358]]],[[[8.277296,55.980966],[8.278275,55.984339],[8.281623,55.984604],[8.283197,55.983653],[8.283528,55.982803],[8.282924,55.980177],[8.281489,55.980287],[8.281814,55.981358],[8.280853,55.982286],[8.279644,55.980368],[8.2781,55.980026],[8.277296,55.980966]]],[[[8.278907,55.985104],[8.278989,55.986455],[8.280435,55.988411],[8.27975,55.989804],[8.280793,55.993184],[8.28278,55.995038],[8.283004,55.996709],[8.284959,56.000095],[8.285754,56.000423],[8.286047,56.001943],[8.288302,56.002806],[8.288271,56.003928],[8.289831,56.004726],[8.291805,56.003734],[8.289334,56.000784],[8.28834,56.000717],[8.287702,56.000103],[8.287709,55.997918],[8.286407,55.99685],[8.286007,55.994844],[8.28296,55.989939],[8.282277,55.985421],[8.281741,55.98481],[8.278907,55.985104]]],[[[8.26424,56.773439],[8.265383,56.773393],[8.265476,56.772975],[8.265757,56.772837],[8.266351,56.7727],[8.265591,56.773019],[8.267161,56.773146],[8.266916,56.772528],[8.265531,56.77272],[8.265344,56.773256],[8.26424,56.773439]]],[[[8.289144,56.005789],[8.290344,56.006642],[8.290069,56.00765],[8.290666,56.008047],[8.292472,56.006767],[8.292045,56.003961],[8.289144,56.005789]]],[[[8.303794,55.497325],[8.305122,55.497018],[8.305421,55.496649],[8.304442,55.496881],[8.303794,55.497325]]],[[[8.30451,55.516452],[8.304753,55.516747],[8.304825,55.51655],[8.30451,55.516452]]],[[[8.304799,55.51628],[8.304786,55.516446],[8.304921,55.516313],[8.304799,55.51628]]],[[[8.304671,55.516181],[8.305251,55.516331],[8.305434,55.517786],[8.306641,55.519173],[8.308827,55.519722],[8.311778,55.519105],[8.316717,55.512626],[8.32713,55.50778],[8.328112,55.506663],[8.32815,55.505292],[8.329347,55.504364],[8.326956,55.504485],[8.317526,55.508132],[8.316122,55.509165],[8.313048,55.510264],[8.31253,55.510087],[8.312309,55.510688],[8.311311,55.51073],[8.307849,55.512876],[8.304671,55.516181]]],[[[8.304725,55.519058],[8.304692,55.519127],[8.304756,55.519104],[8.304725,55.519058]]],[[[8.306619,55.520023],[8.30661,55.520161],[8.306778,55.52016],[8.306619,55.520023]]],[[[8.3069,55.520092],[8.306932,55.520181],[8.307412,55.52018],[8.3069,55.520092]]],[[[8.307571,55.52015],[8.307511,55.520189],[8.307669,55.520202],[8.307571,55.52015]]],[[[8.307808,55.520169],[8.307771,55.520224],[8.307896,55.520201],[8.307808,55.520169]]],[[[8.309762,55.520068],[8.310125,55.52013],[8.310112,55.520039],[8.309762,55.520068]]],[[[8.327999,55.449075],[8.328378,55.450913],[8.329432,55.451259],[8.329676,55.456914],[8.330983,55.458638],[8.333498,55.459849],[8.338232,55.461064],[8.343405,55.463944],[8.343215,55.46302],[8.343848,55.463155],[8.345591,55.465117],[8.34712,55.465246],[8.352685,55.469156],[8.357455,55.47123],[8.35971,55.471505],[8.361392,55.471209],[8.360522,55.470153],[8.353739,55.465977],[8.349602,55.460902],[8.349837,55.458421],[8.351481,55.459092],[8.353859,55.461705],[8.357583,55.464406],[8.364033,55.46692],[8.365449,55.467059],[8.368746,55.468672],[8.372072,55.469072],[8.376597,55.470329],[8.376475,55.470705],[8.380536,55.471051],[8.38248,55.471859],[8.384114,55.473614],[8.385469,55.474145],[8.389422,55.473408],[8.390864,55.472692],[8.391753,55.470971],[8.391552,55.46894],[8.398061,55.467472],[8.40458,55.46661],[8.407764,55.465412],[8.409975,55.465615],[8.408172,55.456901],[8.408794,55.455202],[8.409133,55.456016],[8.409732,55.455958],[8.409417,55.453714],[8.408793,55.450489],[8.40653,55.446438],[8.407108,55.444764],[8.408421,55.444043],[8.40684,55.443722],[8.406849,55.442732],[8.40908,55.443009],[8.408958,55.444412],[8.409723,55.443377],[8.408981,55.44261],[8.405899,55.442268],[8.40552,55.437664],[8.406757,55.436927],[8.405097,55.436669],[8.406114,55.434206],[8.408403,55.432527],[8.410737,55.429342],[8.415875,55.426738],[8.421462,55.424964],[8.423359,55.425817],[8.423071,55.426341],[8.424916,55.427654],[8.427818,55.432817],[8.429491,55.434268],[8.434159,55.436836],[8.440769,55.4378],[8.443127,55.437509],[8.452131,55.433938],[8.454538,55.432333],[8.454786,55.431127],[8.452966,55.430502],[8.453314,55.427374],[8.460221,55.420472],[8.460585,55.416283],[8.461768,55.414452],[8.463252,55.413446],[8.466237,55.405911],[8.464871,55.404006],[8.458495,55.401563],[8.451847,55.397703],[8.45058,55.397418],[8.448532,55.394791],[8.44767,55.39466],[8.44814,55.393983],[8.447441,55.393452],[8.448689,55.391918],[8.448487,55.390231],[8.449107,55.389444],[8.453719,55.38727],[8.45831,55.3826],[8.460328,55.381235],[8.465458,55.379035],[8.467154,55.377392],[8.467771,55.372548],[8.46972,55.369567],[8.470239,55.36622],[8.469734,55.365104],[8.471485,55.360226],[8.471168,55.359296],[8.472149,55.357452],[8.472735,55.357893],[8.472862,55.356018],[8.474097,55.357193],[8.474898,55.35708],[8.474776,55.356141],[8.475299,55.35646],[8.476474,55.356057],[8.479365,55.356067],[8.47914,55.357547],[8.481307,55.357907],[8.484282,55.356878],[8.481897,55.354064],[8.474888,55.348538],[8.4717,55.342974],[8.472677,55.341084],[8.473898,55.340564],[8.474801,55.340648],[8.47588,55.341168],[8.475248,55.340966],[8.475113,55.34135],[8.474116,55.340658],[8.472891,55.341086],[8.473471,55.34106],[8.472019,55.342665],[8.473174,55.343975],[8.475771,55.342238],[8.478255,55.341747],[8.478135,55.340929],[8.476822,55.33997],[8.4736,55.339317],[8.465555,55.339254],[8.458053,55.339965],[8.45071,55.341325],[8.434458,55.347753],[8.422336,55.355067],[8.416837,55.360757],[8.405693,55.378757],[8.394625,55.393517],[8.383903,55.406526],[8.379625,55.410809],[8.369014,55.42047],[8.357039,55.429337],[8.351613,55.432551],[8.341422,55.436434],[8.334833,55.440707],[8.329513,55.445842],[8.327999,55.449075]]],[[[8.340176,55.974013],[8.340327,55.974288],[8.340791,55.97407],[8.340176,55.974013]]],[[[8.34587,55.964831],[8.347245,55.965114],[8.34821,55.964597],[8.347,55.96435],[8.34587,55.964831]]],[[[8.34953,55.966706],[8.349622,55.966999],[8.349875,55.966802],[8.34953,55.966706]]],[[[8.352071,55.964054],[8.352568,55.96436],[8.353159,55.964144],[8.352648,55.963703],[8.352071,55.964054]]],[[[8.352974,55.96584],[8.352896,55.966093],[8.353142,55.966023],[8.352974,55.96584]]],[[[8.354818,55.964131],[8.35454,55.964669],[8.355132,55.964614],[8.354818,55.964131]]],[[[8.361246,55.946988],[8.360869,55.947762],[8.361657,55.947517],[8.361246,55.946988]]],[[[8.362732,55.953723],[8.363007,55.953937],[8.36301,55.95374],[8.362732,55.953723]]],[[[8.365144,55.902464],[8.366692,55.905693],[8.369377,55.905385],[8.369951,55.90477],[8.367394,55.903357],[8.368081,55.901337],[8.366104,55.901367],[8.365144,55.902464]]],[[[8.371411,55.899987],[8.372366,55.900515],[8.37291,55.89986],[8.371875,55.899645],[8.371411,55.899987]]],[[[8.375163,55.937051],[8.375411,55.937601],[8.375875,55.937253],[8.375163,55.937051]]],[[[8.378067,55.933406],[8.378325,55.933649],[8.378478,55.933423],[8.378067,55.933406]]],[[[8.408853,55.47855],[8.408925,55.478762],[8.409035,55.478557],[8.408853,55.47855]]],[[[8.464973,55.088188],[8.46572,55.089789],[8.466681,55.089593],[8.466599,55.088388],[8.464973,55.088188]]],[[[8.473768,55.344848],[8.477081,55.349498],[8.482119,55.353776],[8.484148,55.35429],[8.481691,55.351631],[8.483777,55.352766],[8.483328,55.353288],[8.484033,55.353985],[8.486297,55.355136],[8.487208,55.354823],[8.488169,55.355559],[8.488697,55.356502],[8.48823,55.356853],[8.489619,55.358673],[8.494748,55.359847],[8.499504,55.359549],[8.500427,55.359837],[8.49927,55.359002],[8.499877,55.359318],[8.501951,55.359131],[8.502489,55.35878],[8.501498,55.358643],[8.501211,55.35846],[8.503762,55.358292],[8.506015,55.35625],[8.5069,55.356401],[8.507715,55.355757],[8.509067,55.355989],[8.513784,55.354073],[8.515623,55.351632],[8.515161,55.349915],[8.517026,55.350827],[8.517307,55.354076],[8.521726,55.353711],[8.523959,55.352734],[8.524886,55.353385],[8.529738,55.352885],[8.530626,55.352595],[8.53086,55.351886],[8.534061,55.350678],[8.534678,55.349749],[8.534827,55.348223],[8.533307,55.348092],[8.534569,55.347185],[8.533061,55.345354],[8.530123,55.343423],[8.525036,55.341334],[8.523106,55.339677],[8.5199,55.338969],[8.516864,55.338932],[8.508337,55.340128],[8.506205,55.34122],[8.502938,55.341906],[8.494754,55.34237],[8.489437,55.341983],[8.484048,55.339752],[8.479671,55.33927],[8.480026,55.340873],[8.479131,55.341927],[8.475136,55.343415],[8.473768,55.344848]]],[[[8.478178,55.359277],[8.478369,55.359721],[8.480173,55.360217],[8.482085,55.359345],[8.481971,55.360011],[8.483529,55.360453],[8.482156,55.360947],[8.482122,55.362283],[8.483828,55.363252],[8.484592,55.363198],[8.485797,55.361065],[8.486209,55.360898],[8.486233,55.361342],[8.48678,55.360799],[8.48506,55.357725],[8.483796,55.357342],[8.482115,55.357988],[8.480024,55.35819],[8.478178,55.359277]]],[[[8.488516,55.363325],[8.492264,55.363408],[8.492889,55.36183],[8.495159,55.361773],[8.492483,55.360699],[8.488694,55.359955],[8.488669,55.360616],[8.489972,55.361177],[8.489598,55.361558],[8.490248,55.361963],[8.488761,55.362589],[8.488516,55.363325]]],[[[8.502425,56.723291],[8.502083,56.724275],[8.502561,56.723227],[8.502425,56.723291]]],[[[8.502701,56.724008],[8.507112,56.731154],[8.506454,56.732855],[8.505251,56.733556],[8.506307,56.734258],[8.505928,56.735846],[8.504958,56.736805],[8.504132,56.736724],[8.504287,56.737894],[8.503118,56.738074],[8.502882,56.738378],[8.503946,56.738153],[8.503306,56.738844],[8.504423,56.738675],[8.50524,56.73918],[8.506561,56.742291],[8.510289,56.746389],[8.525486,56.748453],[8.53127,56.751276],[8.536347,56.754938],[8.537793,56.75486],[8.542777,56.757005],[8.546714,56.7554],[8.549021,56.755054],[8.550829,56.755447],[8.553173,56.755225],[8.5556,56.755747],[8.558549,56.758098],[8.558148,56.759084],[8.559145,56.762387],[8.557364,56.764107],[8.554243,56.765123],[8.554245,56.76789],[8.552872,56.770562],[8.551899,56.775565],[8.550174,56.777792],[8.549371,56.780581],[8.546397,56.784236],[8.54514,56.784648],[8.543246,56.786688],[8.54209,56.787196],[8.540632,56.787136],[8.541907,56.787817],[8.543695,56.787751],[8.546018,56.788323],[8.549678,56.790156],[8.551978,56.790653],[8.552898,56.788575],[8.556487,56.786187],[8.559441,56.78556],[8.562791,56.78585],[8.566706,56.787256],[8.570199,56.789326],[8.573355,56.792074],[8.575369,56.794817],[8.578258,56.795226],[8.579838,56.794527],[8.581909,56.794515],[8.58746,56.796148],[8.595613,56.795155],[8.604688,56.795182],[8.613032,56.792015],[8.622228,56.791747],[8.626292,56.792829],[8.6297,56.794937],[8.631275,56.795206],[8.634245,56.794436],[8.635676,56.794538],[8.640113,56.796698],[8.642418,56.796705],[8.64497,56.797449],[8.651437,56.800689],[8.657128,56.801208],[8.65925,56.80204],[8.661818,56.804044],[8.66391,56.804459],[8.666569,56.806526],[8.667413,56.812265],[8.665845,56.814921],[8.662966,56.816902],[8.659445,56.816209],[8.658009,56.817406],[8.648665,56.818254],[8.640585,56.817685],[8.637,56.819658],[8.631878,56.821015],[8.625175,56.821481],[8.622586,56.820631],[8.618346,56.820342],[8.61577,56.821077],[8.613367,56.820981],[8.61048,56.821641],[8.609013,56.822783],[8.610719,56.823661],[8.609836,56.826036],[8.616268,56.829152],[8.619024,56.831999],[8.621821,56.83385],[8.625573,56.833876],[8.632346,56.831537],[8.639713,56.830537],[8.641709,56.831163],[8.643844,56.83337],[8.646799,56.83288],[8.648173,56.834177],[8.648326,56.836819],[8.64911,56.837553],[8.648225,56.839113],[8.64669,56.838868],[8.642517,56.839266],[8.636377,56.83881],[8.634928,56.839121],[8.632359,56.837926],[8.63129,56.839058],[8.632951,56.83993],[8.635664,56.843773],[8.637603,56.844785],[8.639138,56.847748],[8.641168,56.84885],[8.641408,56.850408],[8.644119,56.851583],[8.644598,56.852528],[8.646959,56.853008],[8.647274,56.853614],[8.646607,56.854169],[8.648442,56.854806],[8.64899,56.85729],[8.649077,56.860666],[8.647483,56.864826],[8.648395,56.866551],[8.647195,56.867896],[8.646946,56.870102],[8.64475,56.871895],[8.64259,56.875015],[8.645278,56.877385],[8.645519,56.878963],[8.639518,56.883458],[8.637134,56.884014],[8.638218,56.88413],[8.637726,56.884645],[8.63373,56.884954],[8.641074,56.886161],[8.64386,56.886149],[8.645052,56.886653],[8.651249,56.886543],[8.653484,56.886931],[8.660094,56.889427],[8.665106,56.889026],[8.670142,56.890381],[8.67243,56.890023],[8.676196,56.888436],[8.685874,56.887836],[8.687539,56.887411],[8.695549,56.887993],[8.703181,56.890099],[8.707836,56.889706],[8.725169,56.891374],[8.729702,56.890067],[8.733324,56.889574],[8.735062,56.888805],[8.736748,56.888781],[8.740032,56.889504],[8.74426,56.891191],[8.751464,56.895945],[8.756668,56.897858],[8.765508,56.897745],[8.769714,56.898138],[8.772773,56.897725],[8.778814,56.898588],[8.793133,56.902886],[8.808622,56.901947],[8.817949,56.90382],[8.821331,56.906054],[8.825483,56.911982],[8.827739,56.919393],[8.829152,56.928369],[8.830838,56.931404],[8.834811,56.933611],[8.839997,56.938497],[8.844004,56.939797],[8.845937,56.941312],[8.850921,56.943745],[8.852863,56.946982],[8.858981,56.952963],[8.859494,56.956314],[8.860327,56.95633],[8.861258,56.954601],[8.864677,56.951542],[8.867955,56.950229],[8.872726,56.950916],[8.87512,56.950622],[8.878909,56.951121],[8.87948,56.950704],[8.881007,56.9507],[8.88202,56.951101],[8.881745,56.951477],[8.882318,56.951097],[8.884112,56.951102],[8.887995,56.952282],[8.891115,56.95229],[8.894711,56.950774],[8.898669,56.950733],[8.901466,56.952106],[8.906399,56.956214],[8.912589,56.958254],[8.912478,56.959508],[8.915121,56.960456],[8.91831,56.963723],[8.921584,56.968813],[8.921741,56.970459],[8.920447,56.973238],[8.920975,56.974669],[8.921994,56.975172],[8.922827,56.974639],[8.92512,56.974761],[8.931391,56.977199],[8.936727,56.978152],[8.939376,56.9797],[8.939658,56.980563],[8.937965,56.983118],[8.934824,56.98433],[8.937202,56.984521],[8.940333,56.983187],[8.941248,56.982051],[8.940146,56.979967],[8.93861,56.978705],[8.937241,56.977974],[8.930198,56.976546],[8.926646,56.974211],[8.9251,56.97046],[8.925834,56.966351],[8.92349,56.96322],[8.918569,56.960147],[8.913235,56.957753],[8.910067,56.954807],[8.907619,56.947757],[8.907961,56.944987],[8.912391,56.940169],[8.912424,56.934159],[8.913439,56.931433],[8.919054,56.92426],[8.920826,56.919803],[8.921974,56.919505],[8.923231,56.919005],[8.921391,56.919513],[8.921228,56.918388],[8.921825,56.918071],[8.923596,56.918863],[8.923699,56.918471],[8.910964,56.909782],[8.90833,56.906988],[8.907188,56.903854],[8.906942,56.897988],[8.905203,56.894449],[8.899996,56.888425],[8.900021,56.885911],[8.899075,56.884958],[8.896918,56.877681],[8.893581,56.872747],[8.892042,56.868695],[8.89189,56.865723],[8.890583,56.863878],[8.887932,56.861657],[8.885599,56.860717],[8.884174,56.861138],[8.884893,56.862271],[8.881871,56.8624],[8.881467,56.861939],[8.881483,56.862588],[8.885758,56.862601],[8.888399,56.867076],[8.888122,56.869669],[8.885578,56.873301],[8.887085,56.873515],[8.887234,56.874179],[8.886424,56.87478],[8.886607,56.875493],[8.885271,56.875894],[8.884475,56.87796],[8.886763,56.880257],[8.886579,56.8813],[8.886065,56.881586],[8.884738,56.881294],[8.883686,56.882004],[8.882317,56.881688],[8.87887,56.882264],[8.871836,56.879647],[8.868258,56.880585],[8.868648,56.880015],[8.867557,56.87997],[8.868111,56.879632],[8.867097,56.8797],[8.866713,56.879533],[8.865867,56.880403],[8.864093,56.880736],[8.864554,56.88017],[8.865883,56.879936],[8.865643,56.879226],[8.866848,56.879091],[8.867204,56.879616],[8.869313,56.879323],[8.869644,56.878733],[8.868544,56.878556],[8.870986,56.878193],[8.869304,56.877717],[8.870242,56.877536],[8.87129,56.878356],[8.871735,56.878185],[8.870973,56.87685],[8.872567,56.875652],[8.872962,56.876109],[8.872883,56.875288],[8.869967,56.87683],[8.870675,56.876972],[8.865031,56.878754],[8.861953,56.880401],[8.864164,56.882787],[8.863565,56.883073],[8.86401,56.883709],[8.865014,56.883782],[8.864836,56.884588],[8.859327,56.887106],[8.85779,56.886715],[8.851697,56.887222],[8.850727,56.88655],[8.8467,56.886228],[8.845408,56.885531],[8.844042,56.885436],[8.842484,56.884114],[8.845243,56.883424],[8.84244,56.883933],[8.841629,56.883272],[8.843355,56.881016],[8.84381,56.879052],[8.841466,56.878893],[8.841727,56.879323],[8.841601,56.879576],[8.840953,56.880086],[8.842703,56.880443],[8.840405,56.880049],[8.841436,56.879376],[8.83639,56.876763],[8.828647,56.869772],[8.829478,56.867839],[8.828012,56.866259],[8.828112,56.864152],[8.832918,56.860387],[8.835778,56.855713],[8.838664,56.853058],[8.839732,56.850153],[8.839723,56.842903],[8.841826,56.834681],[8.844014,56.83053],[8.853531,56.818957],[8.862632,56.813204],[8.863841,56.811882],[8.874674,56.806598],[8.878027,56.801074],[8.879737,56.792427],[8.87785,56.7839],[8.877501,56.783663],[8.877214,56.783614],[8.877572,56.783855],[8.875908,56.78486],[8.875509,56.785606],[8.876957,56.786643],[8.877051,56.787759],[8.875125,56.788691],[8.874345,56.79193],[8.871608,56.794926],[8.86987,56.7949],[8.868934,56.793075],[8.869571,56.794768],[8.869048,56.795299],[8.868808,56.7949],[8.867602,56.795029],[8.867609,56.795456],[8.866605,56.79507],[8.864363,56.795577],[8.863552,56.794813],[8.865384,56.794732],[8.865095,56.79409],[8.864168,56.7942],[8.864919,56.79367],[8.862856,56.793564],[8.862861,56.793035],[8.86464,56.793184],[8.864597,56.792565],[8.867508,56.791553],[8.868939,56.792195],[8.867592,56.791417],[8.864388,56.792019],[8.863509,56.792028],[8.863346,56.791428],[8.862594,56.791923],[8.860575,56.791709],[8.858833,56.792637],[8.855157,56.792259],[8.854079,56.789312],[8.854412,56.787148],[8.856264,56.786112],[8.863814,56.784365],[8.864839,56.785478],[8.863993,56.78653],[8.865069,56.785647],[8.865455,56.782978],[8.864008,56.780868],[8.861722,56.780213],[8.860978,56.779459],[8.853493,56.778091],[8.851813,56.776956],[8.847323,56.776315],[8.843369,56.774283],[8.841671,56.771048],[8.840162,56.770041],[8.8405,56.76884],[8.838994,56.765368],[8.837592,56.76393],[8.835397,56.763714],[8.836898,56.761457],[8.839726,56.761287],[8.838482,56.759462],[8.838056,56.756719],[8.838996,56.754262],[8.841191,56.752754],[8.83923,56.750921],[8.837138,56.750531],[8.837246,56.750003],[8.83388,56.749682],[8.829691,56.746839],[8.828596,56.743002],[8.830907,56.741085],[8.830914,56.739686],[8.824843,56.737881],[8.818968,56.734955],[8.815782,56.734306],[8.810357,56.729423],[8.804415,56.727612],[8.799272,56.727002],[8.79759,56.725422],[8.795736,56.724705],[8.79175,56.720791],[8.78653,56.718156],[8.782875,56.714355],[8.778594,56.711891],[8.775323,56.710662],[8.77359,56.70743],[8.768902,56.704742],[8.768102,56.703394],[8.770471,56.700302],[8.774074,56.698508],[8.776308,56.695294],[8.775736,56.694138],[8.772499,56.692596],[8.767101,56.692094],[8.764156,56.690581],[8.760218,56.689928],[8.74874,56.685539],[8.734521,56.682612],[8.734318,56.682205],[8.731814,56.682199],[8.73093,56.681527],[8.731382,56.68041],[8.731161,56.680228],[8.730771,56.681584],[8.728817,56.680933],[8.730517,56.680176],[8.730669,56.679409],[8.730113,56.679977],[8.724755,56.681378],[8.719864,56.681313],[8.711144,56.682451],[8.704419,56.682297],[8.700864,56.681591],[8.689287,56.677918],[8.679094,56.676354],[8.675414,56.675215],[8.658725,56.671835],[8.648992,56.670321],[8.64281,56.668705],[8.643422,56.669124],[8.642305,56.669555],[8.642385,56.672382],[8.641656,56.673956],[8.640093,56.675438],[8.637515,56.675804],[8.636999,56.677577],[8.634657,56.679603],[8.636792,56.683715],[8.635785,56.683361],[8.635821,56.684204],[8.637664,56.686278],[8.638828,56.686571],[8.639027,56.686991],[8.638534,56.686694],[8.637754,56.687198],[8.637975,56.687878],[8.637135,56.687936],[8.63688,56.689106],[8.635789,56.689841],[8.634909,56.688946],[8.636452,56.68765],[8.634817,56.68697],[8.634224,56.687252],[8.634469,56.686351],[8.633883,56.686854],[8.633234,56.68678],[8.6338,56.68609],[8.631619,56.685465],[8.633152,56.685694],[8.632299,56.684933],[8.633028,56.684484],[8.632412,56.683352],[8.631771,56.683494],[8.63205,56.684632],[8.631332,56.685091],[8.631783,56.684172],[8.630785,56.683542],[8.631035,56.682857],[8.629739,56.68392],[8.631449,56.687836],[8.632256,56.688562],[8.633624,56.68876],[8.634675,56.689861],[8.634936,56.692855],[8.631759,56.695966],[8.629317,56.696533],[8.627481,56.697824],[8.625032,56.698531],[8.622851,56.701514],[8.620494,56.703308],[8.615017,56.706042],[8.612341,56.706151],[8.611719,56.706811],[8.612645,56.707743],[8.612088,56.708325],[8.613181,56.70775],[8.613683,56.708353],[8.61313,56.709504],[8.611961,56.709475],[8.61151,56.710125],[8.612636,56.710865],[8.612691,56.712135],[8.61356,56.712403],[8.613458,56.712972],[8.612476,56.71263],[8.611663,56.713096],[8.613361,56.714905],[8.618042,56.715483],[8.620513,56.716292],[8.622091,56.717451],[8.626642,56.717181],[8.628114,56.718027],[8.627073,56.718728],[8.625951,56.718555],[8.626882,56.719162],[8.626647,56.719906],[8.62407,56.721257],[8.621496,56.72125],[8.620772,56.720337],[8.620346,56.720553],[8.612674,56.718528],[8.611517,56.718964],[8.608183,56.718777],[8.603872,56.716203],[8.604516,56.71621],[8.602312,56.71571],[8.601477,56.716477],[8.597771,56.717648],[8.593687,56.717808],[8.59551,56.718773],[8.597965,56.723212],[8.593408,56.726492],[8.593104,56.727555],[8.594238,56.728902],[8.592205,56.730763],[8.58845,56.731932],[8.587017,56.731466],[8.583561,56.731901],[8.578965,56.731317],[8.576714,56.730159],[8.576136,56.728976],[8.579502,56.727564],[8.58137,56.727786],[8.581815,56.72642],[8.580866,56.725278],[8.579766,56.725005],[8.578136,56.72568],[8.579424,56.72663],[8.576202,56.727282],[8.576836,56.726702],[8.576171,56.726603],[8.575648,56.725547],[8.575678,56.72422],[8.576425,56.721596],[8.577474,56.721893],[8.576938,56.72271],[8.578996,56.722854],[8.580234,56.722552],[8.581109,56.721498],[8.582381,56.721589],[8.583894,56.720785],[8.583995,56.721233],[8.583288,56.721275],[8.583789,56.722113],[8.584807,56.721915],[8.583645,56.721784],[8.586866,56.721132],[8.586898,56.721599],[8.584977,56.721946],[8.586898,56.721693],[8.59035,56.721791],[8.592302,56.721623],[8.590299,56.721683],[8.585444,56.720154],[8.581024,56.717185],[8.582982,56.715434],[8.587001,56.713786],[8.588724,56.709793],[8.589326,56.709679],[8.58933,56.710001],[8.590024,56.708591],[8.579953,56.70478],[8.577182,56.704988],[8.572354,56.704385],[8.567284,56.703028],[8.560089,56.700103],[8.558248,56.700014],[8.560326,56.702047],[8.562801,56.702713],[8.562609,56.704484],[8.56175,56.703807],[8.561099,56.704611],[8.561557,56.707782],[8.558697,56.709139],[8.559185,56.709622],[8.55816,56.710872],[8.558137,56.712823],[8.554711,56.716934],[8.55532,56.717634],[8.555058,56.718211],[8.554022,56.718969],[8.555187,56.720353],[8.558158,56.720617],[8.560238,56.721713],[8.569654,56.723118],[8.575228,56.722646],[8.575002,56.725162],[8.573133,56.72567],[8.571527,56.728289],[8.5696,56.729087],[8.567659,56.729213],[8.565816,56.73066],[8.5642,56.730945],[8.561888,56.732449],[8.558441,56.733081],[8.554855,56.734834],[8.550173,56.735907],[8.544642,56.739515],[8.540133,56.74016],[8.538618,56.739685],[8.536849,56.736901],[8.534359,56.735073],[8.527115,56.732267],[8.515357,56.725679],[8.512814,56.724684],[8.503595,56.722547],[8.502701,56.724008]]],[[[8.530268,56.70152],[8.531696,56.702645],[8.538579,56.703115],[8.542045,56.704397],[8.542953,56.703401],[8.543667,56.703377],[8.543869,56.701839],[8.545299,56.70073],[8.544347,56.699049],[8.544597,56.697523],[8.546899,56.696477],[8.542086,56.696395],[8.543517,56.696771],[8.543929,56.697612],[8.543385,56.698314],[8.542442,56.698163],[8.541938,56.699216],[8.540654,56.698841],[8.540701,56.69824],[8.538623,56.698817],[8.537346,56.69816],[8.540751,56.697281],[8.542022,56.697963],[8.541782,56.697045],[8.542396,56.696989],[8.541501,56.69646],[8.544429,56.695748],[8.545007,56.695225],[8.541213,56.696324],[8.540016,56.697257],[8.534304,56.698209],[8.534385,56.698642],[8.533711,56.698358],[8.530761,56.699642],[8.531084,56.700794],[8.530268,56.70152]]],[[[8.538413,56.697948],[8.538309,56.698169],[8.538763,56.697935],[8.538413,56.697948]]],[[[8.539738,56.697681],[8.539698,56.697764],[8.539753,56.697756],[8.539738,56.697681]]],[[[8.540487,56.697769],[8.540141,56.698193],[8.540901,56.69814],[8.540487,56.697769]]],[[[8.540622,56.715779],[8.540673,56.717572],[8.541401,56.719209],[8.542442,56.718835],[8.541216,56.717662],[8.541372,56.716075],[8.542089,56.716079],[8.542942,56.714563],[8.542074,56.714346],[8.541682,56.715736],[8.540622,56.715779]]],[[[8.541251,56.697869],[8.541424,56.698038],[8.541414,56.697889],[8.541251,56.697869]]],[[[8.542231,56.719437],[8.542168,56.719845],[8.543187,56.719985],[8.542231,56.719437]]],[[[8.543042,56.697581],[8.542607,56.697858],[8.543306,56.697888],[8.543042,56.697581]]],[[[8.543172,56.697073],[8.543185,56.697187],[8.543288,56.69711],[8.543172,56.697073]]],[[[8.542806,56.714134],[8.54373,56.714716],[8.543757,56.71363],[8.544683,56.712958],[8.542806,56.714134]]],[[[8.542751,56.72023],[8.543289,56.721068],[8.545317,56.721558],[8.547832,56.720735],[8.545579,56.72125],[8.542751,56.72023]]],[[[8.549849,56.719905],[8.548816,56.720628],[8.550328,56.719839],[8.549849,56.719905]]],[[[8.548847,56.716221],[8.54922,56.716795],[8.55027,56.716821],[8.553965,56.715825],[8.551967,56.715262],[8.551104,56.715795],[8.551125,56.71525],[8.55037,56.716351],[8.548847,56.716221]]],[[[8.549881,56.718108],[8.550286,56.71873],[8.553306,56.719413],[8.553819,56.718891],[8.553429,56.718441],[8.553498,56.717947],[8.553071,56.71783],[8.553826,56.716132],[8.551344,56.716677],[8.549881,56.718108]]],[[[8.553913,56.717805],[8.553874,56.718827],[8.554978,56.718152],[8.554334,56.718327],[8.553913,56.717805]]],[[[8.561373,56.731707],[8.561968,56.731444],[8.562523,56.730258],[8.561632,56.731111],[8.561373,56.731707]]],[[[8.585387,56.730805],[8.586022,56.731017],[8.587408,56.731216],[8.586616,56.730698],[8.585387,56.730805]]],[[[8.58649,56.652982],[8.587244,56.654049],[8.588713,56.654208],[8.59001,56.656678],[8.589303,56.657362],[8.590047,56.658532],[8.59127,56.659035],[8.591083,56.660367],[8.591708,56.660925],[8.590781,56.661784],[8.591449,56.662457],[8.59332,56.662954],[8.595776,56.663055],[8.600376,56.661226],[8.602281,56.661099],[8.606589,56.661782],[8.611785,56.66365],[8.615488,56.662741],[8.616643,56.66291],[8.61869,56.662296],[8.619398,56.662539],[8.620182,56.661022],[8.621963,56.659795],[8.63068,56.65871],[8.636343,56.659353],[8.639997,56.660913],[8.640924,56.661596],[8.640201,56.661762],[8.641368,56.661792],[8.641835,56.659296],[8.640241,56.656053],[8.63716,56.652927],[8.63861,56.651909],[8.638503,56.651645],[8.636853,56.652564],[8.635742,56.651439],[8.636741,56.651181],[8.637465,56.651636],[8.63805,56.651477],[8.636827,56.651141],[8.637428,56.650627],[8.634399,56.650983],[8.630322,56.648533],[8.629115,56.646592],[8.630129,56.644282],[8.634134,56.642707],[8.636434,56.640033],[8.635442,56.637039],[8.631802,56.631795],[8.631386,56.627849],[8.634293,56.623366],[8.639056,56.62065],[8.635759,56.621135],[8.632619,56.623463],[8.630848,56.6241],[8.627383,56.628087],[8.622641,56.630164],[8.614892,56.632686],[8.61346,56.634654],[8.611115,56.635789],[8.597423,56.639213],[8.599975,56.641138],[8.601101,56.643777],[8.598816,56.646596],[8.596712,56.647538],[8.597281,56.648541],[8.598542,56.649026],[8.598513,56.650317],[8.596447,56.651468],[8.593234,56.651324],[8.58649,56.652982]]],[[[8.60047,55.431918],[8.601664,55.432243],[8.602823,55.431963],[8.60163,55.431405],[8.601964,55.431877],[8.601286,55.4316],[8.60047,55.431918]]],[[[8.59164,56.679415],[8.594128,56.678856],[8.597337,56.678807],[8.595135,56.677365],[8.593589,56.678818],[8.59164,56.679415]]],[[[8.594453,56.637449],[8.594928,56.637558],[8.595717,56.636704],[8.595661,56.636115],[8.594533,56.636149],[8.595068,56.636665],[8.594453,56.637449]]],[[[8.594371,57.122756],[8.594351,57.122842],[8.594453,57.122809],[8.594371,57.122756]]],[[[8.609065,56.711361],[8.609494,56.71285],[8.610245,56.712316],[8.609729,56.711174],[8.611562,56.709224],[8.610456,56.709008],[8.609065,56.711361]]],[[[8.613209,56.551199],[8.612053,56.553962],[8.615732,56.558203],[8.628537,56.570918],[8.630829,56.574444],[8.636558,56.578307],[8.639457,56.581145],[8.642432,56.581707],[8.650827,56.581308],[8.65533,56.582267],[8.659632,56.582357],[8.665653,56.580471],[8.668044,56.581013],[8.671337,56.582934],[8.671907,56.583083],[8.672354,56.582956],[8.670949,56.582692],[8.667591,56.580694],[8.663397,56.579532],[8.661649,56.579723],[8.661964,56.580505],[8.660845,56.581282],[8.656364,56.581798],[8.654231,56.581637],[8.652127,56.580043],[8.650486,56.577219],[8.649483,56.577504],[8.648345,56.579005],[8.647046,56.579296],[8.641907,56.579309],[8.639635,56.577904],[8.639122,56.575203],[8.641338,56.572962],[8.650981,56.5703],[8.655711,56.572158],[8.658225,56.574824],[8.659754,56.578806],[8.661231,56.579573],[8.662574,56.579325],[8.656639,56.57177],[8.639598,56.560766],[8.637026,56.557292],[8.633612,56.554239],[8.630469,56.546254],[8.63008,56.542075],[8.631894,56.538146],[8.635971,56.535554],[8.635972,56.524919],[8.635151,56.522964],[8.633002,56.521203],[8.619739,56.514708],[8.618694,56.514577],[8.616298,56.515657],[8.617852,56.51595],[8.616839,56.516242],[8.622102,56.518043],[8.626147,56.520264],[8.626508,56.521335],[8.628976,56.523386],[8.629598,56.525083],[8.628215,56.52667],[8.626916,56.530813],[8.622038,56.53296],[8.620998,56.534395],[8.621107,56.535582],[8.61944,56.537256],[8.621234,56.542083],[8.618519,56.54831],[8.616974,56.549884],[8.615352,56.550658],[8.614613,56.550386],[8.614287,56.550502],[8.615277,56.550988],[8.616155,56.550828],[8.615433,56.551329],[8.614156,56.550601],[8.612556,56.550556],[8.613209,56.551199]]],[[[8.610735,56.712087],[8.611359,56.712378],[8.611799,56.71232],[8.611411,56.711883],[8.610735,56.712087]]],[[[8.612371,56.708582],[8.612279,56.708956],[8.613094,56.708803],[8.612371,56.708582]]],[[[8.629472,55.404683],[8.630147,55.404778],[8.630447,55.404144],[8.631436,55.403932],[8.632031,55.402679],[8.631589,55.402294],[8.630735,55.402164],[8.630757,55.40318],[8.629472,55.404683]]],[[[8.618515,56.689402],[8.621989,56.690885],[8.622774,56.689985],[8.628137,56.689178],[8.628975,56.688748],[8.630391,56.68775],[8.629959,56.687433],[8.628544,56.688353],[8.628079,56.687807],[8.626399,56.687451],[8.625949,56.68233],[8.624757,56.682908],[8.625334,56.684801],[8.62474,56.686335],[8.625874,56.687642],[8.628035,56.688786],[8.628859,56.688709],[8.623506,56.689784],[8.622344,56.689757],[8.621377,56.688903],[8.618515,56.689402]]],[[[8.638128,55.388838],[8.638482,55.389237],[8.639294,55.388964],[8.638128,55.388838]]],[[[8.628044,56.679561],[8.626322,56.682401],[8.626971,56.682043],[8.627729,56.68066],[8.62753,56.681417],[8.627917,56.681756],[8.629012,56.679946],[8.634644,56.678193],[8.635592,56.675764],[8.637649,56.674765],[8.634212,56.676202],[8.630207,56.679004],[8.628044,56.679561]]],[[[8.626484,56.683871],[8.627624,56.684582],[8.628127,56.684565],[8.627273,56.683648],[8.626484,56.683871]]],[[[8.627951,56.684808],[8.628391,56.685082],[8.628261,56.684693],[8.627951,56.684808]]],[[[8.628935,56.681835],[8.629215,56.682553],[8.629702,56.683103],[8.629945,56.682994],[8.628935,56.681835]]],[[[8.629085,56.680979],[8.630684,56.681667],[8.632172,56.681325],[8.632204,56.682861],[8.632998,56.68298],[8.63302,56.684114],[8.633625,56.684225],[8.634117,56.682765],[8.633443,56.680254],[8.631101,56.679689],[8.629085,56.680979]]],[[[8.629528,56.679904],[8.629918,56.680086],[8.630522,56.679808],[8.629528,56.679904]]],[[[8.631492,56.683504],[8.631617,56.68368],[8.631636,56.683309],[8.631492,56.683504]]],[[[8.633665,56.685182],[8.634308,56.685535],[8.635215,56.685268],[8.634802,56.684788],[8.633665,56.685182]]],[[[8.63418,56.682661],[8.634547,56.682926],[8.635013,56.682975],[8.634845,56.682687],[8.63418,56.682661]]],[[[8.634286,56.683985],[8.635694,56.684377],[8.635373,56.683239],[8.634467,56.683115],[8.634286,56.683985]]],[[[8.634781,56.686601],[8.635448,56.686979],[8.636905,56.687389],[8.636287,56.685697],[8.634781,56.686601]]],[[[8.636828,56.687517],[8.636912,56.687655],[8.637034,56.687562],[8.636828,56.687517]]],[[[8.679948,55.145546],[8.67994,55.145787],[8.680135,55.145756],[8.679948,55.145546]]],[[[8.71514,56.623477],[8.715404,56.623732],[8.715855,56.622939],[8.71514,56.623477]]],[[[8.717055,56.481004],[8.717579,56.481796],[8.718258,56.482214],[8.717948,56.481518],[8.719322,56.481731],[8.717692,56.480868],[8.718523,56.479847],[8.720168,56.479189],[8.721009,56.479921],[8.722008,56.479799],[8.720668,56.477341],[8.720162,56.478478],[8.717716,56.479626],[8.717055,56.481004]]],[[[8.719063,56.482224],[8.721575,56.482209],[8.722217,56.479957],[8.720823,56.48195],[8.719063,56.482224]]],[[[8.83005,56.968186],[8.830046,56.968349],[8.830135,56.968351],[8.83005,56.968186]]],[[[8.830616,56.968759],[8.83062,56.968859],[8.830763,56.968858],[8.830616,56.968759]]],[[[8.831699,56.969086],[8.831455,56.969163],[8.831735,56.969131],[8.831699,56.969086]]],[[[8.84045,56.749704],[8.840286,56.750202],[8.841087,56.749898],[8.84045,56.749704]]],[[[8.844565,56.696864],[8.846004,56.696581],[8.847149,56.695367],[8.850782,56.694149],[8.847273,56.695079],[8.845963,56.694988],[8.844565,56.696864]]],[[[8.853911,56.990217],[8.854077,56.990419],[8.853969,56.989932],[8.853911,56.990217]]],[[[8.854016,56.988832],[8.854549,56.988564],[8.856231,56.989202],[8.854504,56.988266],[8.854016,56.988832]]],[[[8.869102,56.880018],[8.869256,56.880062],[8.869259,56.879992],[8.869102,56.880018]]],[[[8.869687,56.879735],[8.86964,56.87983],[8.869771,56.879815],[8.869687,56.879735]]],[[[8.870273,56.879354],[8.870308,56.87959],[8.870379,56.879352],[8.870273,56.879354]]],[[[8.871033,56.878645],[8.87344,56.878928],[8.874682,56.880135],[8.873971,56.879083],[8.872901,56.87847],[8.871918,56.878286],[8.871033,56.878645]]],[[[8.871744,56.878032],[8.872241,56.878022],[8.872637,56.878251],[8.872398,56.877861],[8.871744,56.878032]]],[[[8.89758,56.981403],[8.900618,56.981249],[8.901103,56.980951],[8.898609,56.98097],[8.89758,56.981403]]],[[[8.899471,56.980827],[8.90466,56.980656],[8.90803,56.981198],[8.909062,56.98093],[8.906625,56.980532],[8.907196,56.9801],[8.905215,56.97994],[8.902032,56.980074],[8.899471,56.980827]]],[[[8.900389,56.979985],[8.900093,56.9802],[8.900768,56.979939],[8.900389,56.979985]]],[[[8.90111,56.978913],[8.901188,56.979055],[8.901667,56.979021],[8.90111,56.978913]]],[[[8.905416,56.981667],[8.905156,56.981788],[8.90594,56.981785],[8.905416,56.981667]]],[[[8.905659,56.958164],[8.906151,56.959013],[8.907044,56.958986],[8.906544,56.95941],[8.909212,56.95926],[8.909462,56.959813],[8.907971,56.96065],[8.908643,56.961099],[8.910445,56.961178],[8.90926,56.961431],[8.909694,56.962127],[8.914524,56.961122],[8.912611,56.961298],[8.911539,56.960411],[8.909999,56.960931],[8.908581,56.960805],[8.908266,56.960515],[8.909209,56.960138],[8.911839,56.960191],[8.911011,56.959841],[8.91177,56.959769],[8.911354,56.959351],[8.90887,56.958413],[8.905659,56.958164]]],[[[8.910208,56.981115],[8.91019,56.98117],[8.910392,56.981159],[8.910208,56.981115]]],[[[8.94667,56.934635],[8.948007,56.934823],[8.948715,56.934136],[8.947342,56.932357],[8.947496,56.93155],[8.947113,56.932078],[8.947636,56.93352],[8.94667,56.934635]]],[[[8.95076,56.833016],[8.953201,56.834323],[8.953218,56.834948],[8.954041,56.835019],[8.954442,56.836125],[8.9557,56.836369],[8.956299,56.837419],[8.957565,56.837337],[8.958907,56.837918],[8.964709,56.838474],[8.971067,56.838321],[8.976585,56.838767],[8.986246,56.840957],[8.988059,56.840778],[8.991089,56.841227],[8.996976,56.842748],[9.005514,56.844139],[9.015114,56.844225],[9.025258,56.846317],[9.044155,56.846452],[9.053003,56.844714],[9.064141,56.843505],[9.075212,56.843663],[9.083279,56.845778],[9.083792,56.845448],[9.076808,56.842624],[9.067181,56.841999],[9.061532,56.839344],[9.059408,56.836981],[9.059206,56.832935],[9.061896,56.829808],[9.064789,56.828902],[9.06619,56.829297],[9.064777,56.828991],[9.066213,56.829731],[9.072488,56.829788],[9.077602,56.828655],[9.07746,56.827238],[9.074134,56.824348],[9.070605,56.822112],[9.065871,56.820071],[9.063228,56.81982],[9.058289,56.817913],[9.05514,56.817489],[9.052245,56.817816],[9.052282,56.818689],[9.051325,56.81944],[9.047168,56.820563],[9.043173,56.819967],[9.04129,56.820162],[9.035233,56.817555],[9.034123,56.8175],[9.035507,56.818017],[9.033358,56.818587],[9.035109,56.819868],[9.035749,56.821191],[9.035171,56.822552],[9.035804,56.823021],[9.034826,56.823626],[9.033593,56.823467],[9.03267,56.821973],[9.033729,56.820794],[9.029895,56.81905],[9.023038,56.811276],[9.021732,56.806814],[9.022263,56.803955],[9.023373,56.804355],[9.023701,56.804114],[9.022244,56.803488],[9.021052,56.804014],[9.019282,56.803452],[9.020033,56.802759],[9.021005,56.803073],[9.021151,56.802923],[9.019909,56.802633],[9.018576,56.803276],[9.015056,56.803463],[9.010627,56.802373],[9.008961,56.799955],[9.010102,56.796218],[9.004253,56.797786],[9.001181,56.799444],[8.995191,56.803886],[8.984917,56.809407],[8.983603,56.810881],[8.982022,56.811388],[8.978855,56.811267],[8.978167,56.812941],[8.974172,56.815933],[8.969511,56.823114],[8.964029,56.82859],[8.956243,56.831312],[8.95256,56.831722],[8.95076,56.833016]]],[[[9.007593,56.902154],[9.008168,56.902091],[9.009795,56.901684],[9.011092,56.901124],[9.011899,56.900407],[9.012265,56.899608],[9.010259,56.901411],[9.007593,56.902154]]],[[[9.029915,56.794235],[9.029678,56.79468],[9.030513,56.794265],[9.029915,56.794235]]],[[[9.033724,56.822402],[9.034401,56.822638],[9.034938,56.822443],[9.034135,56.822164],[9.033724,56.822402]]],[[[9.034339,56.821706],[9.034077,56.821868],[9.034246,56.821927],[9.034339,56.821706]]],[[[9.036825,56.808233],[9.037366,56.808287],[9.037874,56.807837],[9.037204,56.807589],[9.036825,56.808233]]],[[[9.068354,56.893705],[9.070208,56.896427],[9.081432,56.90454],[9.083283,56.905076],[9.087866,56.904738],[9.093207,56.899831],[9.094537,56.897207],[9.097427,56.895667],[9.101748,56.88949],[9.101654,56.888591],[9.099487,56.88747],[9.100014,56.886393],[9.099206,56.886499],[9.09926,56.88616],[9.098388,56.886599],[9.098793,56.88629],[9.097115,56.884236],[9.097003,56.882644],[9.098164,56.88028],[9.11313,56.869453],[9.127011,56.862962],[9.129952,56.861303],[9.130995,56.860516],[9.132311,56.860287],[9.132431,56.860187],[9.130866,56.860386],[9.127061,56.862839],[9.112596,56.869518],[9.102718,56.876839],[9.091578,56.882706],[9.082791,56.884375],[9.077068,56.886422],[9.070036,56.891125],[9.068354,56.893705]]],[[[9.132896,57.039561],[9.134122,57.039963],[9.135659,57.0387],[9.138343,57.038722],[9.145672,57.035171],[9.145744,57.033879],[9.144791,57.03449],[9.143851,57.034532],[9.143978,57.034994],[9.143319,57.034918],[9.143876,57.034479],[9.144732,57.034308],[9.144817,57.033924],[9.147656,57.033003],[9.146669,57.031976],[9.144786,57.032772],[9.144713,57.033425],[9.141388,57.035401],[9.139429,57.037358],[9.135945,57.038175],[9.132896,57.039561]]],[[[9.161931,57.024522],[9.163795,57.024591],[9.164737,57.024141],[9.162982,57.024229],[9.161931,57.024522]]],[[[9.179933,56.716733],[9.18001,56.716847],[9.180317,56.716713],[9.179933,56.716733]]],[[[9.184466,56.719576],[9.18606,56.720054],[9.186571,56.720768],[9.187701,56.719528],[9.191335,56.718834],[9.194784,56.720765],[9.196944,56.721664],[9.196018,56.722078],[9.195097,56.721911],[9.195066,56.722267],[9.194478,56.721888],[9.194911,56.722973],[9.193162,56.723245],[9.192223,56.722852],[9.193263,56.723925],[9.192887,56.724626],[9.190605,56.724273],[9.190007,56.725342],[9.191351,56.726078],[9.190591,56.726658],[9.189406,56.726718],[9.189747,56.727316],[9.190237,56.726801],[9.190545,56.727611],[9.188248,56.729537],[9.191306,56.727683],[9.192714,56.725325],[9.193756,56.724739],[9.196115,56.724744],[9.197533,56.72391],[9.199375,56.723736],[9.19982,56.725395],[9.198317,56.726268],[9.199863,56.726326],[9.199993,56.723987],[9.197886,56.721932],[9.191751,56.718919],[9.190852,56.718731],[9.186565,56.719616],[9.185224,56.719078],[9.184466,56.719576]]],[[[9.191396,56.722243],[9.191855,56.722447],[9.192168,56.722816],[9.192675,56.722228],[9.191396,56.722243]]],[[[9.193083,56.722203],[9.192961,56.722441],[9.193136,56.7225],[9.193083,56.722203]]],[[[9.198077,56.725174],[9.198048,56.72539],[9.19821,56.725108],[9.198077,56.725174]]],[[[9.203963,56.707069],[9.204096,56.707265],[9.204132,56.707278],[9.203963,56.707069]]],[[[9.239534,56.964673],[9.239446,56.964691],[9.239559,56.964777],[9.239534,56.964673]]],[[[9.240029,56.965253],[9.240266,56.965733],[9.240355,56.965741],[9.240029,56.965253]]],[[[9.240546,56.965933],[9.240756,56.96637],[9.240837,56.966405],[9.240546,56.965933]]],[[[9.245731,56.985519],[9.247469,56.986336],[9.247308,56.98819],[9.248743,56.988862],[9.26021,56.990071],[9.263253,56.990765],[9.266034,56.990511],[9.264796,56.989347],[9.258904,56.986156],[9.248679,56.982099],[9.245731,56.985519]]],[[[9.265942,56.991204],[9.266726,56.991212],[9.267385,56.991164],[9.266512,56.991146],[9.265942,56.991204]]],[[[9.296913,56.998328],[9.297098,56.998883],[9.303176,56.999894],[9.301973,56.999927],[9.30201,57.000187],[9.306739,57.000734],[9.310062,57.001817],[9.313056,57.001715],[9.313055,57.000761],[9.309458,56.999329],[9.302069,56.997986],[9.296913,56.998328]]],[[[9.297249,57.003426],[9.297238,57.003714],[9.29751,57.003561],[9.297249,57.003426]]],[[[9.370571,56.565777],[9.37057,56.566195],[9.370968,56.56595],[9.370571,56.565777]]],[[[9.460338,55.115509],[9.460107,55.115515],[9.460406,55.115626],[9.460338,55.115509]]],[[[9.486907,57.030075],[9.487653,57.030723],[9.490237,57.031192],[9.491397,57.03108],[9.491597,57.030874],[9.489943,57.030975],[9.492942,57.0302],[9.493957,57.030334],[9.492752,57.029924],[9.492602,57.029163],[9.490642,57.028763],[9.487604,57.028957],[9.486907,57.030075]]],[[[9.504682,57.032463],[9.505731,57.03281],[9.510547,57.032653],[9.50564,57.032302],[9.504682,57.032463]]],[[[9.5057,57.017031],[9.506163,57.017652],[9.509776,57.018229],[9.515825,57.016712],[9.513652,57.016991],[9.50965,57.016101],[9.506575,57.016282],[9.5057,57.017031]]],[[[9.516646,57.018041],[9.51609,57.018274],[9.516704,57.018125],[9.516646,57.018041]]],[[[9.52003,57.034048],[9.520672,57.034323],[9.524039,57.034476],[9.520592,57.033837],[9.52003,57.034048]]],[[[9.50113,54.856589],[9.502731,54.858908],[9.503221,54.859113],[9.502394,54.857971],[9.50311,54.857569],[9.504691,54.857687],[9.504816,54.856735],[9.503763,54.856192],[9.502151,54.856111],[9.50113,54.856589]]],[[[9.506025,54.858959],[9.507305,54.85929],[9.509197,54.85892],[9.512079,54.856749],[9.513337,54.856707],[9.511906,54.8562],[9.507909,54.856498],[9.506025,54.858959]]],[[[9.549931,57.010995],[9.55169,57.012269],[9.555609,57.012945],[9.557927,57.012859],[9.562533,57.011567],[9.564655,57.011656],[9.568382,57.008702],[9.568314,57.007946],[9.567081,57.008574],[9.567377,57.007222],[9.568773,57.006978],[9.569923,57.00562],[9.572331,57.005424],[9.572336,57.005105],[9.569929,57.003851],[9.565224,57.002816],[9.56504,57.002266],[9.562535,57.002377],[9.561164,57.003027],[9.558677,57.00707],[9.55537,57.008956],[9.554234,57.009023],[9.549931,57.010995]]],[[[9.570078,57.007305],[9.571619,57.007418],[9.572464,57.006765],[9.571287,57.006963],[9.571824,57.006493],[9.570814,57.0064],[9.570078,57.007305]]],[[[9.544576,55.123318],[9.549993,55.130756],[9.551563,55.130256],[9.554168,55.130809],[9.560817,55.12985],[9.563323,55.128367],[9.566529,55.124285],[9.570793,55.122052],[9.572382,55.120323],[9.573442,55.116809],[9.571005,55.112811],[9.566941,55.110874],[9.564405,55.111598],[9.558006,55.112248],[9.553199,55.110823],[9.552591,55.111535],[9.553033,55.113679],[9.552167,55.118371],[9.550607,55.119346],[9.549589,55.119391],[9.549695,55.118948],[9.549031,55.119552],[9.547192,55.119329],[9.54589,55.119738],[9.544576,55.123318]]],[[[9.562461,55.248641],[9.562485,55.248736],[9.562544,55.248652],[9.562461,55.248641]]],[[[9.590109,56.986562],[9.59022,56.987003],[9.590693,56.987106],[9.590868,56.98667],[9.590109,56.986562]]],[[[9.591248,56.983637],[9.591619,56.985248],[9.595077,56.98536],[9.599645,56.983725],[9.601624,56.981302],[9.603659,56.9813],[9.606091,56.982787],[9.605864,56.983158],[9.607799,56.98348],[9.610296,56.98234],[9.611649,56.980747],[9.607913,56.980892],[9.602424,56.980071],[9.597773,56.980391],[9.591248,56.983637]]],[[[9.580019,55.521059],[9.580017,55.521517],[9.580243,55.52147],[9.580019,55.521059]]],[[[9.606564,56.983954],[9.60679,56.98399],[9.606853,56.983926],[9.606564,56.983954]]],[[[9.608585,57.025066],[9.611111,57.02547],[9.613632,57.025116],[9.610419,57.024822],[9.610388,57.025172],[9.609564,57.025182],[9.610185,57.024989],[9.60971,57.024774],[9.608585,57.025066]]],[[[9.585491,55.260167],[9.585509,55.260869],[9.586022,55.260154],[9.585491,55.260167]]],[[[9.593061,55.513246],[9.593651,55.514176],[9.59396,55.514196],[9.5934,55.513606],[9.594071,55.513307],[9.594343,55.511488],[9.596584,55.510807],[9.596121,55.509479],[9.594103,55.510006],[9.594101,55.511574],[9.593061,55.513246]]],[[[9.593316,55.360398],[9.593706,55.360518],[9.593733,55.360376],[9.593316,55.360398]]],[[[9.626658,57.082489],[9.626758,57.082824],[9.62706,57.082596],[9.626658,57.082489]]],[[[9.600806,55.410217],[9.601196,55.409886],[9.601144,55.409858],[9.600806,55.410217]]],[[[9.620693,55.309527],[9.621884,55.3094],[9.622265,55.308804],[9.621355,55.309063],[9.620693,55.309527]]],[[[9.626506,55.189269],[9.627087,55.189153],[9.627619,55.189694],[9.62793,55.189236],[9.629116,55.189214],[9.629038,55.187897],[9.630377,55.187789],[9.630288,55.186256],[9.628772,55.186663],[9.629006,55.187677],[9.628177,55.18697],[9.626506,55.189269]]],[[[9.670641,57.086394],[9.671055,57.086742],[9.672452,57.086892],[9.671686,57.086342],[9.670641,57.086394]]],[[[9.671756,57.087376],[9.671894,57.087725],[9.672512,57.087609],[9.672427,57.087485],[9.671756,57.087376]]],[[[9.672701,57.087425],[9.673722,57.087835],[9.674136,57.08768],[9.67326,57.087429],[9.673559,57.087048],[9.672701,57.087425]]],[[[9.673413,57.087975],[9.673467,57.088215],[9.673667,57.087988],[9.673413,57.087975]]],[[[9.63872,55.045222],[9.639371,55.047504],[9.638978,55.050607],[9.640639,55.052224],[9.651997,55.05471],[9.656131,55.057057],[9.663337,55.06342],[9.667401,55.065882],[9.693461,55.074092],[9.699432,55.077507],[9.709787,55.079066],[9.723669,55.079565],[9.728599,55.080592],[9.735528,55.082791],[9.740145,55.083506],[9.744465,55.083884],[9.755106,55.083332],[9.770958,55.080151],[9.806062,55.067737],[9.815537,55.065188],[9.820752,55.062753],[9.823773,55.058707],[9.827835,55.055648],[9.836866,55.051078],[9.848642,55.046688],[9.851555,55.046208],[9.852886,55.046645],[9.861697,55.036872],[9.867549,55.034157],[9.875192,55.028573],[9.879083,55.026539],[9.901101,55.019436],[9.906931,55.018722],[9.918815,55.019392],[9.926173,55.018998],[9.941175,55.015886],[9.955555,55.011109],[9.964904,55.00654],[9.971456,54.999585],[9.979371,54.994118],[9.982233,54.993448],[9.984012,54.99404],[9.985572,54.995514],[9.986093,54.995611],[9.985046,54.994224],[9.985595,54.994394],[9.985984,54.994002],[9.986889,54.995204],[9.988704,54.995693],[9.987104,54.995007],[9.986635,54.993502],[9.984957,54.991746],[9.985556,54.991925],[9.985749,54.991244],[9.987272,54.992158],[9.986854,54.993104],[9.988079,54.993048],[9.989161,54.993788],[9.988802,54.993324],[9.98728,54.992694],[9.987508,54.992068],[9.986809,54.991027],[9.98717,54.989863],[9.990482,54.987532],[9.995662,54.985439],[10.003087,54.978319],[10.004733,54.975233],[10.012371,54.96624],[10.015285,54.961393],[10.016938,54.960626],[10.019195,54.957338],[10.023512,54.953688],[10.026744,54.94831],[10.030665,54.945039],[10.033854,54.941378],[10.039928,54.936432],[10.041957,54.933565],[10.044473,54.933257],[10.043648,54.932719],[10.043854,54.931696],[10.044592,54.93174],[10.045365,54.932786],[10.044781,54.933411],[10.045373,54.932932],[10.046296,54.933307],[10.047174,54.933346],[10.045491,54.932919],[10.04431,54.92943],[10.043956,54.92236],[10.045135,54.917848],[10.047585,54.914198],[10.051302,54.905302],[10.055306,54.901542],[10.058418,54.897298],[10.060395,54.896368],[10.061044,54.896612],[10.063555,54.89614],[10.065524,54.894626],[10.069782,54.883919],[10.06952,54.881993],[10.071602,54.877742],[10.071275,54.877015],[10.064564,54.873376],[10.057658,54.873821],[10.05365,54.874547],[10.035577,54.875049],[10.028089,54.874042],[10.019764,54.87196],[10.009969,54.867672],[9.988564,54.85245],[9.986202,54.852619],[9.985093,54.853477],[9.98102,54.854267],[9.960231,54.852435],[9.956953,54.852975],[9.949048,54.852947],[9.94239,54.853684],[9.941061,54.85431],[9.93642,54.854559],[9.929497,54.856102],[9.92558,54.857727],[9.920301,54.859059],[9.914237,54.862549],[9.908482,54.864462],[9.902394,54.865287],[9.896726,54.864767],[9.88889,54.865318],[9.887112,54.867163],[9.880778,54.869201],[9.875117,54.873144],[9.867664,54.877177],[9.869116,54.880011],[9.873926,54.881151],[9.876545,54.883664],[9.881877,54.886078],[9.884989,54.89042],[9.889138,54.891741],[9.894171,54.894941],[9.899654,54.896916],[9.900167,54.894908],[9.905925,54.89345],[9.908718,54.891895],[9.911072,54.890048],[9.913265,54.885782],[9.917012,54.88404],[9.918723,54.884079],[9.920259,54.883472],[9.92448,54.88361],[9.927804,54.88306],[9.935691,54.8786],[9.945535,54.877073],[9.952189,54.874112],[9.953204,54.871582],[9.953034,54.869269],[9.954422,54.868361],[9.957223,54.867652],[9.962571,54.867926],[9.96631,54.86732],[9.971083,54.867645],[9.971258,54.86589],[9.982249,54.858588],[9.986088,54.85719],[9.989279,54.857687],[9.989393,54.857131],[9.988785,54.857057],[9.989641,54.856047],[9.991964,54.855714],[9.993533,54.856325],[9.997424,54.859397],[9.997591,54.860534],[9.992622,54.866213],[9.988358,54.873493],[9.981134,54.878397],[9.975082,54.880645],[9.963936,54.885876],[9.954583,54.88847],[9.948955,54.893028],[9.944962,54.893307],[9.939566,54.894355],[9.92735,54.898772],[9.922167,54.899893],[9.918919,54.90004],[9.917461,54.900886],[9.914679,54.904047],[9.910715,54.905633],[9.898938,54.908178],[9.892265,54.908212],[9.891003,54.907735],[9.889981,54.905735],[9.890498,54.906909],[9.889554,54.907467],[9.886337,54.906685],[9.887638,54.905537],[9.889328,54.905753],[9.887934,54.905462],[9.885005,54.90575],[9.882802,54.902459],[9.884111,54.901573],[9.880382,54.899243],[9.878102,54.899034],[9.873937,54.900111],[9.871237,54.900185],[9.861229,54.896301],[9.854253,54.894621],[9.849165,54.892538],[9.842506,54.890814],[9.83636,54.890186],[9.83182,54.889229],[9.830098,54.889804],[9.828056,54.889834],[9.82576,54.891705],[9.821791,54.892932],[9.816427,54.893485],[9.811466,54.893299],[9.805585,54.894346],[9.802847,54.89609],[9.79902,54.89758],[9.7964,54.897627],[9.795122,54.896419],[9.794183,54.896317],[9.791326,54.897677],[9.791121,54.897876],[9.794243,54.896375],[9.796177,54.897521],[9.794418,54.898486],[9.793907,54.90107],[9.788229,54.904067],[9.784992,54.904608],[9.785347,54.905354],[9.782632,54.906655],[9.783106,54.907474],[9.784544,54.907646],[9.785004,54.908151],[9.785401,54.910716],[9.781165,54.915388],[9.781649,54.915604],[9.778626,54.916852],[9.769446,54.918787],[9.769026,54.921602],[9.770226,54.923821],[9.769871,54.92672],[9.765708,54.930311],[9.765643,54.931744],[9.763363,54.934159],[9.765392,54.936373],[9.763881,54.940274],[9.765318,54.943525],[9.761911,54.946305],[9.761466,54.947982],[9.760365,54.955895],[9.761029,54.959565],[9.75942,54.971017],[9.758061,54.973571],[9.755694,54.975923],[9.75404,54.977023],[9.75157,54.977222],[9.751235,54.977594],[9.757232,54.980544],[9.759169,54.982188],[9.759823,54.982538],[9.759561,54.981944],[9.766441,54.975184],[9.770693,54.971945],[9.774075,54.970241],[9.777384,54.96976],[9.78363,54.970081],[9.791397,54.968707],[9.800363,54.959862],[9.805196,54.956805],[9.807796,54.953642],[9.812147,54.950241],[9.816039,54.945906],[9.817178,54.945464],[9.81713,54.944887],[9.82051,54.941492],[9.822024,54.940781],[9.82743,54.939847],[9.829662,54.937785],[9.829822,54.93689],[9.828242,54.935206],[9.823806,54.933876],[9.826985,54.932796],[9.835192,54.933671],[9.836645,54.932265],[9.836659,54.931388],[9.837602,54.930955],[9.839522,54.932284],[9.839369,54.933151],[9.84035,54.934249],[9.839898,54.935008],[9.847447,54.936483],[9.853157,54.938512],[9.858269,54.939304],[9.862404,54.941308],[9.862308,54.940635],[9.863491,54.941244],[9.865291,54.941027],[9.867856,54.942244],[9.871197,54.941946],[9.873797,54.942551],[9.873167,54.944468],[9.870587,54.943841],[9.867696,54.944071],[9.864236,54.943177],[9.857748,54.942643],[9.857071,54.942209],[9.857822,54.941726],[9.853626,54.941934],[9.852404,54.942503],[9.849658,54.942714],[9.843939,54.944087],[9.835729,54.948352],[9.837305,54.950338],[9.841204,54.949607],[9.844494,54.95123],[9.851204,54.953319],[9.853529,54.953577],[9.854826,54.952972],[9.856723,54.95302],[9.854745,54.955014],[9.851022,54.954729],[9.850374,54.954163],[9.848264,54.953726],[9.845792,54.954092],[9.840315,54.953499],[9.839563,54.954043],[9.84044,54.954606],[9.839544,54.954724],[9.83827,54.954163],[9.836652,54.954501],[9.832562,54.956886],[9.840894,54.965389],[9.84579,54.966617],[9.84768,54.966669],[9.849154,54.966507],[9.847441,54.966308],[9.848225,54.965438],[9.852302,54.964789],[9.855762,54.966562],[9.855114,54.967128],[9.853862,54.967025],[9.854105,54.96778],[9.852508,54.968507],[9.852503,54.969466],[9.857749,54.96981],[9.859264,54.969104],[9.859827,54.969269],[9.859733,54.970389],[9.857922,54.970706],[9.855315,54.970242],[9.850568,54.970561],[9.850277,54.969202],[9.848835,54.96822],[9.849725,54.967957],[9.850657,54.96838],[9.850197,54.967882],[9.849387,54.967889],[9.845469,54.968615],[9.839153,54.970694],[9.838942,54.971167],[9.841915,54.972704],[9.842429,54.973725],[9.84101,54.973846],[9.839467,54.972588],[9.837462,54.972792],[9.834154,54.974918],[9.831845,54.975261],[9.822536,54.979491],[9.814092,54.980612],[9.806324,54.980711],[9.796026,54.981574],[9.788243,54.983565],[9.785524,54.982784],[9.78432,54.983022],[9.780895,54.987711],[9.781591,54.989211],[9.78435,54.991521],[9.786968,54.992802],[9.793023,54.994423],[9.793937,54.995744],[9.794169,54.99495],[9.79552,54.994611],[9.803973,54.996248],[9.801693,54.996618],[9.798575,54.996456],[9.796083,54.995285],[9.793883,54.996033],[9.793163,54.995695],[9.793873,54.995911],[9.79372,54.995514],[9.787656,54.994848],[9.783502,54.99358],[9.780098,54.99316],[9.777192,54.994249],[9.775977,54.995412],[9.775582,54.998447],[9.77703,54.999975],[9.787076,55.00233],[9.790288,55.002618],[9.794836,55.004817],[9.795819,55.006004],[9.795294,55.008013],[9.79397,55.009901],[9.79212,55.010943],[9.785895,55.011605],[9.783886,55.011037],[9.780525,55.011229],[9.779983,55.010893],[9.779646,55.011265],[9.779463,55.010912],[9.7783,55.011381],[9.775861,55.010755],[9.769661,55.010356],[9.765863,55.011108],[9.747831,55.008855],[9.743369,55.009147],[9.736071,55.008076],[9.731553,55.009012],[9.724936,55.00963],[9.718018,55.007708],[9.711294,55.00759],[9.709149,55.006896],[9.706259,55.007228],[9.700875,55.006595],[9.695594,55.00771],[9.692775,55.007875],[9.692878,55.008903],[9.691947,55.008434],[9.692316,55.009144],[9.691138,55.010288],[9.684833,55.01225],[9.679702,55.014746],[9.677566,55.01492],[9.674664,55.017479],[9.671192,55.018478],[9.668149,55.021048],[9.666117,55.021376],[9.664232,55.02075],[9.661725,55.021317],[9.659524,55.024068],[9.659209,55.026387],[9.65997,55.027774],[9.662421,55.029292],[9.667253,55.030011],[9.670401,55.031306],[9.67327,55.031367],[9.677583,55.03075],[9.682091,55.031589],[9.684804,55.032588],[9.686062,55.032369],[9.689924,55.033597],[9.690992,55.035042],[9.69609,55.037069],[9.69712,55.038215],[9.699319,55.037518],[9.70432,55.037426],[9.705362,55.036819],[9.703496,55.035591],[9.702576,55.033353],[9.704366,55.031745],[9.706924,55.031375],[9.712094,55.032208],[9.713496,55.031846],[9.715581,55.032003],[9.717338,55.031198],[9.718608,55.031285],[9.71781,55.032335],[9.713436,55.033853],[9.711948,55.036442],[9.707441,55.037472],[9.708201,55.038734],[9.70952,55.038719],[9.709307,55.039225],[9.706842,55.039453],[9.704254,55.038746],[9.700031,55.038489],[9.698091,55.039365],[9.698368,55.040102],[9.700351,55.04086],[9.707075,55.041907],[9.707625,55.0434],[9.706484,55.044753],[9.704884,55.044782],[9.704543,55.044389],[9.703429,55.044986],[9.700987,55.044955],[9.696817,55.044366],[9.696082,55.043981],[9.696005,55.042828],[9.696591,55.042137],[9.697338,55.042194],[9.696909,55.041851],[9.693019,55.041745],[9.688636,55.038748],[9.686594,55.038374],[9.686452,55.037176],[9.688672,55.035555],[9.690587,55.035389],[9.684554,55.034817],[9.679372,55.035289],[9.675657,55.036247],[9.675983,55.035807],[9.673047,55.036689],[9.665156,55.037966],[9.661795,55.039052],[9.657015,55.039006],[9.65306,55.038321],[9.644073,55.038998],[9.640789,55.040793],[9.639451,55.042506],[9.63872,55.045222]]],[[[9.680594,57.094988],[9.681118,57.094841],[9.681252,57.094413],[9.680795,57.094389],[9.680594,57.094988]]],[[[9.658642,55.492605],[9.659626,55.49328],[9.662168,55.49262],[9.661565,55.491038],[9.659573,55.491579],[9.658642,55.492605]]],[[[9.675593,55.49144],[9.677438,55.498757],[9.679837,55.50051],[9.680674,55.500607],[9.684161,55.499696],[9.685071,55.499018],[9.682707,55.499942],[9.680814,55.500269],[9.680774,55.499992],[9.68053,55.500401],[9.680105,55.50052],[9.680457,55.500061],[9.679677,55.500263],[9.684641,55.498712],[9.686583,55.498838],[9.692178,55.497895],[9.697548,55.491345],[9.700301,55.49024],[9.702325,55.487739],[9.704256,55.486485],[9.714998,55.485519],[9.715419,55.484559],[9.714174,55.481345],[9.716437,55.478692],[9.701956,55.474726],[9.693867,55.474202],[9.688612,55.476231],[9.687769,55.477257],[9.68787,55.480088],[9.686599,55.482306],[9.685128,55.483553],[9.683233,55.48425],[9.682127,55.486033],[9.677607,55.489117],[9.675593,55.49144]]],[[[9.677114,55.513484],[9.678213,55.515826],[9.683624,55.518518],[9.694524,55.518496],[9.697786,55.517996],[9.706188,55.514388],[9.709533,55.512361],[9.710837,55.512082],[9.709855,55.512757],[9.712568,55.511333],[9.721795,55.508438],[9.724753,55.508119],[9.726592,55.507437],[9.725312,55.5082],[9.729136,55.506914],[9.732815,55.506276],[9.736267,55.506561],[9.735333,55.505866],[9.736045,55.505533],[9.736644,55.506062],[9.738041,55.50543],[9.738891,55.506775],[9.737307,55.506616],[9.73831,55.506905],[9.738967,55.506859],[9.739123,55.506676],[9.739278,55.507102],[9.740776,55.507164],[9.741054,55.506696],[9.744434,55.507304],[9.745286,55.506524],[9.746633,55.506622],[9.752746,55.508962],[9.755686,55.5112],[9.757808,55.514572],[9.757033,55.516914],[9.762839,55.521552],[9.764901,55.522258],[9.766395,55.523494],[9.767794,55.525379],[9.767611,55.526669],[9.769581,55.530539],[9.769313,55.533101],[9.767559,55.535567],[9.761808,55.538756],[9.761756,55.538815],[9.761764,55.539067],[9.763269,55.537963],[9.7638,55.538232],[9.76016,55.540259],[9.761373,55.539611],[9.761937,55.539851],[9.761305,55.540336],[9.756785,55.542429],[9.756839,55.543195],[9.760365,55.544075],[9.765766,55.544264],[9.777812,55.542681],[9.78221,55.542667],[9.78996,55.544667],[9.79764,55.549357],[9.80662,55.552143],[9.817645,55.553126],[9.824215,55.554223],[9.83456,55.554802],[9.846247,55.551816],[9.850667,55.548481],[9.852276,55.543323],[9.84998,55.534915],[9.849357,55.524851],[9.854131,55.52017],[9.858883,55.516894],[9.863893,55.51426],[9.867299,55.513047],[9.87556,55.511475],[9.880884,55.510853],[9.883267,55.511137],[9.892502,55.509892],[9.918202,55.509196],[9.934465,55.51055],[9.938078,55.51135],[9.938421,55.51179],[9.9411,55.512111],[9.946202,55.513859],[9.951043,55.516105],[9.951792,55.517158],[9.952384,55.517058],[9.952094,55.516374],[9.952897,55.517051],[9.951808,55.51734],[9.957724,55.519503],[9.963051,55.522258],[9.974174,55.526815],[9.978943,55.529456],[9.978805,55.530218],[9.980324,55.530152],[9.984173,55.531513],[9.991453,55.535609],[9.998962,55.539067],[10.013442,55.542825],[10.022939,55.545927],[10.028968,55.549478],[10.034623,55.555883],[10.036515,55.557057],[10.05514,55.559775],[10.058495,55.561038],[10.059212,55.561056],[10.058614,55.560409],[10.059379,55.560247],[10.074181,55.561768],[10.077047,55.562893],[10.078379,55.564456],[10.078118,55.565299],[10.075891,55.566227],[10.072373,55.565605],[10.072584,55.566307],[10.073433,55.566038],[10.074119,55.566593],[10.073578,55.56674],[10.074703,55.566827],[10.075888,55.57023],[10.075075,55.567149],[10.078736,55.565294],[10.080874,55.566637],[10.076773,55.56841],[10.077432,55.569109],[10.083446,55.56609],[10.083583,55.566609],[10.076617,55.569825],[10.076293,55.570368],[10.077633,55.56946],[10.081212,55.568448],[10.088382,55.568522],[10.09569,55.570654],[10.098007,55.572236],[10.099774,55.571809],[10.104946,55.574127],[10.108283,55.574132],[10.108717,55.573798],[10.108587,55.57317],[10.108308,55.573898],[10.107521,55.573752],[10.108401,55.573196],[10.110812,55.572834],[10.114164,55.573731],[10.116145,55.577562],[10.117349,55.578509],[10.120472,55.579537],[10.123884,55.579141],[10.124677,55.578109],[10.124362,55.576906],[10.124999,55.576623],[10.12859,55.57633],[10.133295,55.57691],[10.137226,55.576833],[10.146525,55.579728],[10.153583,55.583635],[10.169346,55.585636],[10.171278,55.586804],[10.172513,55.586683],[10.178693,55.589075],[10.181793,55.589224],[10.184918,55.589995],[10.181229,55.588763],[10.182555,55.588381],[10.193684,55.588481],[10.195547,55.590293],[10.200454,55.590165],[10.200874,55.590557],[10.195377,55.590608],[10.193354,55.592574],[10.19003,55.593813],[10.188251,55.59579],[10.188957,55.596484],[10.192062,55.596486],[10.19826,55.595101],[10.200036,55.592368],[10.201465,55.5922],[10.202037,55.59137],[10.203164,55.593678],[10.207954,55.595629],[10.208824,55.598776],[10.207636,55.599182],[10.21023,55.600106],[10.214863,55.600615],[10.233113,55.60452],[10.24589,55.605889],[10.264128,55.606338],[10.26698,55.606917],[10.271512,55.606721],[10.286174,55.609267],[10.292196,55.607872],[10.293647,55.606537],[10.291887,55.60599],[10.291578,55.606615],[10.288678,55.606981],[10.28687,55.607812],[10.282648,55.607907],[10.281301,55.607096],[10.281871,55.606627],[10.283389,55.607079],[10.283331,55.60679],[10.279684,55.604787],[10.280761,55.601947],[10.283773,55.600435],[10.283716,55.597541],[10.284357,55.595698],[10.285693,55.594627],[10.283937,55.593985],[10.282595,55.592382],[10.279688,55.591575],[10.28186,55.591359],[10.281384,55.590297],[10.282369,55.589885],[10.279084,55.587411],[10.279843,55.586989],[10.281783,55.587677],[10.283092,55.587351],[10.281148,55.585499],[10.280204,55.583341],[10.281884,55.582529],[10.282761,55.582925],[10.283978,55.582311],[10.286628,55.583],[10.289278,55.58291],[10.291528,55.582445],[10.291671,55.581751],[10.293069,55.581423],[10.295318,55.583562],[10.298103,55.584628],[10.309737,55.585331],[10.313522,55.58417],[10.314554,55.584651],[10.314741,55.585823],[10.316134,55.586945],[10.316172,55.588731],[10.311591,55.590635],[10.306633,55.593914],[10.304784,55.593645],[10.306369,55.594122],[10.304324,55.595628],[10.304155,55.594767],[10.303745,55.594899],[10.30308,55.598102],[10.303748,55.598264],[10.303268,55.5988],[10.30377,55.598846],[10.303842,55.599845],[10.303444,55.599024],[10.302835,55.600991],[10.305335,55.605344],[10.303897,55.608452],[10.304573,55.608969],[10.303822,55.608862],[10.30041,55.612373],[10.296591,55.614515],[10.295875,55.616762],[10.294049,55.619036],[10.292074,55.619079],[10.290599,55.618166],[10.291053,55.617603],[10.290246,55.617671],[10.290292,55.61831],[10.292286,55.620185],[10.292071,55.620763],[10.291378,55.620718],[10.291028,55.619968],[10.290409,55.620124],[10.290118,55.619329],[10.287726,55.61933],[10.291444,55.621055],[10.300705,55.622813],[10.311839,55.622412],[10.324382,55.620042],[10.342478,55.612227],[10.361004,55.605155],[10.369776,55.60248],[10.38752,55.598036],[10.419556,55.587336],[10.443316,55.572899],[10.45886,55.564641],[10.498277,55.549491],[10.505776,55.545874],[10.516813,55.541562],[10.524104,55.537419],[10.530026,55.535372],[10.540701,55.530538],[10.550543,55.524593],[10.553634,55.521879],[10.557508,55.520375],[10.561827,55.516171],[10.557357,55.513969],[10.553971,55.513656],[10.55217,55.515653],[10.548544,55.517248],[10.547397,55.518838],[10.544245,55.519913],[10.543225,55.520966],[10.539882,55.521699],[10.537695,55.521046],[10.538219,55.521991],[10.532972,55.526274],[10.528231,55.533693],[10.519047,55.539721],[10.516158,55.541012],[10.509877,55.542594],[10.509756,55.543279],[10.506243,55.544445],[10.503483,55.544062],[10.499834,55.544597],[10.49685,55.545667],[10.495733,55.546849],[10.495651,55.547953],[10.493326,55.546917],[10.491718,55.546847],[10.492003,55.54645],[10.491081,55.545679],[10.492894,55.544245],[10.493313,55.544534],[10.493275,55.543959],[10.494608,55.543701],[10.495648,55.541936],[10.49518,55.541566],[10.497231,55.538951],[10.496391,55.538447],[10.493013,55.538108],[10.491579,55.538594],[10.491781,55.539065],[10.490581,55.538428],[10.489018,55.53848],[10.488664,55.537754],[10.490806,55.536751],[10.4932,55.534346],[10.497259,55.532788],[10.49748,55.531941],[10.495765,55.531828],[10.497015,55.531978],[10.493992,55.53246],[10.492424,55.533213],[10.483131,55.534517],[10.481873,55.532643],[10.478048,55.532406],[10.476675,55.531425],[10.476477,55.530635],[10.477636,55.53016],[10.475166,55.530196],[10.472013,55.531215],[10.470243,55.528922],[10.470448,55.527788],[10.470746,55.52716],[10.472714,55.527206],[10.470904,55.526893],[10.471272,55.526336],[10.472965,55.526541],[10.472862,55.526981],[10.473941,55.527496],[10.473279,55.526718],[10.474437,55.525566],[10.484276,55.520612],[10.485335,55.51848],[10.483611,55.516606],[10.484712,55.511886],[10.488695,55.509272],[10.48897,55.507982],[10.490948,55.505916],[10.492777,55.505201],[10.498492,55.504741],[10.500165,55.504164],[10.504047,55.501258],[10.504453,55.499309],[10.502193,55.498435],[10.502328,55.497705],[10.501047,55.497979],[10.493378,55.495063],[10.490395,55.495763],[10.488595,55.497229],[10.485013,55.497464],[10.483209,55.494968],[10.479256,55.491977],[10.479742,55.491157],[10.483194,55.489393],[10.485088,55.490046],[10.487754,55.489423],[10.489651,55.487585],[10.489544,55.486971],[10.488067,55.487022],[10.487738,55.486371],[10.489892,55.484573],[10.481249,55.486564],[10.472913,55.486496],[10.46705,55.488493],[10.461146,55.489114],[10.459914,55.488503],[10.458257,55.488978],[10.454425,55.486747],[10.454353,55.484923],[10.455935,55.483138],[10.454229,55.479643],[10.455074,55.478675],[10.450902,55.478238],[10.445667,55.479913],[10.443732,55.479434],[10.44088,55.476047],[10.442614,55.47483],[10.442763,55.472987],[10.434897,55.465888],[10.430509,55.462792],[10.430656,55.460137],[10.420784,55.442338],[10.421495,55.438884],[10.421028,55.439448],[10.420391,55.438689],[10.421506,55.438677],[10.420091,55.436312],[10.417959,55.434946],[10.408366,55.430933],[10.395466,55.429132],[10.393344,55.429324],[10.386445,55.427577],[10.379018,55.421695],[10.377767,55.416239],[10.374379,55.415815],[10.37469,55.415434],[10.377837,55.416084],[10.379488,55.412301],[10.378881,55.411644],[10.376216,55.411061],[10.375383,55.410356],[10.376426,55.409804],[10.376296,55.407124],[10.38056,55.407373],[10.377553,55.407373],[10.377634,55.409301],[10.378753,55.409648],[10.380783,55.407418],[10.381532,55.407646],[10.382583,55.40657],[10.383048,55.406716],[10.382021,55.407781],[10.382591,55.407956],[10.3818,55.407945],[10.380941,55.408903],[10.381432,55.409162],[10.380883,55.408995],[10.379287,55.410521],[10.380559,55.411307],[10.381721,55.409144],[10.382379,55.409349],[10.383386,55.408316],[10.382806,55.408025],[10.384068,55.408421],[10.380513,55.41276],[10.378878,55.415925],[10.379998,55.421489],[10.387391,55.427257],[10.389196,55.427757],[10.390104,55.427421],[10.390787,55.427647],[10.390427,55.427155],[10.391439,55.427538],[10.393949,55.427135],[10.394342,55.428266],[10.398506,55.428919],[10.400059,55.427311],[10.39985,55.428242],[10.400977,55.429142],[10.409436,55.430213],[10.420481,55.435582],[10.423017,55.437702],[10.422677,55.438954],[10.424179,55.439209],[10.423286,55.440375],[10.422595,55.440441],[10.422384,55.439772],[10.422615,55.443678],[10.429299,55.45592],[10.432636,55.459881],[10.433512,55.462289],[10.437191,55.465369],[10.441266,55.466901],[10.443093,55.467192],[10.443666,55.466676],[10.440079,55.466148],[10.436792,55.464584],[10.437634,55.461041],[10.436085,55.458069],[10.433558,55.457773],[10.433998,55.456896],[10.432913,55.455931],[10.434395,55.455343],[10.43097,55.455496],[10.42961,55.454434],[10.429861,55.454001],[10.435222,55.453313],[10.435927,55.452108],[10.43407,55.450607],[10.434051,55.448751],[10.431364,55.445436],[10.431815,55.444444],[10.428755,55.443392],[10.428507,55.441807],[10.42473,55.438789],[10.4267,55.437296],[10.426246,55.436565],[10.427738,55.436928],[10.430095,55.438592],[10.432951,55.439365],[10.435307,55.438888],[10.438908,55.437034],[10.441478,55.436725],[10.441901,55.437168],[10.44478,55.436944],[10.444673,55.437521],[10.446869,55.43852],[10.448802,55.441274],[10.453469,55.442907],[10.453832,55.442437],[10.453555,55.442925],[10.454995,55.442998],[10.457185,55.443912],[10.461029,55.443256],[10.463067,55.442338],[10.465395,55.439908],[10.466943,55.439487],[10.468094,55.43851],[10.469363,55.438308],[10.470039,55.439383],[10.471167,55.439575],[10.473355,55.438271],[10.475243,55.439076],[10.481957,55.444447],[10.487528,55.446166],[10.491145,55.446656],[10.493984,55.450289],[10.497554,55.451209],[10.498414,55.451953],[10.498527,55.454561],[10.496252,55.456188],[10.496195,55.457964],[10.492164,55.46023],[10.48907,55.459798],[10.49125,55.460422],[10.491463,55.460882],[10.486506,55.467771],[10.482837,55.471287],[10.483015,55.47323],[10.48391,55.473408],[10.488529,55.472285],[10.490575,55.472869],[10.493592,55.471227],[10.511881,55.467273],[10.514265,55.467348],[10.517667,55.465992],[10.520773,55.466361],[10.522959,55.465505],[10.525696,55.46604],[10.531151,55.470503],[10.528582,55.467641],[10.529767,55.467149],[10.534583,55.470884],[10.53665,55.470024],[10.537084,55.470361],[10.535018,55.471221],[10.537864,55.47326],[10.538693,55.475885],[10.544517,55.478569],[10.547031,55.476848],[10.555115,55.480571],[10.557834,55.478822],[10.558488,55.47899],[10.558799,55.477211],[10.553304,55.474634],[10.552554,55.47349],[10.553824,55.471463],[10.557434,55.471377],[10.558683,55.47175],[10.559357,55.47273],[10.558816,55.474953],[10.559614,55.475161],[10.558601,55.474924],[10.558661,55.475376],[10.564161,55.4756],[10.567084,55.476402],[10.568541,55.475614],[10.569639,55.475791],[10.570683,55.476854],[10.57217,55.476421],[10.573167,55.476596],[10.578741,55.480727],[10.580198,55.482574],[10.588776,55.482381],[10.594762,55.483075],[10.597798,55.484277],[10.597158,55.486186],[10.597355,55.486428],[10.597693,55.486496],[10.597531,55.48553],[10.598408,55.485687],[10.59774,55.486309],[10.598429,55.486152],[10.598498,55.485708],[10.597789,55.485044],[10.598527,55.483795],[10.603068,55.483791],[10.610137,55.478502],[10.612958,55.47861],[10.619581,55.484363],[10.624164,55.48709],[10.62656,55.490363],[10.626554,55.492386],[10.625809,55.493918],[10.624282,55.494991],[10.619698,55.496102],[10.620738,55.501632],[10.619472,55.504696],[10.615607,55.506282],[10.612744,55.506488],[10.609657,55.508346],[10.608134,55.508169],[10.605555,55.509126],[10.604442,55.508909],[10.60382,55.509663],[10.5994,55.510861],[10.598259,55.510886],[10.598333,55.510448],[10.598101,55.510285],[10.597505,55.511383],[10.591493,55.513342],[10.584649,55.513963],[10.581508,55.513329],[10.574688,55.515618],[10.570657,55.516391],[10.566581,55.519928],[10.567418,55.52124],[10.567511,55.524086],[10.568666,55.525896],[10.57801,55.530017],[10.588329,55.531983],[10.59118,55.531766],[10.596887,55.53015],[10.601555,55.526279],[10.603066,55.521481],[10.605175,55.5208],[10.60896,55.520503],[10.611376,55.519374],[10.612952,55.517836],[10.617049,55.516313],[10.620239,55.515648],[10.623904,55.516232],[10.627222,55.517842],[10.629171,55.519931],[10.629558,55.523101],[10.627609,55.526045],[10.618547,55.530133],[10.617818,55.531524],[10.619785,55.535028],[10.619609,55.535789],[10.618839,55.53595],[10.618463,55.538041],[10.62024,55.541572],[10.620797,55.545659],[10.615638,55.55241],[10.607041,55.557822],[10.60573,55.55918],[10.604598,55.565219],[10.605198,55.56961],[10.600753,55.573233],[10.600579,55.574637],[10.598363,55.577674],[10.599395,55.581559],[10.598283,55.583061],[10.596282,55.583748],[10.597645,55.58569],[10.597582,55.587359],[10.601205,55.592695],[10.602649,55.593831],[10.604361,55.594317],[10.60619,55.593431],[10.605884,55.592214],[10.608589,55.590221],[10.607644,55.590176],[10.606176,55.591592],[10.605756,55.590576],[10.605588,55.591505],[10.604654,55.592054],[10.603206,55.591317],[10.601482,55.591448],[10.598362,55.58771],[10.598748,55.586357],[10.597734,55.584486],[10.598461,55.58413],[10.599157,55.584642],[10.599989,55.584531],[10.601047,55.583682],[10.600702,55.583027],[10.602559,55.581889],[10.604086,55.579072],[10.60306,55.577753],[10.604665,55.57726],[10.607313,55.573302],[10.609026,55.573064],[10.610418,55.570932],[10.610656,55.569158],[10.611767,55.568817],[10.61388,55.566583],[10.616542,55.566646],[10.618127,55.565928],[10.616785,55.564624],[10.618356,55.56217],[10.619698,55.561584],[10.622493,55.558874],[10.626809,55.557678],[10.632584,55.564002],[10.631696,55.565935],[10.631113,55.566358],[10.62982,55.566331],[10.630886,55.566437],[10.632074,55.567281],[10.633888,55.567472],[10.634391,55.567173],[10.635589,55.567534],[10.633839,55.567941],[10.63279,55.56998],[10.630288,55.570306],[10.63008,55.572655],[10.630619,55.573179],[10.62981,55.572769],[10.629905,55.571916],[10.627663,55.572426],[10.624877,55.571529],[10.624008,55.571776],[10.622758,55.573466],[10.623169,55.575512],[10.624736,55.575192],[10.627167,55.57585],[10.631533,55.573495],[10.632342,55.574931],[10.631105,55.5765],[10.632237,55.578338],[10.628095,55.584821],[10.627602,55.587173],[10.628564,55.587795],[10.628548,55.589777],[10.624992,55.591813],[10.623328,55.59339],[10.623144,55.594492],[10.621192,55.595071],[10.619154,55.598255],[10.618447,55.598381],[10.619208,55.598473],[10.620106,55.599871],[10.620508,55.602425],[10.619279,55.6055],[10.616626,55.608079],[10.613419,55.609006],[10.60992,55.608654],[10.607074,55.604923],[10.608938,55.603834],[10.612956,55.603353],[10.611676,55.602784],[10.60991,55.602968],[10.60601,55.60417],[10.604141,55.606758],[10.600359,55.608725],[10.598679,55.608834],[10.597862,55.609862],[10.596033,55.610078],[10.589528,55.612295],[10.5882,55.613568],[10.588551,55.617173],[10.591196,55.620603],[10.592964,55.619768],[10.594144,55.616166],[10.6003,55.612912],[10.598564,55.613288],[10.598408,55.612708],[10.597852,55.612899],[10.594989,55.610916],[10.600451,55.609324],[10.604355,55.610022],[10.605768,55.610743],[10.611628,55.609866],[10.613511,55.610043],[10.615347,55.610564],[10.617794,55.613436],[10.618787,55.613856],[10.619719,55.616559],[10.619037,55.617841],[10.617483,55.618659],[10.614167,55.619185],[10.605838,55.617127],[10.605366,55.613305],[10.604485,55.61403],[10.604256,55.616001],[10.603147,55.616954],[10.602076,55.616512],[10.602549,55.616113],[10.602958,55.616311],[10.602813,55.615957],[10.601182,55.615741],[10.601932,55.614972],[10.600389,55.615805],[10.60016,55.614866],[10.60124,55.614772],[10.600303,55.614123],[10.599223,55.614563],[10.599197,55.615247],[10.599897,55.616456],[10.60176,55.617371],[10.607159,55.617559],[10.609409,55.618617],[10.611423,55.618697],[10.614007,55.619465],[10.617446,55.619307],[10.62582,55.61325],[10.629991,55.606646],[10.632106,55.60453],[10.641013,55.597162],[10.652049,55.589264],[10.657211,55.580189],[10.663801,55.573968],[10.671973,55.568801],[10.678859,55.560833],[10.679924,55.556514],[10.682184,55.554031],[10.688909,55.549479],[10.695237,55.547098],[10.697565,55.54437],[10.702068,55.541849],[10.705386,55.538994],[10.703534,55.535147],[10.704214,55.533221],[10.702594,55.531284],[10.702822,55.528238],[10.704258,55.524901],[10.711605,55.513108],[10.717235,55.507027],[10.722163,55.503133],[10.726365,55.500676],[10.739604,55.494826],[10.741408,55.492136],[10.743019,55.487011],[10.748352,55.483385],[10.749088,55.482244],[10.748198,55.477531],[10.747484,55.476804],[10.744063,55.476777],[10.737352,55.474146],[10.730483,55.473548],[10.727059,55.473787],[10.724889,55.473402],[10.721323,55.474687],[10.718243,55.475196],[10.713173,55.475821],[10.710194,55.475523],[10.700289,55.472552],[10.688268,55.466768],[10.681746,55.465116],[10.678766,55.46545],[10.675666,55.465033],[10.66998,55.462003],[10.666383,55.457807],[10.665639,55.455304],[10.666958,55.455166],[10.667382,55.45508],[10.668205,55.453726],[10.667292,55.455082],[10.665382,55.455271],[10.665046,55.451758],[10.665708,55.450984],[10.667892,55.451136],[10.667835,55.452405],[10.668103,55.453354],[10.668027,55.451056],[10.663476,55.450622],[10.658072,55.448052],[10.653287,55.447022],[10.65058,55.447558],[10.648199,55.450315],[10.64697,55.450907],[10.640623,55.452248],[10.638112,55.451809],[10.634713,55.45263],[10.633862,55.452543],[10.634588,55.452354],[10.633166,55.451388],[10.633509,55.449681],[10.632494,55.448622],[10.635947,55.44796],[10.634831,55.446266],[10.630126,55.446696],[10.627069,55.446169],[10.623153,55.447314],[10.620546,55.447344],[10.618168,55.448662],[10.614794,55.44932],[10.612439,55.450592],[10.610755,55.451772],[10.607319,55.45645],[10.601705,55.458904],[10.599091,55.459624],[10.596,55.459793],[10.592236,55.461445],[10.5891,55.461527],[10.583771,55.462447],[10.581657,55.46228],[10.580644,55.460891],[10.581587,55.460695],[10.580918,55.460379],[10.581494,55.459905],[10.581083,55.458903],[10.579673,55.458311],[10.575102,55.457893],[10.572637,55.456676],[10.570935,55.456405],[10.565945,55.456864],[10.564956,55.456317],[10.565114,55.455307],[10.563083,55.456044],[10.561522,55.455802],[10.560412,55.456104],[10.558438,55.455616],[10.558965,55.456071],[10.554361,55.454274],[10.554273,55.453181],[10.557001,55.451395],[10.558261,55.449219],[10.556822,55.44903],[10.555911,55.448278],[10.555389,55.445625],[10.55453,55.445054],[10.548979,55.445141],[10.546942,55.446365],[10.545214,55.445631],[10.544614,55.445997],[10.543559,55.445775],[10.543971,55.445576],[10.542881,55.445061],[10.542837,55.444032],[10.544423,55.441476],[10.548794,55.439269],[10.553408,55.437837],[10.554724,55.435647],[10.558258,55.43391],[10.564015,55.428045],[10.568513,55.425565],[10.570023,55.424125],[10.57173,55.424177],[10.57089,55.42378],[10.571784,55.422712],[10.576374,55.422245],[10.577286,55.423045],[10.577013,55.423513],[10.578862,55.423721],[10.581668,55.425442],[10.582972,55.426879],[10.583131,55.428241],[10.580981,55.430112],[10.579151,55.434222],[10.579552,55.438249],[10.576766,55.440845],[10.577249,55.446953],[10.574954,55.450778],[10.575754,55.451815],[10.581026,55.453567],[10.585371,55.457051],[10.588515,55.457387],[10.590275,55.457019],[10.590333,55.456436],[10.591266,55.456076],[10.59362,55.456349],[10.596087,55.455847],[10.596472,55.456103],[10.597598,55.455369],[10.598976,55.455413],[10.601278,55.454013],[10.605942,55.452427],[10.604422,55.449997],[10.605954,55.448103],[10.612856,55.446876],[10.618564,55.444893],[10.624889,55.444439],[10.625763,55.443499],[10.627686,55.443049],[10.632747,55.44008],[10.637878,55.439147],[10.639549,55.438433],[10.642231,55.439386],[10.645338,55.442134],[10.648381,55.443007],[10.650466,55.442873],[10.652579,55.442059],[10.655683,55.442247],[10.65644,55.442882],[10.65582,55.44483],[10.657466,55.445803],[10.65724,55.446507],[10.658347,55.446899],[10.659711,55.448562],[10.662455,55.449039],[10.661871,55.449472],[10.662531,55.449668],[10.663145,55.449772],[10.662121,55.449498],[10.662543,55.449138],[10.663377,55.449226],[10.664486,55.449468],[10.66422,55.449874],[10.663342,55.449832],[10.665049,55.45005],[10.66559,55.44973],[10.668934,55.450911],[10.667174,55.45027],[10.667184,55.449496],[10.669314,55.445041],[10.671787,55.44352],[10.681615,55.440565],[10.688034,55.437187],[10.696621,55.428256],[10.710298,55.418838],[10.716014,55.416595],[10.720828,55.416615],[10.725536,55.415398],[10.72637,55.414763],[10.725578,55.413374],[10.729342,55.409419],[10.729491,55.408379],[10.734559,55.403939],[10.740831,55.400145],[10.743726,55.397723],[10.754562,55.392038],[10.763278,55.388114],[10.767473,55.384749],[10.771268,55.380267],[10.770975,55.378645],[10.772287,55.375151],[10.775406,55.371924],[10.785005,55.365037],[10.785228,55.364261],[10.791053,55.359537],[10.795276,55.351865],[10.803271,55.342601],[10.808438,55.333309],[10.809344,55.327462],[10.813408,55.317278],[10.816863,55.312748],[10.822144,55.308153],[10.831994,55.302977],[10.837402,55.300847],[10.844781,55.29987],[10.85304,55.300209],[10.853508,55.299552],[10.852108,55.298133],[10.853224,55.297665],[10.853605,55.297262],[10.852054,55.298009],[10.850336,55.298138],[10.843394,55.297352],[10.843037,55.29643],[10.843449,55.296068],[10.845264,55.296156],[10.844103,55.295664],[10.846327,55.295672],[10.844252,55.295205],[10.845673,55.294971],[10.844058,55.294404],[10.84637,55.294704],[10.846766,55.293908],[10.851095,55.29215],[10.85462,55.293156],[10.855298,55.296037],[10.85502,55.293499],[10.855697,55.293674],[10.856154,55.293236],[10.851817,55.291984],[10.852011,55.290012],[10.850476,55.28913],[10.84707,55.288769],[10.843359,55.289068],[10.837906,55.286893],[10.83495,55.287238],[10.827814,55.284961],[10.825174,55.28516],[10.822538,55.286328],[10.824926,55.287613],[10.825394,55.288619],[10.826908,55.28837],[10.82631,55.287636],[10.826804,55.2871],[10.828865,55.286667],[10.830276,55.287459],[10.831209,55.289357],[10.830973,55.290117],[10.827743,55.290661],[10.824461,55.292701],[10.824613,55.293285],[10.825961,55.293223],[10.826814,55.294091],[10.826845,55.295692],[10.825844,55.296711],[10.821582,55.297497],[10.819967,55.298875],[10.818577,55.299105],[10.818035,55.30024],[10.818277,55.298616],[10.817265,55.296495],[10.815073,55.29551],[10.811304,55.296599],[10.813853,55.298237],[10.812553,55.298049],[10.807531,55.299445],[10.807713,55.300499],[10.807165,55.300686],[10.806479,55.300156],[10.806969,55.300741],[10.805966,55.301037],[10.806064,55.301553],[10.805342,55.301746],[10.804851,55.30116],[10.804627,55.301222],[10.805143,55.303019],[10.797199,55.305681],[10.796141,55.303979],[10.795955,55.304979],[10.794677,55.303425],[10.794851,55.304856],[10.794033,55.303981],[10.793837,55.304253],[10.795248,55.307458],[10.793029,55.309716],[10.79194,55.309771],[10.791694,55.30898],[10.790018,55.309048],[10.789796,55.307261],[10.790559,55.306326],[10.791902,55.306174],[10.789628,55.306018],[10.790157,55.30479],[10.788711,55.305248],[10.788226,55.306367],[10.787929,55.308122],[10.788983,55.308385],[10.787277,55.308191],[10.786206,55.306309],[10.786259,55.304475],[10.786896,55.303983],[10.789014,55.303753],[10.789553,55.30446],[10.789788,55.304535],[10.789134,55.302948],[10.789953,55.301563],[10.789131,55.300624],[10.789727,55.297031],[10.789019,55.297412],[10.789006,55.298418],[10.784212,55.300714],[10.781033,55.299738],[10.7786,55.297219],[10.777145,55.296934],[10.775437,55.295308],[10.776537,55.297286],[10.770607,55.298833],[10.764756,55.298372],[10.762903,55.297729],[10.758367,55.298662],[10.75869,55.297542],[10.756481,55.297182],[10.755894,55.296456],[10.751582,55.297095],[10.750282,55.297978],[10.749703,55.297075],[10.75121,55.296982],[10.747741,55.296131],[10.747661,55.295429],[10.748292,55.295244],[10.752894,55.295583],[10.757183,55.295348],[10.759198,55.296034],[10.764204,55.29469],[10.767164,55.295397],[10.768038,55.295048],[10.770456,55.295016],[10.770286,55.29532],[10.773104,55.294926],[10.777056,55.295326],[10.77965,55.294838],[10.780663,55.295341],[10.779756,55.295833],[10.77947,55.297266],[10.780905,55.295534],[10.788543,55.291501],[10.792038,55.287064],[10.787175,55.278128],[10.78791,55.272676],[10.793252,55.265524],[10.7963,55.263681],[10.796997,55.259664],[10.799034,55.256417],[10.800167,55.251856],[10.806087,55.245752],[10.808328,55.239362],[10.81076,55.237332],[10.812411,55.234388],[10.815333,55.231214],[10.814715,55.228839],[10.812027,55.225545],[10.809187,55.219856],[10.810403,55.214458],[10.809794,55.213148],[10.812554,55.206392],[10.812515,55.205072],[10.811794,55.200922],[10.810272,55.19918],[10.810867,55.197434],[10.809508,55.196925],[10.808551,55.191189],[10.806558,55.186516],[10.806978,55.180726],[10.80297,55.175175],[10.800829,55.170918],[10.79491,55.167668],[10.791339,55.163469],[10.790564,55.16006],[10.790833,55.155398],[10.785938,55.15098],[10.784228,55.147215],[10.784083,55.144931],[10.785285,55.140647],[10.785773,55.139852],[10.787208,55.139303],[10.7876,55.138902],[10.785473,55.139687],[10.786116,55.139315],[10.78545,55.138806],[10.786573,55.139053],[10.785472,55.138763],[10.785783,55.138572],[10.784905,55.138341],[10.784794,55.137959],[10.785969,55.137881],[10.786961,55.138936],[10.786671,55.138151],[10.785682,55.13765],[10.784197,55.1376],[10.783475,55.13637],[10.781776,55.135742],[10.779675,55.134004],[10.778345,55.127532],[10.778919,55.120992],[10.777822,55.11925],[10.77498,55.11731],[10.772326,55.111717],[10.771169,55.110562],[10.771773,55.106423],[10.775544,55.101364],[10.773106,55.100919],[10.770448,55.101252],[10.765146,55.100546],[10.758055,55.097286],[10.754961,55.094753],[10.752551,55.090938],[10.753542,55.085127],[10.751215,55.078312],[10.746395,55.074302],[10.744711,55.069941],[10.743607,55.068733],[10.734591,55.067399],[10.724497,55.064813],[10.712395,55.060736],[10.707522,55.058403],[10.705619,55.056877],[10.704357,55.056732],[10.703668,55.056817],[10.706118,55.057997],[10.704107,55.057297],[10.704074,55.057959],[10.707037,55.05918],[10.706586,55.061066],[10.698719,55.062774],[10.689519,55.063638],[10.687421,55.063194],[10.68846,55.060975],[10.68543,55.060156],[10.684261,55.058081],[10.681695,55.057564],[10.681321,55.056973],[10.679634,55.057716],[10.677313,55.057138],[10.67539,55.057396],[10.673598,55.058417],[10.671772,55.058395],[10.670776,55.05788],[10.667977,55.058613],[10.665272,55.057446],[10.663999,55.056269],[10.661486,55.057518],[10.661847,55.058021],[10.661302,55.057662],[10.657718,55.05815],[10.6547,55.056339],[10.655025,55.05568],[10.654285,55.056242],[10.652892,55.055787],[10.653375,55.054971],[10.649872,55.056268],[10.646041,55.054921],[10.642275,55.055036],[10.642156,55.056258],[10.641267,55.056987],[10.638521,55.059003],[10.636428,55.05977],[10.623668,55.05951],[10.622254,55.06018],[10.621828,55.061028],[10.621589,55.06016],[10.618301,55.061412],[10.617937,55.061006],[10.617514,55.061664],[10.615034,55.062346],[10.614254,55.061286],[10.614403,55.059867],[10.615166,55.059386],[10.616313,55.059864],[10.616839,55.059647],[10.617692,55.060593],[10.621586,55.059006],[10.620999,55.058373],[10.61983,55.058946],[10.618409,55.058326],[10.617989,55.058732],[10.618052,55.058076],[10.617003,55.057373],[10.616207,55.059003],[10.614819,55.059236],[10.615649,55.057549],[10.614646,55.057778],[10.614571,55.057182],[10.613382,55.057199],[10.614935,55.055758],[10.613834,55.053918],[10.612617,55.053208],[10.613212,55.052589],[10.612534,55.053097],[10.611609,55.052823],[10.612175,55.052452],[10.612359,55.052121],[10.611621,55.052666],[10.610603,55.052461],[10.610911,55.05184],[10.611944,55.051774],[10.610875,55.051818],[10.609168,55.05303],[10.607719,55.053153],[10.60597,55.052559],[10.604783,55.053369],[10.605757,55.051941],[10.600617,55.050169],[10.597982,55.047389],[10.595847,55.04745],[10.590598,55.04652],[10.584284,55.044291],[10.576789,55.042973],[10.571345,55.041168],[10.568093,55.04085],[10.558917,55.03707],[10.554216,55.036427],[10.551355,55.035687],[10.551594,55.035423],[10.551485,55.03539],[10.549901,55.035464],[10.549912,55.03506],[10.546068,55.035188],[10.539642,55.033909],[10.540258,55.033114],[10.538932,55.033905],[10.53427,55.033443],[10.532911,55.032828],[10.532664,55.032106],[10.531883,55.03289],[10.532561,55.031989],[10.531267,55.032506],[10.529906,55.03224],[10.524819,55.030066],[10.523416,55.027887],[10.516414,55.026595],[10.509236,55.027029],[10.50018,55.028952],[10.498356,55.028921],[10.489189,55.031169],[10.487595,55.032326],[10.485475,55.036071],[10.482318,55.03753],[10.480877,55.039081],[10.477627,55.039879],[10.474944,55.041381],[10.473726,55.041175],[10.473945,55.041735],[10.471957,55.041874],[10.472119,55.041189],[10.473816,55.041011],[10.472327,55.04102],[10.47177,55.041465],[10.471928,55.042294],[10.471362,55.042471],[10.469472,55.042462],[10.461268,55.040446],[10.458464,55.040181],[10.432111,55.041947],[10.425719,55.0413],[10.422746,55.041656],[10.417035,55.039844],[10.414673,55.03958],[10.402516,55.044237],[10.397829,55.04534],[10.393294,55.04566],[10.386764,55.048595],[10.386046,55.04981],[10.387343,55.051469],[10.388679,55.051678],[10.389022,55.053444],[10.388365,55.054712],[10.386047,55.056629],[10.383843,55.057263],[10.382357,55.059412],[10.380926,55.059231],[10.381708,55.059657],[10.38105,55.059594],[10.380613,55.060139],[10.37957,55.059743],[10.38002,55.060272],[10.375495,55.062597],[10.37425,55.065137],[10.372619,55.06563],[10.367419,55.063549],[10.369249,55.062461],[10.37083,55.062439],[10.371014,55.060425],[10.370125,55.059133],[10.365072,55.057192],[10.362169,55.054614],[10.360914,55.052414],[10.355642,55.050734],[10.350711,55.050578],[10.346672,55.051186],[10.345616,55.053593],[10.344804,55.053146],[10.342589,55.053295],[10.342652,55.053676],[10.340605,55.054079],[10.338942,55.053951],[10.336361,55.052795],[10.333969,55.052896],[10.33208,55.052221],[10.32698,55.052714],[10.325045,55.05384],[10.324024,55.053747],[10.32421,55.053089],[10.320515,55.053957],[10.318667,55.055183],[10.317976,55.05741],[10.32025,55.058591],[10.32057,55.06047],[10.31804,55.063197],[10.316892,55.063539],[10.310586,55.063137],[10.303953,55.0645],[10.29776,55.06653],[10.295847,55.07124],[10.293622,55.072003],[10.290932,55.072139],[10.286427,55.07535],[10.284565,55.075909],[10.285246,55.078437],[10.282771,55.080845],[10.277719,55.082128],[10.27514,55.084498],[10.270348,55.085201],[10.262736,55.085146],[10.257079,55.08701],[10.256114,55.086858],[10.256054,55.087247],[10.255258,55.087153],[10.255288,55.087543],[10.254403,55.087713],[10.25385,55.088704],[10.245639,55.092764],[10.243472,55.092958],[10.243711,55.092275],[10.242751,55.093641],[10.242237,55.093633],[10.243065,55.092963],[10.242196,55.092499],[10.241092,55.092394],[10.242046,55.092906],[10.241414,55.09346],[10.239147,55.092407],[10.23874,55.093017],[10.24072,55.093699],[10.23906,55.093954],[10.239361,55.094322],[10.240983,55.093794],[10.242109,55.093714],[10.240995,55.093864],[10.238954,55.095509],[10.237427,55.094052],[10.238331,55.093133],[10.237184,55.093578],[10.235694,55.093167],[10.234177,55.093783],[10.235692,55.093256],[10.236244,55.094675],[10.235357,55.095025],[10.23383,55.094032],[10.233122,55.094488],[10.234068,55.094294],[10.234311,55.095246],[10.23358,55.095534],[10.232767,55.094647],[10.232184,55.094801],[10.233297,55.095946],[10.230658,55.096836],[10.231533,55.097089],[10.232544,55.096326],[10.233705,55.096569],[10.235023,55.097355],[10.235165,55.098229],[10.229552,55.101053],[10.226808,55.100803],[10.225419,55.100231],[10.225547,55.09977],[10.220771,55.098012],[10.217729,55.097752],[10.214124,55.094821],[10.210767,55.095484],[10.209117,55.095017],[10.20891,55.094028],[10.212884,55.092242],[10.218173,55.0908],[10.21949,55.089758],[10.2232,55.088423],[10.224177,55.087214],[10.224296,55.085557],[10.226835,55.084485],[10.227871,55.08196],[10.228712,55.081622],[10.229539,55.078359],[10.228801,55.076468],[10.225022,55.074558],[10.224521,55.072857],[10.219183,55.072355],[10.217993,55.071955],[10.218144,55.071603],[10.217869,55.071446],[10.217818,55.071984],[10.217218,55.071917],[10.217171,55.071439],[10.217716,55.071541],[10.217061,55.071344],[10.216527,55.071626],[10.216067,55.071073],[10.214667,55.07082],[10.21311,55.06587],[10.209091,55.065263],[10.207378,55.066689],[10.20495,55.066019],[10.203728,55.066277],[10.203764,55.066919],[10.20277,55.067258],[10.201454,55.066924],[10.201353,55.0665],[10.200493,55.06694],[10.199022,55.066804],[10.199246,55.063207],[10.200956,55.063277],[10.202358,55.064168],[10.208056,55.064726],[10.211643,55.063608],[10.213915,55.06373],[10.215524,55.063176],[10.213714,55.064238],[10.214219,55.064478],[10.213343,55.065275],[10.214087,55.065464],[10.213635,55.066409],[10.217353,55.063935],[10.217201,55.063198],[10.214582,55.061505],[10.207329,55.059535],[10.203638,55.060151],[10.198619,55.062645],[10.196778,55.06984],[10.195374,55.071196],[10.19007,55.074295],[10.185485,55.078866],[10.181698,55.079466],[10.171863,55.078389],[10.164936,55.078908],[10.160253,55.079761],[10.15639,55.081632],[10.152676,55.081992],[10.147714,55.083665],[10.141632,55.086708],[10.135075,55.089174],[10.130281,55.090276],[10.125635,55.089978],[10.120453,55.087281],[10.105947,55.083712],[10.098487,55.080501],[10.089298,55.078642],[10.080085,55.075918],[10.076983,55.07564],[10.074438,55.076008],[10.072472,55.0775],[10.071558,55.083132],[10.069848,55.086443],[10.072559,55.088264],[10.076328,55.09388],[10.079133,55.096319],[10.079407,55.097425],[10.081273,55.098657],[10.082118,55.104493],[10.080454,55.105228],[10.080133,55.105545],[10.080124,55.10572],[10.08221,55.104642],[10.082899,55.105155],[10.082201,55.105847],[10.081118,55.105986],[10.082002,55.105919],[10.0847,55.107564],[10.086351,55.1075],[10.089014,55.108758],[10.092145,55.107943],[10.09602,55.109159],[10.097246,55.108997],[10.096792,55.10808],[10.095843,55.108612],[10.092444,55.107771],[10.092131,55.107128],[10.093021,55.106393],[10.095436,55.105915],[10.095934,55.106656],[10.095995,55.105616],[10.099498,55.105183],[10.102901,55.106101],[10.105249,55.10752],[10.107035,55.109893],[10.111499,55.111723],[10.112015,55.11305],[10.112432,55.112663],[10.113576,55.112988],[10.116595,55.120305],[10.117924,55.121496],[10.120626,55.122521],[10.123554,55.122819],[10.124678,55.122178],[10.122914,55.12252],[10.122865,55.122185],[10.122367,55.122432],[10.121021,55.122376],[10.122719,55.122214],[10.120326,55.121618],[10.122539,55.121225],[10.123724,55.119762],[10.12142,55.121098],[10.11859,55.121065],[10.116351,55.118328],[10.115858,55.116765],[10.116897,55.116379],[10.116568,55.116176],[10.117706,55.116364],[10.117248,55.116827],[10.118002,55.117091],[10.120476,55.116663],[10.122796,55.116919],[10.12433,55.116493],[10.12484,55.1172],[10.128503,55.118941],[10.129129,55.117694],[10.130583,55.117201],[10.133091,55.117901],[10.135254,55.117798],[10.137349,55.119177],[10.139191,55.121646],[10.14316,55.120573],[10.145707,55.120454],[10.146842,55.121848],[10.145437,55.123105],[10.145633,55.123687],[10.149747,55.122957],[10.152879,55.123469],[10.154017,55.122172],[10.157078,55.121899],[10.161481,55.1233],[10.163839,55.125134],[10.167922,55.126918],[10.172582,55.126444],[10.174668,55.127856],[10.174481,55.12871],[10.170443,55.129816],[10.168381,55.131423],[10.165859,55.131354],[10.162846,55.132358],[10.160413,55.134774],[10.157689,55.140572],[10.154904,55.142898],[10.148884,55.146421],[10.14677,55.151443],[10.145327,55.152297],[10.142876,55.151838],[10.141861,55.15236],[10.142911,55.151899],[10.14534,55.153172],[10.143307,55.152674],[10.142759,55.153439],[10.141387,55.15292],[10.141617,55.152564],[10.141335,55.152938],[10.142756,55.153479],[10.14343,55.153583],[10.14111,55.153861],[10.139551,55.153065],[10.1389,55.152016],[10.137912,55.15308],[10.133776,55.154584],[10.132996,55.157976],[10.134686,55.161877],[10.133427,55.165676],[10.128915,55.169894],[10.119674,55.176318],[10.120006,55.179097],[10.117809,55.182572],[10.118244,55.183977],[10.112922,55.189493],[10.110059,55.190268],[10.10632,55.190176],[10.103315,55.187948],[10.101303,55.184191],[10.099519,55.1829],[10.095943,55.183214],[10.095703,55.184519],[10.093549,55.184412],[10.090436,55.181919],[10.090746,55.181427],[10.088301,55.177646],[10.085113,55.176263],[10.080652,55.17579],[10.053833,55.176475],[10.047758,55.177464],[10.044354,55.178817],[10.034006,55.180324],[10.031701,55.181291],[10.022023,55.181138],[10.018863,55.181746],[10.01691,55.183087],[10.016834,55.183866],[10.017251,55.184605],[10.020593,55.186517],[10.020427,55.190433],[10.017694,55.1956],[10.014362,55.196839],[10.010466,55.19722],[10.007875,55.19862],[10.005181,55.198954],[10.002626,55.198576],[9.999538,55.201349],[9.997657,55.201533],[9.996358,55.201055],[9.994011,55.202046],[9.991869,55.201156],[9.989251,55.199148],[9.992852,55.19736],[9.993653,55.197454],[9.996974,55.194095],[9.997413,55.192253],[10.000811,55.191515],[10.002227,55.190469],[10.003715,55.190137],[10.004911,55.191712],[10.008333,55.191875],[10.002584,55.18825],[10.001475,55.186154],[9.996712,55.185679],[9.995492,55.183781],[9.993515,55.18517],[9.990161,55.185932],[9.988179,55.18719],[9.984475,55.187904],[9.985849,55.179885],[9.985675,55.175718],[9.986283,55.175583],[9.990847,55.178236],[9.990666,55.1796],[9.990974,55.180017],[9.991539,55.178726],[9.99363,55.179381],[9.991219,55.179798],[9.992122,55.180408],[9.995591,55.1794],[9.992348,55.176242],[9.99163,55.173618],[9.991976,55.172708],[9.994468,55.170772],[9.997341,55.165888],[10.000676,55.165003],[10.005216,55.162647],[10.006653,55.162667],[10.006817,55.161886],[10.0121,55.160175],[10.014721,55.156823],[10.01666,55.15536],[10.01723,55.154019],[10.020959,55.152294],[10.021281,55.151576],[10.023105,55.151727],[10.022849,55.151027],[10.025193,55.150057],[10.031327,55.144268],[10.03296,55.141749],[10.037756,55.136802],[10.0407,55.134286],[10.043553,55.134035],[10.044067,55.132525],[10.042752,55.130471],[10.034202,55.124083],[10.027391,55.121132],[10.0245,55.120508],[10.019865,55.121837],[10.004633,55.123205],[9.998763,55.125606],[9.98646,55.129291],[9.978456,55.132688],[9.977132,55.135281],[9.980443,55.137655],[9.985228,55.139262],[9.987133,55.140676],[9.989882,55.144692],[9.991035,55.148406],[9.990891,55.152461],[9.989695,55.155732],[9.98469,55.162199],[9.981756,55.167332],[9.982515,55.171483],[9.985032,55.174372],[9.985509,55.17782],[9.983829,55.187179],[9.984568,55.193142],[9.986796,55.197043],[9.98605,55.200054],[9.986946,55.199657],[9.988142,55.200699],[9.986512,55.205187],[9.983506,55.208929],[9.97665,55.214381],[9.970394,55.217469],[9.965944,55.218705],[9.9634,55.218955],[9.955254,55.218346],[9.943755,55.219043],[9.939265,55.217647],[9.932323,55.219084],[9.929934,55.218854],[9.92802,55.219171],[9.923884,55.221974],[9.922472,55.224084],[9.923049,55.226218],[9.921452,55.228747],[9.91539,55.233258],[9.906335,55.237316],[9.896188,55.239888],[9.885335,55.244826],[9.881795,55.244693],[9.879457,55.243217],[9.8788,55.243315],[9.875853,55.246591],[9.871633,55.249046],[9.871613,55.249799],[9.866248,55.252033],[9.867405,55.252862],[9.870549,55.253762],[9.873523,55.253831],[9.877166,55.253148],[9.876773,55.251844],[9.875636,55.252611],[9.875251,55.252143],[9.875478,55.251438],[9.876964,55.25153],[9.877352,55.250591],[9.88138,55.250333],[9.88257,55.249585],[9.888908,55.249524],[9.891426,55.248206],[9.89045,55.24787],[9.88772,55.249181],[9.884309,55.248938],[9.883085,55.248513],[9.882606,55.247013],[9.884917,55.247578],[9.889289,55.247008],[9.889981,55.247193],[9.888979,55.247569],[9.889874,55.247586],[9.890658,55.247244],[9.889387,55.246937],[9.88291,55.246609],[9.88344,55.246301],[9.885281,55.246652],[9.884891,55.246319],[9.886655,55.24637],[9.887128,55.245012],[9.887647,55.246018],[9.888359,55.244683],[9.889348,55.244278],[9.891906,55.245315],[9.891534,55.244486],[9.89343,55.242343],[9.893236,55.241595],[9.896288,55.240021],[9.903097,55.238548],[9.90684,55.238699],[9.907195,55.240258],[9.904413,55.239658],[9.903779,55.240005],[9.902995,55.239465],[9.900998,55.240766],[9.897617,55.241645],[9.897512,55.242148],[9.895953,55.241678],[9.893011,55.242952],[9.891839,55.24472],[9.897955,55.248761],[9.898536,55.252965],[9.896982,55.255409],[9.892145,55.257979],[9.88718,55.258685],[9.885028,55.259444],[9.882547,55.262444],[9.880755,55.266327],[9.881283,55.269421],[9.884891,55.272174],[9.884018,55.270885],[9.884942,55.265977],[9.887182,55.265834],[9.888026,55.267995],[9.888875,55.268532],[9.887452,55.269043],[9.887958,55.270335],[9.887962,55.269348],[9.88955,55.269268],[9.889691,55.269843],[9.888749,55.270244],[9.889745,55.270281],[9.889665,55.270619],[9.887726,55.27063],[9.889793,55.270923],[9.889033,55.272367],[9.886029,55.272045],[9.888735,55.272767],[9.890087,55.274569],[9.889362,55.283],[9.890736,55.29299],[9.890484,55.298942],[9.892291,55.302652],[9.892953,55.306905],[9.891701,55.312641],[9.8878,55.316483],[9.88782,55.319688],[9.877368,55.332366],[9.877194,55.337585],[9.874922,55.347454],[9.875427,55.348446],[9.876065,55.346852],[9.876976,55.346356],[9.876609,55.344283],[9.877321,55.344191],[9.876771,55.343687],[9.877346,55.343531],[9.877296,55.344087],[9.878333,55.341874],[9.877623,55.340864],[9.878318,55.340706],[9.877715,55.340208],[9.878337,55.339785],[9.877889,55.337745],[9.878568,55.338],[9.879605,55.339785],[9.88052,55.340341],[9.879922,55.339729],[9.88206,55.340013],[9.881639,55.338925],[9.886764,55.337593],[9.88744,55.337287],[9.886957,55.336895],[9.894593,55.33529],[9.896045,55.335785],[9.895721,55.33629],[9.897885,55.336778],[9.898832,55.337656],[9.899012,55.339037],[9.897798,55.339471],[9.897379,55.340772],[9.893323,55.341381],[9.891482,55.342583],[9.888778,55.343477],[9.882436,55.342956],[9.880366,55.343812],[9.873271,55.352449],[9.872863,55.35457],[9.875135,55.356018],[9.874767,55.357583],[9.874084,55.357885],[9.870977,55.356926],[9.868949,55.352869],[9.86203,55.351109],[9.864248,55.35082],[9.867305,55.351192],[9.867614,55.350741],[9.869667,55.351045],[9.870111,55.350458],[9.871303,55.350719],[9.873443,55.350373],[9.875043,55.349371],[9.863436,55.350479],[9.849779,55.350237],[9.840017,55.350576],[9.829523,55.352034],[9.819109,55.355442],[9.81241,55.357265],[9.810667,55.357215],[9.808519,55.358425],[9.801516,55.360911],[9.786643,55.363634],[9.785169,55.365941],[9.786009,55.370907],[9.78742,55.373879],[9.789574,55.375134],[9.791511,55.375508],[9.799268,55.374866],[9.801311,55.375802],[9.802068,55.375393],[9.805088,55.376122],[9.812099,55.375684],[9.818634,55.376571],[9.822562,55.378598],[9.832608,55.379803],[9.836864,55.381877],[9.840019,55.38493],[9.841244,55.389665],[9.839703,55.392328],[9.837878,55.393532],[9.835152,55.394135],[9.832989,55.395651],[9.830232,55.396225],[9.825274,55.401538],[9.819699,55.405269],[9.810857,55.408373],[9.808378,55.408288],[9.800315,55.40921],[9.792935,55.410587],[9.790222,55.410177],[9.788422,55.411271],[9.788683,55.412409],[9.790927,55.413724],[9.794148,55.414485],[9.795564,55.415545],[9.798469,55.415904],[9.803881,55.414537],[9.803916,55.413832],[9.804094,55.414253],[9.805127,55.413908],[9.806584,55.414049],[9.807912,55.413927],[9.808686,55.413782],[9.806793,55.413923],[9.807947,55.413477],[9.804666,55.413657],[9.80533,55.413453],[9.816073,55.412088],[9.81837,55.412171],[9.824212,55.413423],[9.826193,55.414617],[9.827537,55.417078],[9.827874,55.420269],[9.826889,55.422556],[9.825664,55.423819],[9.818553,55.426172],[9.812094,55.426793],[9.808316,55.427717],[9.80473,55.429461],[9.799343,55.431157],[9.796422,55.431298],[9.791401,55.432545],[9.784274,55.433073],[9.777183,55.431785],[9.771576,55.431688],[9.760915,55.433289],[9.750475,55.433674],[9.743668,55.435347],[9.740809,55.43723],[9.740711,55.438918],[9.747382,55.44333],[9.747733,55.444206],[9.746952,55.445854],[9.744325,55.4484],[9.734536,55.453395],[9.724747,55.460082],[9.717092,55.467916],[9.716894,55.469571],[9.717635,55.470851],[9.722753,55.474312],[9.72196,55.47244],[9.728134,55.466819],[9.738381,55.462869],[9.749164,55.45653],[9.753374,55.454578],[9.757131,55.453383],[9.761596,55.45307],[9.764371,55.452315],[9.765662,55.451022],[9.767472,55.446544],[9.77461,55.444408],[9.784049,55.440202],[9.793991,55.438585],[9.797056,55.436493],[9.800803,55.435332],[9.813053,55.432954],[9.821467,55.433538],[9.82423,55.434239],[9.825175,55.435605],[9.822414,55.436387],[9.821759,55.439242],[9.819596,55.441267],[9.813837,55.442748],[9.809029,55.443314],[9.80724,55.444105],[9.804124,55.447645],[9.803919,55.450734],[9.80329,55.451328],[9.802367,55.451499],[9.800608,55.450613],[9.796549,55.449845],[9.795331,55.450348],[9.792397,55.453187],[9.782234,55.455239],[9.781712,55.456115],[9.78266,55.457366],[9.782267,55.457966],[9.776906,55.458045],[9.775882,55.45944],[9.776776,55.461344],[9.777892,55.462249],[9.780667,55.462627],[9.781845,55.461293],[9.783444,55.461071],[9.783631,55.460613],[9.787113,55.46016],[9.787012,55.459],[9.796602,55.458574],[9.797749,55.459064],[9.797925,55.46019],[9.7915,55.460854],[9.790753,55.461402],[9.789946,55.463141],[9.790399,55.464936],[9.789236,55.46497],[9.787017,55.46331],[9.783802,55.464217],[9.778091,55.46821],[9.77679,55.469995],[9.773583,55.468586],[9.773469,55.46811],[9.770666,55.467516],[9.763691,55.467689],[9.761229,55.466703],[9.758563,55.467118],[9.756052,55.468684],[9.747618,55.472105],[9.742055,55.473161],[9.740537,55.474544],[9.740835,55.475569],[9.73986,55.476953],[9.735629,55.479091],[9.734528,55.480356],[9.730983,55.488972],[9.729615,55.489838],[9.727626,55.489995],[9.723324,55.49186],[9.727584,55.490256],[9.729058,55.490226],[9.730159,55.491397],[9.729351,55.49319],[9.724963,55.494264],[9.716013,55.494417],[9.709296,55.493766],[9.701719,55.494452],[9.70012,55.498237],[9.696746,55.501142],[9.693858,55.502178],[9.689075,55.503067],[9.684428,55.505769],[9.681465,55.506819],[9.680412,55.509989],[9.677535,55.512212],[9.677114,55.513484]]],[[[9.67127,54.999403],[9.67125,54.999543],[9.671469,54.999635],[9.67127,54.999403]]],[[[9.687197,55.356626],[9.688905,55.358485],[9.697048,55.363386],[9.702466,55.365128],[9.701357,55.364581],[9.702734,55.364674],[9.703178,55.365382],[9.703895,55.365502],[9.704859,55.365301],[9.703451,55.365236],[9.702996,55.364719],[9.706963,55.364861],[9.710614,55.364413],[9.714989,55.362374],[9.720026,55.358055],[9.721806,55.358157],[9.720925,55.357734],[9.721478,55.35729],[9.71948,55.355369],[9.71541,55.3551],[9.712869,55.354112],[9.713106,55.353188],[9.712115,55.354028],[9.711133,55.354013],[9.704494,55.351423],[9.701105,55.351008],[9.697257,55.351668],[9.695291,55.353001],[9.689535,55.355183],[9.687197,55.356626]]],[[[9.685577,55.216107],[9.686252,55.216133],[9.686217,55.215829],[9.68605,55.215801],[9.685577,55.216107]]],[[[9.690172,55.223933],[9.690796,55.224755],[9.692142,55.22475],[9.69179,55.224739],[9.690172,55.223933]]],[[[9.710116,55.366638],[9.71085,55.367892],[9.712731,55.368944],[9.713594,55.36916],[9.710994,55.367769],[9.710116,55.366638]]],[[[9.710562,55.289342],[9.712389,55.289855],[9.715923,55.289642],[9.717289,55.288955],[9.717711,55.287809],[9.719179,55.287241],[9.713724,55.288252],[9.710562,55.289342]]],[[[9.713104,55.352687],[9.713055,55.352753],[9.713452,55.35313],[9.713104,55.352687]]],[[[9.72463,55.258818],[9.728048,55.25945],[9.729108,55.260145],[9.729669,55.259809],[9.730787,55.260094],[9.730361,55.260326],[9.731058,55.2603],[9.731527,55.26114],[9.730055,55.261338],[9.729608,55.260503],[9.72924,55.260674],[9.730079,55.261459],[9.732024,55.261202],[9.732493,55.261982],[9.731945,55.262619],[9.732885,55.262141],[9.73306,55.261255],[9.73378,55.261762],[9.73369,55.260886],[9.734196,55.261099],[9.733134,55.26291],[9.730205,55.263666],[9.731518,55.262951],[9.731619,55.262769],[9.728342,55.264089],[9.726275,55.266283],[9.726199,55.269792],[9.728266,55.271148],[9.730571,55.271419],[9.737157,55.2734],[9.746373,55.274079],[9.752965,55.273784],[9.75542,55.273195],[9.757437,55.271933],[9.759328,55.266078],[9.758796,55.261265],[9.761711,55.257335],[9.761532,55.255872],[9.764737,55.254956],[9.76642,55.256321],[9.763898,55.258069],[9.766508,55.257679],[9.765448,55.25805],[9.767843,55.258405],[9.769994,55.259618],[9.770063,55.260217],[9.768249,55.260947],[9.764648,55.261356],[9.764038,55.262001],[9.765475,55.262344],[9.76756,55.261971],[9.768512,55.261308],[9.768616,55.261759],[9.763859,55.263906],[9.764415,55.264137],[9.765826,55.263741],[9.766768,55.26395],[9.766635,55.264356],[9.765201,55.264902],[9.762594,55.264714],[9.762329,55.264283],[9.762424,55.264854],[9.763919,55.26573],[9.766809,55.264995],[9.767586,55.264101],[9.768407,55.26411],[9.767882,55.263958],[9.768641,55.263256],[9.773243,55.261994],[9.771234,55.262731],[9.773557,55.263402],[9.77077,55.263471],[9.769627,55.264319],[9.769937,55.265157],[9.768542,55.264818],[9.770923,55.26654],[9.773136,55.265909],[9.775798,55.267145],[9.776399,55.269566],[9.77195,55.275631],[9.773357,55.276289],[9.772765,55.277773],[9.773711,55.277492],[9.775589,55.273364],[9.778874,55.269898],[9.775952,55.265857],[9.776374,55.262633],[9.769338,55.258617],[9.762662,55.25149],[9.75846,55.249497],[9.751744,55.24838],[9.743336,55.248099],[9.740919,55.248467],[9.727542,55.254764],[9.726461,55.257003],[9.72463,55.258818]]],[[[9.725533,55.269669],[9.726666,55.270891],[9.728574,55.271479],[9.726351,55.270434],[9.725658,55.268882],[9.725533,55.269669]]],[[[9.731865,55.262658],[9.731847,55.262794],[9.732039,55.262673],[9.731865,55.262658]]],[[[9.738887,55.506993],[9.73882,55.507077],[9.738935,55.507069],[9.738887,55.506993]]],[[[9.741177,55.626661],[9.741423,55.627113],[9.741874,55.627363],[9.741762,55.626755],[9.741177,55.626661]]],[[[9.780943,57.074703],[9.783931,57.076418],[9.787403,57.0765],[9.789366,57.076023],[9.790093,57.076345],[9.788103,57.074106],[9.783145,57.073174],[9.78174,57.073295],[9.780943,57.074703]]],[[[9.791609,57.094528],[9.791591,57.094812],[9.791979,57.094862],[9.791609,57.094528]]],[[[9.792359,57.094243],[9.792438,57.094363],[9.792526,57.094362],[9.792359,57.094243]]],[[[9.792357,57.093352],[9.793534,57.093966],[9.794261,57.093768],[9.79303,57.093101],[9.792357,57.093352]]],[[[9.762286,55.258417],[9.762514,55.259568],[9.763952,55.2586],[9.765111,55.258566],[9.763358,55.258023],[9.762286,55.258417]]],[[[9.762318,55.262376],[9.763777,55.263421],[9.765449,55.262544],[9.763503,55.262047],[9.764258,55.261472],[9.762318,55.262376]]],[[[9.765871,55.285828],[9.765676,55.285817],[9.76593,55.286032],[9.765871,55.285828]]],[[[9.765803,55.278291],[9.766609,55.279016],[9.768464,55.278291],[9.769701,55.278344],[9.769362,55.277892],[9.767919,55.278348],[9.766454,55.277906],[9.765803,55.278291]]],[[[9.767177,55.284561],[9.767713,55.285397],[9.769864,55.286051],[9.77091,55.285426],[9.77107,55.283762],[9.769133,55.282955],[9.769996,55.282012],[9.767702,55.283381],[9.767177,55.284561]]],[[[9.767235,55.286928],[9.767533,55.286706],[9.767605,55.286407],[9.767453,55.28667],[9.767235,55.286928]]],[[[9.768542,55.263773],[9.769349,55.263725],[9.77079,55.262922],[9.769382,55.263186],[9.768542,55.263773]]],[[[9.813156,57.069147],[9.81349,57.0712],[9.81454,57.071817],[9.822034,57.072441],[9.824742,57.073285],[9.825876,57.073083],[9.839926,57.074864],[9.844209,57.074922],[9.852292,57.073528],[9.859641,57.073123],[9.861444,57.072341],[9.860793,57.071423],[9.861367,57.070408],[9.862999,57.071162],[9.861576,57.06999],[9.86458,57.067745],[9.87034,57.064974],[9.87592,57.064252],[9.875346,57.061773],[9.876518,57.061227],[9.873597,57.061659],[9.870396,57.061068],[9.861455,57.056272],[9.857277,57.055098],[9.850087,57.05474],[9.843324,57.053641],[9.839859,57.053784],[9.821198,57.059712],[9.816214,57.063295],[9.813156,57.069147]]],[[[9.819773,57.084295],[9.821998,57.084898],[9.824656,57.084601],[9.824215,57.084207],[9.820763,57.083813],[9.819773,57.084295]]],[[[9.784972,55.327309],[9.786958,55.33117],[9.789662,55.332527],[9.790987,55.331137],[9.789423,55.330658],[9.789072,55.33164],[9.787618,55.33131],[9.787275,55.327868],[9.795467,55.326078],[9.784972,55.327309]]],[[[9.824957,57.082232],[9.82626,57.082913],[9.828762,57.083109],[9.833227,57.081923],[9.828564,57.081226],[9.825693,57.081589],[9.824957,57.082232]]],[[[9.790202,55.315959],[9.795675,55.326042],[9.800356,55.325311],[9.801304,55.324528],[9.804423,55.323699],[9.803547,55.323014],[9.803226,55.321833],[9.804752,55.31991],[9.806869,55.318732],[9.812368,55.319283],[9.811942,55.322667],[9.811167,55.323366],[9.809605,55.3236],[9.806317,55.322208],[9.804833,55.322113],[9.805773,55.321075],[9.80408,55.322273],[9.806095,55.323067],[9.804719,55.323403],[9.808593,55.323841],[9.816584,55.326079],[9.820847,55.326734],[9.82163,55.326209],[9.821267,55.325341],[9.824178,55.322758],[9.826824,55.322109],[9.826562,55.320614],[9.827662,55.316403],[9.83017,55.310403],[9.829468,55.30371],[9.827666,55.300775],[9.825682,55.299956],[9.819316,55.299059],[9.806888,55.298327],[9.804406,55.297638],[9.80451,55.297016],[9.8028,55.296865],[9.803632,55.296267],[9.804871,55.297016],[9.803623,55.296064],[9.79812,55.295438],[9.795185,55.298103],[9.796085,55.305966],[9.795428,55.310415],[9.794187,55.312425],[9.790202,55.315959]]],[[[9.82949,57.080154],[9.831176,57.080388],[9.832537,57.080359],[9.830295,57.079729],[9.82949,57.080154]]],[[[9.791253,54.899074],[9.791676,54.900218],[9.792004,54.900367],[9.793201,54.900432],[9.791794,54.900198],[9.791253,54.899074]]],[[[9.791753,54.897941],[9.79185,54.899319],[9.791797,54.897921],[9.791753,54.897941]]],[[[9.840239,57.082458],[9.841721,57.083006],[9.844726,57.083813],[9.844056,57.083133],[9.840239,57.082458]]],[[[9.803469,55.322051],[9.803689,55.322995],[9.80417,55.323245],[9.804626,55.322677],[9.803469,55.322051]]],[[[9.811516,55.413238],[9.812504,55.413509],[9.812882,55.413471],[9.81372,55.413294],[9.815453,55.412673],[9.815631,55.412501],[9.81262,55.413397],[9.811516,55.413238]]],[[[9.874882,57.056752],[9.875892,57.057456],[9.879048,57.058296],[9.879039,57.058058],[9.874882,57.056752]]],[[[9.829637,54.972458],[9.830823,54.972846],[9.833797,54.972844],[9.83181,54.972365],[9.83313,54.970968],[9.834591,54.970349],[9.837793,54.971314],[9.836475,54.970459],[9.834152,54.970061],[9.830439,54.971083],[9.829637,54.972458]]],[[[9.905452,57.062098],[9.90701,57.062461],[9.907911,57.061691],[9.906842,57.061396],[9.905452,57.062098]]],[[[9.983329,55.861601],[9.990327,55.860812],[9.990971,55.86048],[9.984579,55.861215],[9.983329,55.861601]]],[[[9.988015,55.863087],[9.990129,55.863271],[9.991936,55.864169],[9.993888,55.864427],[9.992242,55.864074],[9.990706,55.862203],[9.988976,55.862313],[9.988015,55.863087]]],[[[9.992205,55.860932],[9.992005,55.863389],[9.99223,55.863239],[9.992632,55.862132],[9.992332,55.861193],[9.993637,55.860717],[9.992205,55.860932]]],[[[9.992941,55.865434],[9.994441,55.866553],[9.99516,55.869715],[9.997385,55.870617],[10.011657,55.87017],[10.014333,55.870528],[10.014015,55.87084],[10.016551,55.871513],[10.013856,55.870128],[10.009361,55.865656],[10.007727,55.865102],[10.002362,55.864798],[10.007869,55.865297],[10.000194,55.865442],[9.995132,55.864764],[9.995415,55.865334],[9.995944,55.865128],[9.996737,55.865515],[9.992941,55.865434]]],[[[10.007499,55.716943],[10.007889,55.717507],[10.008157,55.717644],[10.008895,55.717594],[10.007499,55.716943]]],[[[10.044328,57.068948],[10.044567,57.069409],[10.044877,57.069107],[10.044328,57.068948]]],[[[10.000902,55.193187],[10.001477,55.194338],[10.002297,55.194565],[10.001717,55.193509],[10.000902,55.193187]]],[[[10.019125,55.871677],[10.021699,55.872483],[10.02209,55.872726],[10.021055,55.871838],[10.019125,55.871677]]],[[[10.030511,55.847095],[10.031639,55.846328],[10.031301,55.84574],[10.031476,55.846156],[10.030511,55.847095]]],[[[10.031842,55.844965],[10.032229,55.845287],[10.032487,55.845276],[10.031842,55.844965]]],[[[10.047007,55.84294],[10.048107,55.842904],[10.048946,55.844219],[10.049522,55.844175],[10.049012,55.842748],[10.047485,55.84262],[10.047007,55.84294]]],[[[10.056975,55.828425],[10.056783,55.828577],[10.057259,55.828617],[10.056975,55.828425]]],[[[10.056879,55.829539],[10.059343,55.831917],[10.061854,55.833016],[10.067026,55.833451],[10.068392,55.834086],[10.070599,55.83342],[10.073864,55.834336],[10.074256,55.8349],[10.07463,55.834403],[10.076139,55.834708],[10.077416,55.834396],[10.088204,55.82995],[10.096133,55.828954],[10.08795,55.831116],[10.088975,55.831183],[10.087955,55.831563],[10.085917,55.831827],[10.086572,55.832322],[10.080337,55.83448],[10.081793,55.834482],[10.091165,55.83077],[10.097304,55.829029],[10.101639,55.826338],[10.101903,55.825373],[10.099272,55.822541],[10.090926,55.818491],[10.082932,55.817532],[10.077619,55.817923],[10.072966,55.817649],[10.071344,55.818222],[10.067724,55.818338],[10.067215,55.818907],[10.069218,55.819148],[10.070894,55.820206],[10.071528,55.820123],[10.071758,55.8209],[10.070512,55.82133],[10.070109,55.820982],[10.066578,55.822826],[10.06538,55.823003],[10.063916,55.822209],[10.063444,55.822411],[10.064061,55.822446],[10.063652,55.822696],[10.064319,55.823227],[10.063227,55.824138],[10.062437,55.826559],[10.057715,55.830021],[10.056879,55.829539]]],[[[10.08494,56.467777],[10.084781,56.467993],[10.085188,56.46786],[10.08494,56.467777]]],[[[10.085848,56.467386],[10.086153,56.467628],[10.08654,56.467493],[10.086433,56.467378],[10.085848,56.467386]]],[[[10.091611,56.465302],[10.09618,56.465463],[10.095682,56.465752],[10.097673,56.465093],[10.091611,56.465302]]],[[[10.059746,55.131084],[10.070577,55.132395],[10.073598,55.132098],[10.076252,55.132607],[10.079334,55.132501],[10.084694,55.133423],[10.087651,55.132401],[10.090117,55.132384],[10.094192,55.13374],[10.097128,55.13589],[10.099445,55.136424],[10.101489,55.136498],[10.104721,55.135691],[10.105435,55.136159],[10.105378,55.135601],[10.106978,55.13454],[10.108973,55.134155],[10.111027,55.134356],[10.112534,55.133279],[10.114158,55.133885],[10.114812,55.133581],[10.113392,55.132671],[10.111852,55.132488],[10.109262,55.131102],[10.107761,55.130854],[10.102649,55.130805],[10.09813,55.131796],[10.094755,55.130815],[10.092146,55.131587],[10.090259,55.131016],[10.08069,55.131189],[10.074872,55.130551],[10.068779,55.131036],[10.066418,55.130185],[10.059746,55.131084]]],[[[10.097857,56.464748],[10.097925,56.465133],[10.099225,56.464603],[10.097857,56.464748]]],[[[10.080862,55.848567],[10.08258,55.848938],[10.082043,55.849971],[10.083092,55.849449],[10.083177,55.850035],[10.084302,55.849838],[10.081226,55.848188],[10.080862,55.848567]]],[[[10.101324,56.466299],[10.101466,56.466528],[10.101829,56.466316],[10.101324,56.466299]]],[[[10.104824,56.463448],[10.105238,56.463575],[10.105296,56.463405],[10.104824,56.463448]]],[[[10.105183,56.464234],[10.11117,56.464003],[10.111611,56.463321],[10.108666,56.463328],[10.110967,56.462064],[10.108107,56.46305],[10.105984,56.46324],[10.105183,56.464234]]],[[[10.105298,56.466083],[10.105876,56.466127],[10.105986,56.465931],[10.105822,56.465898],[10.105298,56.466083]]],[[[10.11071,56.462832],[10.111808,56.463223],[10.111958,56.461804],[10.111483,56.462001],[10.11071,56.462832]]],[[[10.112304,56.46336],[10.113504,56.463849],[10.116255,56.463004],[10.117748,56.461964],[10.117788,56.460541],[10.113399,56.461919],[10.112304,56.46336]]],[[[10.112834,56.461511],[10.11251,56.462194],[10.117123,56.460435],[10.112834,56.461511]]],[[[10.115368,56.466399],[10.114984,56.466569],[10.115592,56.466511],[10.115368,56.466399]]],[[[10.114953,56.466037],[10.116693,56.466078],[10.116651,56.465782],[10.115187,56.465915],[10.116784,56.465733],[10.116962,56.464968],[10.114953,56.466037]]],[[[10.116303,56.466307],[10.115722,56.466474],[10.116418,56.466373],[10.116303,56.466307]]],[[[10.091325,55.575267],[10.093768,55.577275],[10.095241,55.576825],[10.095463,55.576431],[10.094383,55.57682],[10.09267,55.575753],[10.093177,55.573497],[10.094426,55.572871],[10.092575,55.573479],[10.092373,55.575536],[10.091325,55.575267]]],[[[10.11708,56.46368],[10.117697,56.463502],[10.119265,56.461339],[10.119187,56.459959],[10.11708,56.46368]]],[[[10.095632,55.576652],[10.094322,55.57749],[10.095477,55.576914],[10.095632,55.576652]]],[[[10.095839,55.576621],[10.09641,55.576874],[10.096526,55.576375],[10.095839,55.576621]]],[[[10.096635,55.576572],[10.098799,55.578135],[10.099256,55.579569],[10.100253,55.58072],[10.098848,55.577111],[10.098033,55.576436],[10.096635,55.576572]]],[[[10.105285,55.858031],[10.105014,55.858334],[10.105941,55.858768],[10.105285,55.858031]]],[[[10.098042,55.581524],[10.100992,55.584357],[10.102691,55.585241],[10.103984,55.584747],[10.104229,55.584472],[10.103453,55.584321],[10.102405,55.584723],[10.102749,55.583496],[10.102434,55.583149],[10.102158,55.584075],[10.101236,55.583821],[10.102217,55.581996],[10.101225,55.582797],[10.099609,55.582852],[10.100711,55.582525],[10.099357,55.582154],[10.100061,55.581232],[10.100828,55.581161],[10.101027,55.581079],[10.100544,55.58078],[10.10087,55.581134],[10.099898,55.581051],[10.098042,55.581524]]],[[[10.106568,55.857762],[10.106299,55.858027],[10.106753,55.857864],[10.106568,55.857762]]],[[[10.10951,55.849564],[10.110832,55.849791],[10.111357,55.850034],[10.111025,55.849617],[10.10951,55.849564]]],[[[10.10217,55.578288],[10.10254,55.578557],[10.103989,55.577882],[10.10217,55.578288]]],[[[10.110304,55.857008],[10.110572,55.857247],[10.110697,55.857133],[10.110304,55.857008]]],[[[10.112201,55.856179],[10.112085,55.856327],[10.112465,55.856401],[10.112201,55.856179]]],[[[10.104706,55.582504],[10.104997,55.582277],[10.105387,55.58272],[10.106603,55.581976],[10.109938,55.582085],[10.110964,55.581752],[10.106569,55.581847],[10.105282,55.582355],[10.104911,55.582129],[10.104706,55.582504]]],[[[10.113726,55.855724],[10.113044,55.856174],[10.11397,55.855765],[10.113726,55.855724]]],[[[10.11373,55.850197],[10.116126,55.850214],[10.115571,55.85011],[10.115863,55.84941],[10.122536,55.848799],[10.122338,55.84833],[10.123252,55.848416],[10.123244,55.848891],[10.123669,55.848431],[10.125312,55.848799],[10.125358,55.849884],[10.126219,55.849067],[10.124774,55.848361],[10.122316,55.848124],[10.114791,55.849412],[10.11373,55.850197]]],[[[10.116374,55.854703],[10.117961,55.855178],[10.118198,55.854242],[10.117592,55.854515],[10.116374,55.854703]]],[[[10.099254,55.138022],[10.104839,55.141047],[10.106207,55.141273],[10.104156,55.140354],[10.102954,55.138952],[10.100283,55.13855],[10.099836,55.137728],[10.099254,55.138022]]],[[[10.112296,55.582065],[10.114536,55.582902],[10.116926,55.580583],[10.114714,55.582382],[10.112296,55.582065]]],[[[10.120591,55.850757],[10.121464,55.851173],[10.121346,55.853259],[10.121859,55.851077],[10.120591,55.850757]]],[[[10.110918,55.141959],[10.110739,55.143355],[10.113802,55.144575],[10.118401,55.147599],[10.121057,55.148134],[10.125221,55.147665],[10.122561,55.146997],[10.117228,55.143749],[10.112457,55.143048],[10.110918,55.141959]]],[[[10.125434,55.122167],[10.127703,55.122757],[10.128755,55.122598],[10.127576,55.122603],[10.125434,55.122167]]],[[[10.124697,55.054473],[10.127894,55.057049],[10.131176,55.057986],[10.134717,55.060055],[10.138306,55.060357],[10.141647,55.063837],[10.144705,55.065026],[10.146479,55.064946],[10.146069,55.063865],[10.142661,55.063051],[10.140266,55.060717],[10.138823,55.055887],[10.140011,55.052613],[10.143113,55.051485],[10.148169,55.05052],[10.157483,55.050055],[10.158767,55.052267],[10.158159,55.050584],[10.159205,55.049883],[10.167206,55.048883],[10.171614,55.051396],[10.173609,55.051248],[10.175293,55.047477],[10.178307,55.044991],[10.18006,55.042383],[10.175745,55.038551],[10.16999,55.035966],[10.162326,55.034959],[10.146845,55.031873],[10.14395,55.031949],[10.142849,55.032501],[10.141481,55.032338],[10.140789,55.033569],[10.136737,55.034714],[10.132488,55.039975],[10.127578,55.042038],[10.126097,55.043509],[10.124697,55.054473]]],[[[10.176935,56.702555],[10.176597,56.703024],[10.177483,56.70252],[10.176935,56.702555]]],[[[10.176859,56.703557],[10.177439,56.703602],[10.178346,56.703063],[10.177673,56.703108],[10.176859,56.703557]]],[[[10.148179,55.603069],[10.153779,55.604119],[10.156123,55.605139],[10.157369,55.604616],[10.156162,55.604767],[10.153187,55.60372],[10.148179,55.603069]]],[[[10.188225,56.703523],[10.188672,56.703728],[10.188853,56.703662],[10.188225,56.703523]]],[[[10.158162,55.604989],[10.157771,55.60533],[10.158413,55.6051],[10.158162,55.604989]]],[[[10.157854,55.600895],[10.160339,55.60027],[10.165221,55.599532],[10.158656,55.600232],[10.157854,55.600895]]],[[[10.15803,55.605529],[10.159458,55.606211],[10.159742,55.606149],[10.159787,55.60549],[10.15803,55.605529]]],[[[10.162613,55.642332],[10.16233,55.646746],[10.165691,55.646256],[10.16831,55.646831],[10.182147,55.643058],[10.185421,55.643515],[10.189928,55.643031],[10.189671,55.641831],[10.19187,55.638841],[10.191844,55.637289],[10.185393,55.634458],[10.182294,55.631992],[10.181735,55.630228],[10.182238,55.625153],[10.181154,55.621674],[10.182527,55.614524],[10.185234,55.611881],[10.189644,55.609576],[10.191435,55.607205],[10.190785,55.606749],[10.19032,55.607816],[10.189867,55.607256],[10.188925,55.608619],[10.18802,55.608014],[10.188312,55.608322],[10.187636,55.609043],[10.187241,55.607906],[10.185448,55.606946],[10.184964,55.605925],[10.182633,55.604982],[10.180492,55.607081],[10.181313,55.605516],[10.183382,55.604619],[10.181241,55.605132],[10.180046,55.607294],[10.179591,55.607581],[10.179288,55.607237],[10.180104,55.606926],[10.179451,55.606834],[10.177992,55.608132],[10.18134,55.615737],[10.180819,55.620818],[10.181476,55.624645],[10.180778,55.627563],[10.178961,55.630234],[10.174,55.631741],[10.171471,55.634252],[10.167991,55.635962],[10.16527,55.640105],[10.162613,55.642332]]],[[[10.167153,55.59956],[10.168097,55.602231],[10.172121,55.604501],[10.177955,55.604801],[10.181205,55.604095],[10.178291,55.604582],[10.178035,55.604118],[10.182351,55.603041],[10.181696,55.601379],[10.180993,55.602086],[10.179539,55.602153],[10.175584,55.601303],[10.169047,55.601216],[10.169779,55.599048],[10.17247,55.599102],[10.171522,55.598752],[10.1687,55.598844],[10.167153,55.59956]]],[[[10.157371,55.051066],[10.15766,55.051836],[10.15775,55.051821],[10.157371,55.051066]]],[[[10.158291,55.051962],[10.157554,55.052032],[10.158305,55.052018],[10.158291,55.051962]]],[[[10.192781,55.851237],[10.193271,55.851234],[10.193808,55.850946],[10.193672,55.850911],[10.192781,55.851237]]],[[[10.213419,56.474237],[10.215581,56.476744],[10.217899,56.476737],[10.217742,56.475629],[10.21632,56.474427],[10.214366,56.473976],[10.213419,56.474237]]],[[[10.222689,56.711536],[10.223381,56.712097],[10.225213,56.712149],[10.227288,56.711391],[10.226378,56.71058],[10.22433,56.710435],[10.223068,56.711024],[10.223809,56.711433],[10.222689,56.711536]]],[[[10.223992,56.710435],[10.224044,56.710518],[10.22405,56.710424],[10.223992,56.710435]]],[[[10.224339,56.714239],[10.224429,56.714424],[10.224698,56.714395],[10.224339,56.714239]]],[[[10.224123,56.710139],[10.224662,56.710314],[10.225715,56.710227],[10.224756,56.710054],[10.224123,56.710139]]],[[[10.22437,56.708087],[10.224355,56.708226],[10.224504,56.708189],[10.22437,56.708087]]],[[[10.224514,56.709617],[10.224522,56.709694],[10.224562,56.709656],[10.224514,56.709617]]],[[[10.224644,56.709565],[10.224659,56.709664],[10.224675,56.709667],[10.224644,56.709565]]],[[[10.224818,56.70978],[10.224931,56.709976],[10.225421,56.709948],[10.224818,56.70978]]],[[[10.224709,56.70961],[10.225822,56.709901],[10.226553,56.709634],[10.22557,56.708933],[10.224709,56.70961]]],[[[10.225686,56.707543],[10.225376,56.707775],[10.225969,56.708028],[10.225686,56.707543]]],[[[10.225425,56.710039],[10.225273,56.710076],[10.225483,56.710086],[10.225425,56.710039]]],[[[10.226073,56.70846],[10.226314,56.708853],[10.226476,56.708861],[10.226073,56.70846]]],[[[10.22608,56.70911],[10.226444,56.709397],[10.226612,56.709397],[10.226639,56.709233],[10.22608,56.70911]]],[[[10.226115,56.70837],[10.226696,56.708807],[10.228315,56.709135],[10.227605,56.708309],[10.226115,56.70837]]],[[[10.2278,56.705725],[10.226488,56.707356],[10.226949,56.706949],[10.227844,56.707247],[10.227591,56.706488],[10.228423,56.705778],[10.22807,56.706297],[10.229238,56.70703],[10.228151,56.707423],[10.229198,56.707636],[10.229534,56.709122],[10.229624,56.708714],[10.230796,56.709426],[10.231185,56.709916],[10.234518,56.71027],[10.236593,56.709885],[10.2372,56.709199],[10.233852,56.708697],[10.23585,56.708589],[10.235099,56.708211],[10.231374,56.707929],[10.230567,56.707785],[10.230162,56.707509],[10.234226,56.707775],[10.235013,56.707667],[10.234625,56.707454],[10.238352,56.708339],[10.239986,56.7076],[10.237631,56.706372],[10.229935,56.70524],[10.2278,56.705725]]],[[[10.226449,56.707653],[10.226468,56.708064],[10.227537,56.708179],[10.226449,56.707653]]],[[[10.226437,56.707458],[10.226475,56.70757],[10.226568,56.707473],[10.226437,56.707458]]],[[[10.191831,55.601775],[10.194129,55.602281],[10.200303,55.60188],[10.207164,55.600311],[10.207416,55.599022],[10.205835,55.599685],[10.198279,55.599792],[10.196939,55.600765],[10.193023,55.60153],[10.192256,55.601315],[10.191831,55.601775]]],[[[10.199567,55.851129],[10.204402,55.849874],[10.20697,55.849693],[10.204209,55.849879],[10.199567,55.851129]]],[[[10.226951,56.709969],[10.227023,56.710032],[10.227061,56.709986],[10.226951,56.709969]]],[[[10.226997,56.709039],[10.227596,56.70937],[10.228413,56.709406],[10.228114,56.709174],[10.226997,56.709039]]],[[[10.227528,56.707642],[10.227603,56.707956],[10.227739,56.707945],[10.227528,56.707642]]],[[[10.227726,56.711059],[10.227935,56.71138],[10.228312,56.711161],[10.227726,56.711059]]],[[[10.227743,56.706425],[10.227768,56.706549],[10.227928,56.706418],[10.227743,56.706425]]],[[[10.227953,56.707192],[10.227984,56.707375],[10.228114,56.707346],[10.227953,56.707192]]],[[[10.228489,56.708149],[10.228325,56.708376],[10.228602,56.708348],[10.228489,56.708149]]],[[[10.228455,56.707527],[10.228118,56.707725],[10.228293,56.707724],[10.228455,56.707527]]],[[[10.22844,56.706913],[10.228509,56.707073],[10.228629,56.707032],[10.22844,56.706913]]],[[[10.228655,56.707732],[10.228536,56.707789],[10.228706,56.707874],[10.228655,56.707732]]],[[[10.228695,56.709421],[10.228654,56.709539],[10.228777,56.709497],[10.228695,56.709421]]],[[[10.228767,56.709107],[10.228736,56.70924],[10.228822,56.70918],[10.228767,56.709107]]],[[[10.228759,56.70933],[10.228777,56.70938],[10.228824,56.709357],[10.228759,56.70933]]],[[[10.229075,56.707864],[10.228921,56.708121],[10.229163,56.708177],[10.229075,56.707864]]],[[[10.229633,56.709565],[10.229581,56.709663],[10.229696,56.70966],[10.229633,56.709565]]],[[[10.22999,56.709476],[10.229818,56.709549],[10.229941,56.709572],[10.22999,56.709476]]],[[[10.230527,56.709305],[10.230332,56.709391],[10.230545,56.709448],[10.230527,56.709305]]],[[[10.230774,56.709654],[10.230624,56.70972],[10.230723,56.709759],[10.230774,56.709654]]],[[[10.232044,56.710377],[10.232938,56.710485],[10.233382,56.710327],[10.232788,56.710172],[10.232044,56.710377]]],[[[10.232238,56.707715],[10.232264,56.707792],[10.232399,56.707732],[10.232238,56.707715]]],[[[10.214972,56.13831],[10.215085,56.13878],[10.216192,56.138679],[10.216238,56.138267],[10.214972,56.13831]]],[[[10.226154,56.481866],[10.226326,56.482046],[10.226332,56.481877],[10.226154,56.481866]]],[[[10.226693,56.482098],[10.22637,56.482379],[10.22702,56.482268],[10.226693,56.482098]]],[[[10.226988,56.479552],[10.227545,56.479632],[10.228925,56.479241],[10.228061,56.479193],[10.226988,56.479552]]],[[[10.228946,56.534853],[10.229799,56.538133],[10.230331,56.544941],[10.229501,56.52669],[10.229515,56.534053],[10.228946,56.534853]]],[[[10.229322,56.524658],[10.229335,56.524836],[10.229379,56.524834],[10.229322,56.524658]]],[[[10.217265,56.010863],[10.217436,56.011003],[10.217586,56.010927],[10.217265,56.010863]]],[[[10.233614,56.504195],[10.23319,56.504609],[10.233955,56.504435],[10.233614,56.504195]]],[[[10.222912,56.147456],[10.222956,56.147616],[10.223062,56.147576],[10.222912,56.147456]]],[[[10.234249,56.502816],[10.234674,56.503399],[10.235687,56.50308],[10.235052,56.502482],[10.234249,56.502816]]],[[[10.223909,56.147977],[10.223946,56.148134],[10.224053,56.148092],[10.223909,56.147977]]],[[[10.224169,56.148195],[10.224235,56.148499],[10.224543,56.148499],[10.224169,56.148195]]],[[[10.212304,55.771046],[10.214931,55.772073],[10.218185,55.772835],[10.228978,55.774477],[10.233406,55.776026],[10.234241,55.776176],[10.229449,55.774511],[10.217055,55.772424],[10.212304,55.771046]]],[[[10.236219,56.502991],[10.236134,56.503298],[10.23656,56.503153],[10.236219,56.502991]]],[[[10.224676,56.148601],[10.224707,56.148759],[10.224818,56.148718],[10.224676,56.148601]]],[[[10.225138,56.149336],[10.225045,56.14949],[10.225284,56.149393],[10.225138,56.149336]]],[[[10.22817,56.15773],[10.22816,56.15779],[10.228219,56.15777],[10.22817,56.15773]]],[[[10.249023,56.578741],[10.249539,56.578752],[10.250838,56.578528],[10.250383,56.578421],[10.249023,56.578741]]],[[[10.2517,56.578702],[10.251656,56.57881],[10.251939,56.57882],[10.2517,56.578702]]],[[[10.258864,56.712291],[10.258927,56.712463],[10.259225,56.712372],[10.258864,56.712291]]],[[[10.204293,54.969931],[10.205222,54.971512],[10.206507,54.971824],[10.209366,54.971301],[10.215147,54.9687],[10.220224,54.968716],[10.222167,54.969152],[10.221426,54.967553],[10.221517,54.964192],[10.224928,54.960042],[10.235286,54.952124],[10.238051,54.950903],[10.242253,54.950047],[10.247712,54.94608],[10.251632,54.94407],[10.253942,54.943123],[10.255455,54.94424],[10.25829,54.943705],[10.255269,54.944013],[10.255002,54.94369],[10.256738,54.94329],[10.256971,54.942808],[10.256252,54.942674],[10.256742,54.942375],[10.258717,54.942574],[10.257663,54.942181],[10.257087,54.941622],[10.257562,54.941965],[10.257784,54.941521],[10.258417,54.942129],[10.258926,54.941373],[10.2598,54.941678],[10.259145,54.94276],[10.259999,54.941803],[10.261866,54.941688],[10.261789,54.942869],[10.259102,54.943407],[10.261868,54.942929],[10.262137,54.941741],[10.263496,54.941155],[10.269082,54.941652],[10.27594,54.941049],[10.282808,54.93973],[10.286655,54.937849],[10.288652,54.935998],[10.29763,54.930089],[10.301699,54.92818],[10.305075,54.927799],[10.312703,54.920874],[10.314631,54.920297],[10.317282,54.918482],[10.324372,54.915035],[10.325099,54.912539],[10.326877,54.909888],[10.330277,54.906009],[10.337383,54.899604],[10.340281,54.898071],[10.34371,54.897056],[10.351997,54.896322],[10.357838,54.896583],[10.363668,54.895189],[10.365241,54.894096],[10.365564,54.891832],[10.368985,54.889218],[10.370236,54.887538],[10.369834,54.88675],[10.371267,54.8847],[10.378653,54.884382],[10.381851,54.885211],[10.385135,54.88753],[10.390595,54.893381],[10.392437,54.894144],[10.395894,54.894427],[10.398814,54.895508],[10.402122,54.897454],[10.405807,54.900899],[10.407105,54.904027],[10.406132,54.905755],[10.40238,54.907999],[10.399034,54.909226],[10.39619,54.909976],[10.391792,54.910367],[10.390514,54.911036],[10.388925,54.914126],[10.395124,54.914295],[10.402314,54.909807],[10.407644,54.905682],[10.413546,54.902446],[10.410997,54.900644],[10.41226,54.898055],[10.40991,54.898162],[10.40978,54.898817],[10.410477,54.898361],[10.410499,54.898849],[10.407385,54.898934],[10.405601,54.898],[10.406099,54.897663],[10.405268,54.896902],[10.405469,54.896094],[10.410692,54.892244],[10.411474,54.893623],[10.410831,54.894241],[10.411533,54.893619],[10.411583,54.892377],[10.412819,54.89149],[10.413712,54.891632],[10.412578,54.891334],[10.413161,54.890967],[10.412734,54.890721],[10.414144,54.890537],[10.41434,54.889781],[10.415056,54.890091],[10.414367,54.891662],[10.415295,54.889964],[10.413701,54.889403],[10.413641,54.888504],[10.415389,54.886066],[10.417443,54.885548],[10.416107,54.883951],[10.41757,54.87998],[10.419187,54.877818],[10.423279,54.874949],[10.429508,54.873169],[10.432273,54.869873],[10.437036,54.866158],[10.440769,54.864778],[10.44659,54.863717],[10.448356,54.86231],[10.451579,54.863842],[10.453894,54.865758],[10.456609,54.866796],[10.45394,54.868448],[10.452942,54.868572],[10.452439,54.870479],[10.450658,54.871955],[10.453227,54.870936],[10.456285,54.871294],[10.458571,54.870618],[10.458012,54.868613],[10.456527,54.867298],[10.457158,54.866814],[10.457919,54.866981],[10.460441,54.868578],[10.460933,54.869528],[10.460873,54.870484],[10.459716,54.870528],[10.458882,54.872097],[10.459315,54.874541],[10.461701,54.875294],[10.467213,54.873484],[10.468922,54.872183],[10.471469,54.871256],[10.473086,54.8692],[10.47419,54.869125],[10.47389,54.868681],[10.477121,54.866905],[10.477318,54.866296],[10.481869,54.864749],[10.482168,54.86405],[10.486087,54.86539],[10.486783,54.866941],[10.484065,54.868673],[10.480533,54.870137],[10.477898,54.869802],[10.477511,54.870123],[10.479192,54.870191],[10.479586,54.870617],[10.478009,54.873194],[10.474334,54.87569],[10.472614,54.875677],[10.470672,54.876587],[10.468711,54.880098],[10.460698,54.88628],[10.455952,54.888261],[10.449929,54.889269],[10.449284,54.889758],[10.449461,54.891867],[10.450307,54.892326],[10.457763,54.892431],[10.464603,54.893366],[10.46705,54.893174],[10.471662,54.893684],[10.472477,54.893407],[10.471441,54.892995],[10.47136,54.892131],[10.467514,54.892203],[10.464032,54.892968],[10.458489,54.891315],[10.458213,54.890908],[10.459859,54.888897],[10.457762,54.888316],[10.458001,54.887992],[10.465964,54.887801],[10.469041,54.886177],[10.470484,54.886961],[10.471715,54.887039],[10.473294,54.884967],[10.48592,54.878533],[10.487706,54.876634],[10.491005,54.875337],[10.492083,54.875674],[10.491803,54.874845],[10.492112,54.875518],[10.492796,54.875406],[10.493765,54.87335],[10.496057,54.871879],[10.500955,54.86957],[10.505548,54.868248],[10.511044,54.864123],[10.517294,54.861161],[10.520525,54.857873],[10.52133,54.85781],[10.521821,54.857167],[10.520859,54.857043],[10.521015,54.856609],[10.521712,54.856857],[10.521416,54.856452],[10.52235,54.856536],[10.522488,54.856209],[10.521949,54.856061],[10.522232,54.855136],[10.521637,54.855068],[10.521859,54.854501],[10.522428,54.854568],[10.52312,54.852281],[10.52259,54.85202],[10.523219,54.851479],[10.523081,54.85103],[10.522002,54.850956],[10.523094,54.850757],[10.523451,54.848257],[10.521124,54.847742],[10.520477,54.844415],[10.522126,54.844092],[10.528679,54.845111],[10.530017,54.845819],[10.533016,54.846485],[10.53218,54.847754],[10.530316,54.848417],[10.532538,54.848365],[10.531309,54.848583],[10.531365,54.84875],[10.534558,54.848369],[10.529194,54.849616],[10.52813,54.850229],[10.52979,54.850146],[10.52733,54.851025],[10.526711,54.850659],[10.526859,54.849618],[10.528587,54.847494],[10.526729,54.849677],[10.526062,54.850814],[10.525102,54.850898],[10.525763,54.851765],[10.523015,54.856395],[10.526026,54.853083],[10.52873,54.852441],[10.533298,54.850105],[10.537146,54.846687],[10.532032,54.846171],[10.528679,54.844808],[10.525479,54.844396],[10.524307,54.843846],[10.517952,54.843719],[10.513745,54.84301],[10.50743,54.842941],[10.500802,54.842216],[10.487129,54.842401],[10.475665,54.841148],[10.467824,54.840933],[10.458395,54.839382],[10.448008,54.836253],[10.438862,54.831567],[10.436912,54.829759],[10.437694,54.828305],[10.437071,54.825364],[10.434688,54.822282],[10.429777,54.818823],[10.425931,54.816766],[10.42405,54.8163],[10.420966,54.816241],[10.418659,54.816705],[10.4153,54.817976],[10.41532,54.81852],[10.41402,54.819178],[10.411367,54.820002],[10.409884,54.821415],[10.407209,54.822455],[10.405323,54.824849],[10.398044,54.82867],[10.373071,54.836967],[10.36736,54.841479],[10.357477,54.846268],[10.350416,54.852049],[10.343569,54.856252],[10.339473,54.860463],[10.325714,54.87139],[10.320881,54.876139],[10.318123,54.877848],[10.308041,54.882332],[10.292646,54.887535],[10.28835,54.888445],[10.286298,54.8898],[10.285742,54.891225],[10.282354,54.894294],[10.279136,54.895654],[10.2749,54.898303],[10.272121,54.902066],[10.261615,54.909849],[10.259321,54.912172],[10.246443,54.919091],[10.245613,54.921185],[10.244052,54.922495],[10.24393,54.923895],[10.243005,54.924517],[10.244284,54.927643],[10.243348,54.934261],[10.239334,54.941494],[10.235773,54.94437],[10.227264,54.948913],[10.225651,54.950768],[10.22004,54.953649],[10.218193,54.955146],[10.211664,54.958022],[10.209834,54.960387],[10.20624,54.96342],[10.206099,54.964775],[10.204558,54.967021],[10.204293,54.969931]]],[[[10.266177,56.897844],[10.266384,56.898458],[10.266571,56.897818],[10.266177,56.897844]]],[[[10.233998,55.881846],[10.234888,55.882428],[10.234957,55.882037],[10.235537,55.882115],[10.234798,55.880596],[10.236933,55.878693],[10.240143,55.879616],[10.241695,55.879347],[10.239494,55.883217],[10.237178,55.884615],[10.238631,55.88563],[10.239167,55.885403],[10.237896,55.885063],[10.23777,55.884597],[10.241327,55.882282],[10.241604,55.880697],[10.243304,55.879377],[10.241418,55.878401],[10.239754,55.878602],[10.237369,55.87823],[10.235004,55.879631],[10.233998,55.881846]]],[[[10.262809,56.712368],[10.262768,56.71257],[10.262974,56.712415],[10.262809,56.712368]]],[[[10.267934,56.851933],[10.268641,56.852297],[10.269278,56.852012],[10.268574,56.851883],[10.267934,56.851933]]],[[[10.211732,55.065392],[10.212929,55.065749],[10.213027,55.06501],[10.212065,55.064967],[10.211732,55.065392]]],[[[10.26449,56.712094],[10.267137,56.712372],[10.272606,56.712042],[10.275651,56.711277],[10.278493,56.710929],[10.272755,56.71071],[10.26449,56.712094]]],[[[10.269349,56.849956],[10.269219,56.850111],[10.269404,56.850101],[10.269349,56.849956]]],[[[10.234635,55.753104],[10.235053,55.755689],[10.242132,55.756948],[10.245627,55.759962],[10.250175,55.761948],[10.253749,55.760996],[10.259747,55.76017],[10.268377,55.759747],[10.271598,55.760557],[10.270479,55.762543],[10.272472,55.762844],[10.270953,55.762588],[10.271099,55.761853],[10.271331,55.761444],[10.272191,55.761501],[10.272539,55.762661],[10.272898,55.759551],[10.274023,55.759109],[10.284309,55.760449],[10.291995,55.762434],[10.298493,55.763171],[10.300504,55.762622],[10.301066,55.763128],[10.302262,55.763046],[10.300793,55.763245],[10.301162,55.763622],[10.300496,55.763997],[10.302647,55.765177],[10.304076,55.765254],[10.302913,55.765677],[10.304689,55.766541],[10.304015,55.766862],[10.304642,55.767431],[10.30088,55.765055],[10.299608,55.764956],[10.29686,55.767631],[10.297672,55.767632],[10.297247,55.77031],[10.301634,55.774758],[10.303955,55.77618],[10.305111,55.775911],[10.305636,55.776252],[10.304901,55.776256],[10.304736,55.777146],[10.305501,55.777902],[10.306595,55.778032],[10.305358,55.780016],[10.304973,55.778236],[10.303489,55.777581],[10.304439,55.779464],[10.304393,55.782425],[10.311142,55.79005],[10.311944,55.794163],[10.312716,55.791833],[10.314489,55.789531],[10.321784,55.783434],[10.326645,55.775453],[10.328272,55.769774],[10.328693,55.766313],[10.327897,55.763144],[10.324564,55.755845],[10.322612,55.747681],[10.320026,55.744582],[10.312391,55.741883],[10.30928,55.741449],[10.30787,55.741522],[10.288687,55.746952],[10.280397,55.748321],[10.275372,55.748557],[10.274343,55.74811],[10.272049,55.748025],[10.270587,55.747187],[10.260866,55.748167],[10.251973,55.746968],[10.247329,55.74693],[10.240558,55.748176],[10.236598,55.750792],[10.234635,55.753104]]],[[[10.241891,55.885252],[10.242688,55.885538],[10.243036,55.88526],[10.24296,55.885191],[10.241891,55.885252]]],[[[10.242228,55.877922],[10.242185,55.878033],[10.242275,55.877917],[10.242228,55.877922]]],[[[10.242303,55.882623],[10.243703,55.882834],[10.24404,55.883913],[10.244185,55.882756],[10.242374,55.882312],[10.242303,55.882623]]],[[[10.269354,56.706329],[10.270154,56.706698],[10.279505,56.705233],[10.278374,56.705611],[10.283833,56.705347],[10.287004,56.704471],[10.282453,56.704498],[10.28116,56.704973],[10.283,56.704087],[10.282763,56.703725],[10.278831,56.703341],[10.271977,56.705173],[10.269354,56.706329]]],[[[10.274049,56.711796],[10.274107,56.711877],[10.274298,56.711745],[10.274049,56.711796]]],[[[10.274635,56.711696],[10.27535,56.711723],[10.275814,56.711478],[10.275443,56.711459],[10.274635,56.711696]]],[[[10.27623,56.711566],[10.276334,56.711682],[10.27648,56.711613],[10.27623,56.711566]]],[[[10.276627,56.711406],[10.27663,56.711564],[10.276763,56.711479],[10.276627,56.711406]]],[[[10.279051,56.705843],[10.279111,56.705996],[10.279522,56.705851],[10.279051,56.705843]]],[[[10.288377,56.956622],[10.289996,56.957302],[10.291097,56.957094],[10.291611,56.956346],[10.290924,56.954634],[10.288377,56.956622]]],[[[10.276316,56.592333],[10.276476,56.592412],[10.276583,56.592365],[10.276316,56.592333]]],[[[10.280762,56.710986],[10.28071,56.711258],[10.281112,56.711137],[10.280762,56.710986]]],[[[10.276565,56.592731],[10.277443,56.593391],[10.278183,56.593195],[10.278271,56.59257],[10.276565,56.592731]]],[[[10.282631,56.705674],[10.282717,56.705804],[10.282911,56.705692],[10.282631,56.705674]]],[[[10.279006,56.594556],[10.279018,56.594938],[10.279278,56.594952],[10.279006,56.594556]]],[[[10.279058,56.595103],[10.279972,56.596428],[10.282428,56.5979],[10.283237,56.597862],[10.282048,56.59654],[10.280316,56.596301],[10.279058,56.595103]]],[[[10.284327,56.707387],[10.284388,56.707525],[10.284638,56.707406],[10.284327,56.707387]]],[[[10.29484,56.965621],[10.295256,56.965908],[10.296354,56.967379],[10.298635,56.967986],[10.299551,56.966593],[10.298752,56.965687],[10.296284,56.965146],[10.29484,56.965621]]],[[[10.283386,56.598566],[10.282994,56.598645],[10.283236,56.598986],[10.283386,56.598566]]],[[[10.295672,56.966871],[10.295649,56.967036],[10.295754,56.967064],[10.295672,56.966871]]],[[[10.234108,55.068718],[10.23506,55.070994],[10.236374,55.071735],[10.237409,55.071236],[10.23637,55.071222],[10.237201,55.070553],[10.238243,55.070703],[10.237479,55.071119],[10.23831,55.071032],[10.238755,55.070355],[10.240201,55.070468],[10.243697,55.069281],[10.246778,55.0688],[10.250036,55.066904],[10.250851,55.066855],[10.251899,55.067656],[10.2514,55.067095],[10.252019,55.066054],[10.258789,55.062556],[10.260233,55.061173],[10.260779,55.058576],[10.263926,55.056331],[10.264976,55.055951],[10.26634,55.05609],[10.270624,55.055377],[10.272778,55.054904],[10.27317,55.054755],[10.274276,55.054213],[10.275275,55.053441],[10.276877,55.052879],[10.276816,55.052771],[10.275284,55.053406],[10.272933,55.054832],[10.266823,55.055966],[10.266162,55.055815],[10.266241,55.054675],[10.267718,55.054028],[10.265849,55.053691],[10.255388,55.056097],[10.247916,55.060028],[10.24025,55.063244],[10.236751,55.065468],[10.234108,55.068718]]],[[[10.2358,55.031446],[10.236263,55.033799],[10.237648,55.034371],[10.238969,55.037481],[10.241966,55.038283],[10.247877,55.038599],[10.24924,55.039024],[10.250253,55.040071],[10.251789,55.039653],[10.25322,55.040349],[10.253612,55.040375],[10.254527,55.039944],[10.2534,55.040331],[10.252209,55.039714],[10.253039,55.039227],[10.253853,55.039677],[10.255004,55.039864],[10.253206,55.039217],[10.253983,55.037147],[10.258862,55.035609],[10.261786,55.033531],[10.267669,55.030757],[10.269095,55.028774],[10.270835,55.027677],[10.273788,55.023211],[10.274333,55.02295],[10.275573,55.023242],[10.277972,55.021403],[10.282369,55.019591],[10.283823,55.019126],[10.289682,55.01919],[10.293384,55.018712],[10.299254,55.019646],[10.301473,55.018424],[10.305545,55.017874],[10.31249,55.013318],[10.314629,55.012449],[10.315496,55.012991],[10.316095,55.012962],[10.315277,55.012596],[10.316504,55.012108],[10.319362,55.01233],[10.323185,55.013715],[10.32873,55.014982],[10.334021,55.01716],[10.33744,55.016779],[10.336776,55.016341],[10.336753,55.01404],[10.340304,55.00959],[10.340871,55.007856],[10.340472,55.008116],[10.339897,55.007445],[10.340391,55.0055],[10.341971,55.004578],[10.346587,55.004428],[10.345122,55.003851],[10.339769,55.004708],[10.32956,55.004751],[10.323699,55.007235],[10.319595,55.007724],[10.314732,55.009382],[10.31023,55.010085],[10.303244,55.015541],[10.298481,55.017495],[10.29353,55.018564],[10.288109,55.019074],[10.282539,55.017911],[10.272939,55.018365],[10.267854,55.01724],[10.263136,55.017955],[10.257148,55.018115],[10.250343,55.021095],[10.245512,55.025447],[10.2358,55.031446]]],[[[10.238316,55.0926],[10.238721,55.092872],[10.238802,55.092868],[10.238316,55.0926]]],[[[10.293372,56.710133],[10.293495,56.710343],[10.293909,56.710245],[10.293372,56.710133]]],[[[10.291846,56.469759],[10.291924,56.469856],[10.292055,56.469812],[10.291846,56.469759]]],[[[10.292627,56.469752],[10.29286,56.469917],[10.292975,56.469779],[10.292627,56.469752]]],[[[10.275733,55.903085],[10.279587,55.904143],[10.282136,55.905992],[10.285597,55.907537],[10.287922,55.907814],[10.287784,55.907427],[10.284774,55.906738],[10.282504,55.905046],[10.280855,55.902738],[10.281688,55.901315],[10.2805,55.900246],[10.279182,55.899886],[10.277507,55.900126],[10.277941,55.901119],[10.275733,55.903085]]],[[[10.250467,55.040212],[10.250449,55.040271],[10.250525,55.040246],[10.250467,55.040212]]],[[[10.25051,55.040149],[10.250499,55.040206],[10.250557,55.040169],[10.25051,55.040149]]],[[[10.291842,56.209454],[10.29221,56.210262],[10.292304,56.211407],[10.292392,56.210252],[10.291842,56.209454]]],[[[10.319329,56.952326],[10.319024,56.95245],[10.31939,56.952477],[10.319329,56.952326]]],[[[10.319187,56.952719],[10.319029,56.952801],[10.319165,56.952838],[10.319187,56.952719]]],[[[10.319264,56.952095],[10.319137,56.952178],[10.319334,56.952231],[10.319264,56.952095]]],[[[10.319548,56.952589],[10.320078,56.954138],[10.321128,56.954688],[10.319548,56.952589]]],[[[10.320937,56.954927],[10.322186,56.958057],[10.323118,56.958665],[10.321542,56.955046],[10.320937,56.954927]]],[[[10.323598,56.959134],[10.323373,56.959506],[10.323664,56.95965],[10.323598,56.959134]]],[[[10.323772,56.96064],[10.323913,56.961286],[10.324337,56.961468],[10.323772,56.96064]]],[[[10.3243,56.961549],[10.32425,56.961709],[10.324377,56.961572],[10.3243,56.961549]]],[[[10.325821,56.967252],[10.325489,56.967711],[10.326709,56.967605],[10.325821,56.967252]]],[[[10.313589,56.614013],[10.313906,56.614376],[10.316184,56.615162],[10.314878,56.614427],[10.313589,56.614013]]],[[[10.326705,56.96823],[10.327159,56.968705],[10.327828,56.968837],[10.327773,56.968367],[10.326705,56.96823]]],[[[10.328768,56.967635],[10.328659,56.96768],[10.32882,56.967762],[10.328768,56.967635]]],[[[10.329112,56.970333],[10.330646,56.971017],[10.331493,56.972246],[10.332258,56.97247],[10.330535,56.96949],[10.330008,56.969657],[10.330832,56.970915],[10.329639,56.970527],[10.329857,56.970193],[10.329112,56.970333]]],[[[10.316804,56.615271],[10.316686,56.61534],[10.316854,56.615361],[10.316804,56.615271]]],[[[10.2833,55.612586],[10.283337,55.612714],[10.283526,55.612609],[10.2833,55.612586]]],[[[10.329373,56.968185],[10.329342,56.968521],[10.329627,56.968578],[10.329373,56.968185]]],[[[10.317738,56.615976],[10.317615,56.615999],[10.31772,56.616036],[10.317738,56.615976]]],[[[10.330489,56.98314],[10.330574,56.984001],[10.331049,56.98262],[10.330489,56.98314]]],[[[10.330821,56.982386],[10.333382,56.982348],[10.332738,56.98173],[10.333278,56.981569],[10.336439,56.982695],[10.333908,56.981282],[10.330821,56.982386]]],[[[10.31953,56.6066],[10.322107,56.606167],[10.327267,56.605929],[10.32111,56.606058],[10.31953,56.6066]]],[[[10.320439,56.613809],[10.321063,56.61429],[10.325327,56.614734],[10.327611,56.614586],[10.328476,56.61394],[10.3272,56.612806],[10.323908,56.611906],[10.321977,56.612387],[10.320439,56.613809]]],[[[10.320433,56.609333],[10.323564,56.610161],[10.325812,56.610185],[10.323441,56.608598],[10.320433,56.609333]]],[[[10.333621,56.972818],[10.333601,56.97299],[10.333727,56.972971],[10.333621,56.972818]]],[[[10.290449,55.615331],[10.290201,55.617364],[10.291036,55.617349],[10.292369,55.614118],[10.291769,55.614572],[10.291006,55.614875],[10.290449,55.615331]]],[[[10.337047,56.987994],[10.338625,56.988234],[10.337483,56.988393],[10.338836,56.988548],[10.33851,56.988901],[10.340184,56.990547],[10.342277,56.994344],[10.342251,56.995509],[10.342969,56.995791],[10.342145,56.992265],[10.339234,56.987579],[10.337697,56.986941],[10.337077,56.987632],[10.338286,56.987654],[10.338398,56.987994],[10.337047,56.987994]]],[[[10.291109,55.618078],[10.292305,55.618387],[10.291803,55.617411],[10.29129,55.61753],[10.291109,55.618078]]],[[[10.291034,55.61444],[10.291647,55.614593],[10.292333,55.614042],[10.292491,55.613058],[10.291034,55.61444]]],[[[10.291724,55.616685],[10.292587,55.618416],[10.293997,55.618491],[10.295038,55.616736],[10.294847,55.616478],[10.294363,55.617175],[10.293988,55.615291],[10.294373,55.61504],[10.294827,55.615538],[10.296608,55.613337],[10.298839,55.612315],[10.29717,55.612447],[10.299506,55.611828],[10.302391,55.609339],[10.30346,55.605109],[10.302895,55.605042],[10.302272,55.607792],[10.301347,55.608591],[10.302089,55.607291],[10.302005,55.603344],[10.301354,55.60378],[10.30049,55.608666],[10.29824,55.610528],[10.293586,55.612767],[10.291724,55.616685]]],[[[10.299328,55.778818],[10.300695,55.778906],[10.301807,55.777752],[10.303812,55.777262],[10.299865,55.777993],[10.299328,55.778818]]],[[[10.328101,56.614499],[10.32956,56.614711],[10.331,56.614282],[10.328392,56.613279],[10.328665,56.61384],[10.328101,56.614499]]],[[[10.342544,56.998357],[10.343404,56.998466],[10.342613,56.998756],[10.344207,56.998942],[10.346723,57.001695],[10.346393,57.002513],[10.348048,57.003615],[10.347222,57.001867],[10.344758,56.998992],[10.344062,56.99843],[10.342544,56.998357]]],[[[10.331299,56.614344],[10.331304,56.614423],[10.33136,56.614356],[10.331299,56.614344]]],[[[10.331513,56.614425],[10.331354,56.614534],[10.331564,56.614472],[10.331513,56.614425]]],[[[10.331605,56.614461],[10.331701,56.614532],[10.331702,56.614467],[10.331605,56.614461]]],[[[10.298302,55.602119],[10.299177,55.603718],[10.299628,55.60382],[10.299905,55.603161],[10.298602,55.601755],[10.299164,55.601507],[10.298677,55.601597],[10.298302,55.602119]]],[[[10.336024,56.620404],[10.336376,56.62065],[10.336414,56.62063],[10.336024,56.620404]]],[[[10.336731,56.620696],[10.336927,56.620867],[10.336987,56.620843],[10.336731,56.620696]]],[[[10.30321,55.608548],[10.303902,55.608678],[10.303657,55.608064],[10.303384,55.608118],[10.30321,55.608548]]],[[[10.337416,56.60452],[10.338181,56.604629],[10.34036,56.604142],[10.339901,56.604038],[10.337416,56.60452]]],[[[10.344719,56.590788],[10.344595,56.591027],[10.344884,56.591069],[10.344719,56.590788]]],[[[10.339776,56.243222],[10.341144,56.243379],[10.342181,56.243979],[10.341376,56.243074],[10.339776,56.243222]]],[[[10.35375,56.633317],[10.35395,56.633608],[10.354145,56.633648],[10.35375,56.633317]]],[[[10.354795,56.652446],[10.35463,56.652829],[10.355041,56.652696],[10.354795,56.652446]]],[[[10.355241,56.566796],[10.355397,56.567218],[10.355659,56.566905],[10.355241,56.566796]]],[[[10.346132,55.834576],[10.346812,55.839633],[10.3474,55.840486],[10.346727,55.834616],[10.348461,55.830846],[10.349943,55.829523],[10.347046,55.830849],[10.347936,55.830668],[10.346132,55.834576]]],[[[10.321316,55.052628],[10.323854,55.051566],[10.326238,55.05225],[10.326471,55.051939],[10.324409,55.051385],[10.322623,55.05173],[10.321316,55.052628]]],[[[10.322475,55.038477],[10.322903,55.039671],[10.324678,55.040581],[10.326837,55.04062],[10.32772,55.04125],[10.329156,55.040745],[10.331771,55.041132],[10.334623,55.045048],[10.336282,55.045393],[10.340011,55.045285],[10.341945,55.046002],[10.34251,55.046023],[10.34117,55.045548],[10.341519,55.04519],[10.337114,55.045095],[10.339292,55.044438],[10.340968,55.044761],[10.343604,55.046478],[10.344161,55.048405],[10.34449,55.048726],[10.344548,55.046522],[10.342256,55.045029],[10.340028,55.044179],[10.336412,55.044891],[10.334657,55.044105],[10.332655,55.040954],[10.334254,55.040201],[10.334424,55.039369],[10.330976,55.037929],[10.325746,55.036988],[10.324838,55.035998],[10.325981,55.034553],[10.325024,55.034939],[10.324366,55.036761],[10.322475,55.038477]]],[[[10.355609,55.960906],[10.358375,55.960521],[10.367692,55.960098],[10.360472,55.960192],[10.355609,55.960906]]],[[[10.351576,55.828569],[10.352075,55.828619],[10.352872,55.827804],[10.357495,55.826619],[10.361769,55.824374],[10.365296,55.823482],[10.359168,55.824039],[10.357679,55.825839],[10.352915,55.82744],[10.351576,55.828569]]],[[[10.367976,56.20043],[10.368002,56.200587],[10.368562,56.20039],[10.367976,56.20043]]],[[[10.392426,56.540138],[10.392566,56.540245],[10.392621,56.540133],[10.392426,56.540138]]],[[[10.341855,55.051654],[10.341644,55.052106],[10.341949,55.051664],[10.341855,55.051654]]],[[[10.360603,54.976852],[10.363533,54.978893],[10.365954,54.97937],[10.369044,54.979415],[10.371966,54.978675],[10.37257,54.977928],[10.374823,54.978114],[10.377274,54.979247],[10.381178,54.982085],[10.38897,54.982723],[10.390052,54.982388],[10.387254,54.982535],[10.38571,54.981944],[10.38526,54.980307],[10.386067,54.979875],[10.386303,54.978328],[10.389423,54.978842],[10.389796,54.977969],[10.391387,54.97772],[10.395693,54.978325],[10.400262,54.97789],[10.402297,54.977084],[10.40415,54.977219],[10.407369,54.978532],[10.409902,54.978983],[10.409075,54.977893],[10.413351,54.974552],[10.421988,54.974519],[10.425263,54.975763],[10.42604,54.977022],[10.424635,54.979234],[10.424526,54.98149],[10.422826,54.982988],[10.420818,54.983674],[10.421694,54.984644],[10.423751,54.982269],[10.429753,54.979868],[10.430349,54.978647],[10.431591,54.97844],[10.434644,54.975891],[10.438082,54.974209],[10.440381,54.970277],[10.438456,54.968611],[10.435431,54.967196],[10.437466,54.965649],[10.437015,54.965424],[10.436294,54.966238],[10.435622,54.965917],[10.437134,54.965139],[10.435373,54.966005],[10.43552,54.966583],[10.43449,54.966818],[10.431509,54.965826],[10.427076,54.962736],[10.425832,54.962416],[10.420661,54.962505],[10.412919,54.965746],[10.408863,54.968397],[10.39813,54.97282],[10.390003,54.977094],[10.385796,54.977397],[10.380891,54.976632],[10.374606,54.973],[10.373561,54.971515],[10.371242,54.970669],[10.365361,54.971651],[10.362701,54.976247],[10.360603,54.976852]]],[[[10.408741,56.211826],[10.408856,56.212106],[10.409562,56.211867],[10.408741,56.211826]]],[[[10.382546,55.406711],[10.382443,55.407242],[10.382826,55.406697],[10.382546,55.406711]]],[[[10.40287,55.95963],[10.412724,55.960898],[10.420234,55.959675],[10.42633,55.958043],[10.44293,55.956591],[10.452164,55.95377],[10.463758,55.951995],[10.458806,55.951777],[10.455879,55.951109],[10.453742,55.949867],[10.454627,55.948884],[10.452585,55.949537],[10.452205,55.948874],[10.453755,55.94847],[10.454899,55.948698],[10.454388,55.948428],[10.455015,55.947888],[10.455739,55.948188],[10.455607,55.948743],[10.455774,55.948045],[10.454966,55.947583],[10.452526,55.947775],[10.448326,55.947319],[10.443786,55.945801],[10.439929,55.943782],[10.437396,55.943337],[10.428893,55.944887],[10.414542,55.950876],[10.405099,55.956476],[10.40287,55.95963]]],[[[10.375233,55.005184],[10.375705,55.005948],[10.376133,55.006066],[10.376067,55.005196],[10.37715,55.004809],[10.375233,55.005184]]],[[[10.378492,55.059421],[10.378222,55.059672],[10.378519,55.059428],[10.378492,55.059421]]],[[[10.38001,55.058966],[10.378808,55.059666],[10.379993,55.059008],[10.380688,55.059195],[10.380691,55.059147],[10.38001,55.058966]]],[[[10.410409,54.894468],[10.410256,54.894668],[10.410513,54.894419],[10.410409,54.894468]]],[[[10.462908,56.205892],[10.463494,56.206286],[10.464075,56.205991],[10.462908,56.205892]]],[[[10.463748,56.204306],[10.46426,56.204653],[10.465702,56.203823],[10.464885,56.203925],[10.463748,56.204306]]],[[[10.464501,56.205635],[10.46569,56.205131],[10.466409,56.204352],[10.466477,56.204069],[10.464501,56.205635]]],[[[10.437784,55.455564],[10.438072,55.457136],[10.438998,55.457633],[10.438949,55.457066],[10.437784,55.455564]]],[[[10.465793,56.203724],[10.466524,56.203605],[10.466799,56.20348],[10.466634,56.203468],[10.465793,56.203724]]],[[[10.467678,56.203198],[10.466902,56.20384],[10.467881,56.203159],[10.467678,56.203198]]],[[[10.420851,54.8975],[10.422309,54.899497],[10.425101,54.900104],[10.426483,54.89969],[10.428378,54.896439],[10.426803,54.895507],[10.425289,54.895249],[10.423141,54.893678],[10.424033,54.896639],[10.420851,54.8975]]],[[[10.441388,55.469026],[10.442309,55.469682],[10.4438,55.471851],[10.443828,55.469815],[10.442522,55.468946],[10.441388,55.469026]]],[[[10.426221,54.993142],[10.426315,54.993695],[10.426303,54.992942],[10.426221,54.993142]]],[[[10.422847,54.881935],[10.426637,54.882369],[10.430695,54.882277],[10.43649,54.879796],[10.43725,54.878717],[10.436634,54.878456],[10.435804,54.879379],[10.428574,54.882042],[10.422847,54.881935]]],[[[10.444325,55.468875],[10.444745,55.469406],[10.445279,55.470378],[10.445056,55.469662],[10.444325,55.468875]]],[[[10.445411,55.470618],[10.445296,55.470614],[10.445385,55.470652],[10.445411,55.470618]]],[[[10.446536,55.473932],[10.446487,55.474079],[10.446711,55.474026],[10.446536,55.473932]]],[[[10.475631,56.247796],[10.47709,56.248455],[10.477244,56.249151],[10.478988,56.250039],[10.477653,56.24856],[10.476262,56.247767],[10.476216,56.24699],[10.475631,56.247796]]],[[[10.447103,55.4739],[10.44713,55.473999],[10.447409,55.473987],[10.447103,55.4739]]],[[[10.454959,55.466887],[10.456392,55.47178],[10.455539,55.47341],[10.458093,55.473705],[10.459068,55.474698],[10.456099,55.476736],[10.459644,55.474919],[10.462724,55.476271],[10.463489,55.477972],[10.465167,55.478282],[10.464113,55.4784],[10.464125,55.478868],[10.469153,55.478979],[10.474422,55.481027],[10.478373,55.481739],[10.482406,55.481404],[10.476789,55.481343],[10.473992,55.480703],[10.471119,55.479126],[10.472731,55.477974],[10.471265,55.475705],[10.467895,55.475345],[10.465948,55.473055],[10.467321,55.471618],[10.472122,55.470238],[10.47371,55.468882],[10.474699,55.466317],[10.471743,55.466149],[10.465471,55.463854],[10.459054,55.463153],[10.457811,55.464481],[10.456184,55.464817],[10.454959,55.466887]]],[[[10.455569,55.463955],[10.456261,55.464703],[10.456598,55.463156],[10.458638,55.463114],[10.456602,55.462977],[10.455569,55.463955]]],[[[10.458378,55.488688],[10.458434,55.488882],[10.458605,55.488681],[10.458378,55.488688]]],[[[10.458521,55.477331],[10.460236,55.478173],[10.461275,55.478349],[10.45967,55.477539],[10.459938,55.476419],[10.459426,55.477184],[10.458521,55.477331]]],[[[10.461435,55.48543],[10.463385,55.484974],[10.464195,55.483759],[10.462874,55.484333],[10.461435,55.48543]]],[[[10.461716,55.477867],[10.461701,55.477982],[10.461814,55.477934],[10.461716,55.477867]]],[[[10.462408,55.478089],[10.462476,55.478144],[10.46253,55.478139],[10.462408,55.478089]]],[[[10.463531,55.481829],[10.463147,55.482174],[10.463269,55.482204],[10.463531,55.481829]]],[[[10.45308,55.004875],[10.454203,55.006856],[10.460294,55.010005],[10.461678,55.013914],[10.464123,55.015715],[10.466222,55.016473],[10.472201,55.020268],[10.472416,55.019971],[10.465712,55.016053],[10.464398,55.015612],[10.464301,55.014137],[10.465799,55.011738],[10.466627,55.011018],[10.471343,55.009934],[10.47182,55.010062],[10.47197,55.010993],[10.472501,55.011214],[10.471969,55.010233],[10.472716,55.010196],[10.473122,55.011506],[10.472871,55.010014],[10.473727,55.009362],[10.477576,55.008204],[10.481434,55.008108],[10.487522,55.004374],[10.490088,55.00345],[10.491252,55.002164],[10.488444,55.001687],[10.486922,55.002721],[10.48279,55.003843],[10.476088,55.004167],[10.473956,55.003739],[10.470265,55.000903],[10.467785,54.999796],[10.468144,54.998895],[10.471466,54.998681],[10.472329,54.999257],[10.471757,54.998662],[10.457505,54.999394],[10.455802,54.999701],[10.453424,55.002197],[10.45308,55.004875]]],[[[10.540389,57.225535],[10.540116,57.225982],[10.540489,57.226247],[10.540389,57.225535]]],[[[10.540954,57.22664],[10.541134,57.226982],[10.541147,57.226632],[10.540954,57.22664]]],[[[10.541401,57.226427],[10.541336,57.226724],[10.541549,57.226624],[10.541401,57.226427]]],[[[10.553091,57.433567],[10.553881,57.434258],[10.55509,57.437722],[10.554231,57.434309],[10.553091,57.433567]]],[[[10.457532,54.97688],[10.458575,54.97856],[10.459579,54.9791],[10.459415,54.97805],[10.457532,54.97688]]],[[[10.478427,55.48092],[10.479837,55.48102],[10.480429,55.481],[10.480294,55.480941],[10.478427,55.48092]]],[[[10.506588,56.16398],[10.509541,56.165502],[10.510142,56.166295],[10.508689,56.167173],[10.509571,56.167328],[10.510474,56.166031],[10.507096,56.16388],[10.506588,56.16398]]],[[[10.480309,55.45707],[10.481047,55.461587],[10.482591,55.462246],[10.483492,55.461903],[10.483562,55.460498],[10.486226,55.459237],[10.488981,55.459818],[10.487078,55.458839],[10.489283,55.455739],[10.492595,55.455703],[10.494851,55.456264],[10.492338,55.455614],[10.486546,55.455645],[10.482043,55.456375],[10.480309,55.45707]]],[[[10.483298,55.531292],[10.485593,55.531628],[10.491512,55.527843],[10.48477,55.529695],[10.483298,55.531292]]],[[[10.484913,55.526064],[10.484664,55.526874],[10.485236,55.526358],[10.485157,55.526182],[10.487128,55.525677],[10.484913,55.526064]]],[[[10.485032,55.484003],[10.485703,55.484461],[10.485774,55.484454],[10.485802,55.483786],[10.485032,55.484003]]],[[[10.466686,54.968164],[10.467215,54.968571],[10.468453,54.967068],[10.470354,54.966807],[10.471145,54.966054],[10.47603,54.964645],[10.477564,54.964614],[10.478048,54.965117],[10.476245,54.966934],[10.481079,54.966173],[10.484463,54.966553],[10.49013,54.965801],[10.491559,54.966298],[10.49113,54.966792],[10.492481,54.966637],[10.495805,54.968375],[10.497178,54.966157],[10.496253,54.964993],[10.490922,54.962182],[10.489371,54.960144],[10.490211,54.959537],[10.490228,54.960135],[10.490764,54.960023],[10.490053,54.959192],[10.487941,54.958662],[10.484283,54.958547],[10.481171,54.959298],[10.476373,54.962835],[10.472765,54.964342],[10.466686,54.968164]]],[[[10.466177,54.915326],[10.467733,54.917394],[10.468618,54.917613],[10.467206,54.915797],[10.468702,54.915375],[10.468712,54.914444],[10.470935,54.912744],[10.469527,54.913245],[10.467987,54.914915],[10.466177,54.915326]]],[[[10.470647,54.967399],[10.470184,54.967664],[10.471752,54.967506],[10.470647,54.967399]]],[[[10.491214,55.482839],[10.491911,55.482975],[10.492074,55.482774],[10.492012,55.482734],[10.491214,55.482839]]],[[[10.492175,55.482684],[10.492937,55.482962],[10.49338,55.482819],[10.492175,55.482684]]],[[[10.47075,54.896661],[10.471279,54.8971],[10.471678,54.897159],[10.471198,54.896355],[10.47075,54.896661]]],[[[10.471559,54.897301],[10.471593,54.897372],[10.471584,54.897297],[10.471559,54.897301]]],[[[10.47435,54.917861],[10.478256,54.923097],[10.48145,54.924569],[10.484267,54.924237],[10.486821,54.922963],[10.486158,54.922626],[10.485951,54.923371],[10.483094,54.924029],[10.484143,54.923709],[10.485663,54.919276],[10.489339,54.918177],[10.489994,54.916606],[10.491302,54.915913],[10.491423,54.91423],[10.481995,54.916639],[10.47898,54.916355],[10.476486,54.917159],[10.475345,54.916437],[10.47435,54.917861]]],[[[10.498401,55.537533],[10.499291,55.537664],[10.50005,55.537531],[10.499764,55.537264],[10.498401,55.537533]]],[[[10.576169,57.452105],[10.577528,57.45267],[10.579229,57.452419],[10.580278,57.451282],[10.581509,57.451133],[10.581695,57.449375],[10.579422,57.450029],[10.577476,57.451883],[10.576169,57.452105]]],[[[10.500394,55.536803],[10.500266,55.537053],[10.500559,55.536844],[10.500394,55.536803]]],[[[10.477974,54.890728],[10.479687,54.891241],[10.487967,54.890713],[10.504187,54.887327],[10.507279,54.887541],[10.509345,54.885314],[10.508352,54.884738],[10.504921,54.884611],[10.50238,54.88515],[10.498635,54.887032],[10.496758,54.886812],[10.495355,54.887698],[10.487038,54.888131],[10.480756,54.890647],[10.479227,54.889771],[10.480402,54.888007],[10.477974,54.890728]]],[[[10.502845,55.543879],[10.503048,55.544076],[10.503375,55.543943],[10.502845,55.543879]]],[[[10.520159,55.973306],[10.522598,55.979396],[10.528384,55.982504],[10.545642,55.994962],[10.550093,55.997377],[10.562079,56.002328],[10.563579,55.99678],[10.565164,55.981334],[10.571502,55.961169],[10.573647,55.9574],[10.582167,55.946326],[10.596892,55.934078],[10.606672,55.928624],[10.610978,55.926981],[10.618666,55.925032],[10.631178,55.924517],[10.652434,55.916545],[10.652544,55.913948],[10.65145,55.915209],[10.647752,55.916235],[10.645676,55.916164],[10.642615,55.91469],[10.643513,55.91574],[10.643002,55.91583],[10.641875,55.91554],[10.641353,55.915625],[10.643509,55.916537],[10.641529,55.915953],[10.642042,55.916719],[10.641017,55.916894],[10.64079,55.917749],[10.639085,55.917368],[10.639166,55.91514],[10.640828,55.914171],[10.642463,55.91487],[10.641766,55.91354],[10.644271,55.911033],[10.643882,55.910698],[10.643147,55.910996],[10.641989,55.910746],[10.642178,55.911331],[10.640155,55.912125],[10.640485,55.913484],[10.63825,55.915573],[10.636991,55.915465],[10.635663,55.913699],[10.634728,55.914768],[10.635093,55.916779],[10.634065,55.917708],[10.631679,55.918931],[10.628688,55.91856],[10.628574,55.917798],[10.627051,55.917273],[10.626428,55.915995],[10.629446,55.914894],[10.630163,55.913917],[10.627423,55.911847],[10.626218,55.911678],[10.625956,55.910842],[10.623783,55.911585],[10.623186,55.913784],[10.620104,55.913506],[10.619451,55.912743],[10.617714,55.913087],[10.617338,55.912662],[10.619266,55.912229],[10.619324,55.911862],[10.618342,55.912054],[10.616855,55.911656],[10.613867,55.912035],[10.611985,55.91113],[10.61095,55.907919],[10.609939,55.907694],[10.611261,55.906774],[10.611094,55.905753],[10.612532,55.904295],[10.611849,55.9025],[10.615463,55.900852],[10.615549,55.896699],[10.61781,55.893539],[10.617849,55.891913],[10.619547,55.890845],[10.621409,55.890713],[10.621331,55.891642],[10.619946,55.89267],[10.621279,55.893084],[10.621333,55.892459],[10.622577,55.891973],[10.622455,55.890517],[10.628546,55.890403],[10.630412,55.889569],[10.630904,55.888903],[10.626098,55.888122],[10.625686,55.88523],[10.62665,55.884629],[10.627427,55.88489],[10.62742,55.884334],[10.628315,55.884155],[10.629888,55.882658],[10.632244,55.879892],[10.632549,55.878211],[10.633691,55.877604],[10.638237,55.876503],[10.6398,55.876739],[10.641081,55.875587],[10.64161,55.875963],[10.640136,55.877339],[10.641207,55.877988],[10.6431,55.876601],[10.642839,55.876223],[10.643901,55.875997],[10.642831,55.874922],[10.643261,55.874529],[10.644063,55.874726],[10.643506,55.874527],[10.644028,55.87425],[10.646493,55.874814],[10.652996,55.8782],[10.656621,55.877252],[10.662062,55.878635],[10.666749,55.88116],[10.667733,55.88253],[10.669335,55.882186],[10.672204,55.883607],[10.673993,55.884159],[10.675121,55.88402],[10.675213,55.884361],[10.677909,55.88372],[10.678039,55.884899],[10.681214,55.88831],[10.687678,55.893835],[10.688167,55.901789],[10.687638,55.902391],[10.686013,55.90276],[10.684663,55.904054],[10.681587,55.908842],[10.680279,55.909299],[10.679021,55.908756],[10.678248,55.909071],[10.677938,55.909859],[10.679351,55.910616],[10.680665,55.910163],[10.677852,55.913142],[10.677226,55.917577],[10.676346,55.918161],[10.67474,55.917915],[10.674861,55.916977],[10.673521,55.917669],[10.674337,55.918478],[10.677019,55.918742],[10.676826,55.919168],[10.673649,55.91968],[10.672972,55.919064],[10.671818,55.919451],[10.674548,55.921449],[10.67439,55.924441],[10.675279,55.924892],[10.678018,55.922258],[10.677947,55.916424],[10.681799,55.909477],[10.683166,55.908467],[10.684811,55.905632],[10.686925,55.905151],[10.688669,55.903714],[10.688879,55.894363],[10.681385,55.887956],[10.677477,55.88068],[10.676854,55.874635],[10.677328,55.873423],[10.679484,55.871938],[10.679583,55.871092],[10.674714,55.866413],[10.66999,55.865635],[10.665749,55.863282],[10.662885,55.862306],[10.658526,55.859555],[10.654999,55.854828],[10.649764,55.850534],[10.647109,55.847365],[10.639427,55.833494],[10.637651,55.826154],[10.637345,55.820539],[10.638699,55.817363],[10.639434,55.816776],[10.640114,55.816663],[10.640904,55.816917],[10.641235,55.81681],[10.640142,55.816554],[10.638854,55.816816],[10.6391,55.816131],[10.637649,55.816175],[10.638726,55.815911],[10.639396,55.816151],[10.638804,55.815772],[10.639319,55.815238],[10.642158,55.816485],[10.64199,55.817227],[10.642412,55.816449],[10.639438,55.815015],[10.640218,55.813263],[10.643902,55.81006],[10.64397,55.80912],[10.64661,55.809089],[10.645808,55.808978],[10.645912,55.808345],[10.644648,55.807748],[10.645478,55.806952],[10.648082,55.807559],[10.648324,55.809269],[10.648469,55.807853],[10.648133,55.807414],[10.647516,55.80717],[10.643717,55.806462],[10.643971,55.803268],[10.642955,55.797019],[10.639686,55.791619],[10.636999,55.78907],[10.635754,55.786083],[10.635879,55.784453],[10.629294,55.780019],[10.626011,55.776623],[10.622556,55.768831],[10.621911,55.76522],[10.620477,55.764436],[10.616352,55.764483],[10.593476,55.766949],[10.586737,55.768987],[10.579776,55.770047],[10.574901,55.770192],[10.571518,55.769637],[10.565847,55.770089],[10.560002,55.769895],[10.557927,55.768937],[10.553995,55.769665],[10.550749,55.769288],[10.547088,55.771274],[10.540111,55.777486],[10.537648,55.778182],[10.538288,55.779893],[10.529898,55.79047],[10.528757,55.794512],[10.52722,55.795432],[10.52745,55.796628],[10.527505,55.795515],[10.529268,55.794861],[10.528364,55.795614],[10.529508,55.796077],[10.528704,55.796625],[10.530589,55.7965],[10.528875,55.80263],[10.528906,55.808248],[10.526284,55.816672],[10.526606,55.81852],[10.525414,55.82358],[10.526488,55.829268],[10.526192,55.8316],[10.528854,55.841381],[10.528324,55.845774],[10.528824,55.848961],[10.53017,55.852233],[10.534893,55.855697],[10.545173,55.860826],[10.548068,55.863124],[10.547727,55.863457],[10.548376,55.86368],[10.548192,55.864861],[10.548705,55.865625],[10.54874,55.864268],[10.550559,55.863688],[10.553473,55.864367],[10.556983,55.864157],[10.562669,55.865018],[10.571395,55.864566],[10.577098,55.86529],[10.582862,55.868319],[10.590012,55.876177],[10.593348,55.881684],[10.595033,55.887732],[10.595604,55.895266],[10.600112,55.902585],[10.600668,55.906661],[10.598228,55.913689],[10.592544,55.92089],[10.586115,55.926019],[10.573761,55.932795],[10.556711,55.938299],[10.553283,55.938084],[10.551798,55.937424],[10.551239,55.93789],[10.551806,55.937247],[10.550911,55.937489],[10.550668,55.936865],[10.551762,55.936412],[10.553621,55.936831],[10.551784,55.936298],[10.546649,55.938227],[10.543961,55.937476],[10.542088,55.937781],[10.537681,55.936327],[10.535786,55.936638],[10.532816,55.940316],[10.52909,55.942988],[10.529279,55.944706],[10.527139,55.948007],[10.527772,55.950214],[10.525745,55.952831],[10.521974,55.961884],[10.520159,55.973306]]],[[[10.505269,55.542982],[10.50615,55.543078],[10.507631,55.542728],[10.505269,55.542982]]],[[[10.504936,55.540042],[10.505944,55.540492],[10.507083,55.540073],[10.507097,55.539556],[10.510169,55.539481],[10.507381,55.539075],[10.504936,55.540042]]],[[[10.507105,55.543806],[10.506092,55.544346],[10.507357,55.543966],[10.507105,55.543806]]],[[[10.507314,55.539839],[10.507427,55.540023],[10.507559,55.539747],[10.507314,55.539839]]],[[[10.507869,55.543723],[10.509649,55.543188],[10.509955,55.541768],[10.509057,55.543193],[10.507869,55.543723]]],[[[10.492937,54.972604],[10.49591,54.97404],[10.498248,54.976428],[10.500485,54.975549],[10.499475,54.974729],[10.499249,54.973201],[10.500036,54.971248],[10.497654,54.969875],[10.494346,54.970887],[10.492937,54.972604]]],[[[10.596376,57.495686],[10.597164,57.496967],[10.599063,57.497772],[10.598663,57.496355],[10.596376,57.495686]]],[[[10.598484,57.499065],[10.598538,57.499445],[10.598747,57.499438],[10.598484,57.499065]]],[[[10.515703,55.482246],[10.516182,55.48287],[10.516141,55.482252],[10.51744,55.481359],[10.52111,55.481285],[10.519879,55.480932],[10.517818,55.48115],[10.515703,55.482246]]],[[[10.494257,54.913121],[10.498621,54.912675],[10.498788,54.911459],[10.496045,54.910683],[10.494257,54.913121]]],[[[10.495461,54.934117],[10.496948,54.936626],[10.500605,54.940139],[10.501471,54.940463],[10.500757,54.939779],[10.500802,54.937629],[10.502858,54.935066],[10.508703,54.932801],[10.513281,54.929233],[10.515798,54.928717],[10.51778,54.927432],[10.519454,54.927029],[10.524455,54.923698],[10.520183,54.925984],[10.511456,54.927569],[10.506053,54.927811],[10.505074,54.927363],[10.500371,54.92772],[10.499487,54.926912],[10.499199,54.927628],[10.499209,54.927001],[10.498555,54.926743],[10.498403,54.928022],[10.495573,54.932484],[10.495461,54.934117]]],[[[10.59898,57.493755],[10.599873,57.493805],[10.600283,57.492759],[10.599401,57.492779],[10.600041,57.493015],[10.59905,57.493208],[10.599785,57.493566],[10.59898,57.493755]]],[[[10.600412,57.491978],[10.5999,57.49225],[10.600921,57.492291],[10.600412,57.491978]]],[[[10.600668,57.49607],[10.60032,57.497761],[10.601326,57.497666],[10.60391,57.494741],[10.607994,57.493433],[10.609737,57.493323],[10.611691,57.492197],[10.613845,57.492336],[10.615418,57.493157],[10.616385,57.492964],[10.614087,57.491884],[10.613782,57.490471],[10.614637,57.489795],[10.610554,57.490598],[10.608867,57.490439],[10.607223,57.489516],[10.605594,57.490124],[10.603475,57.490127],[10.603614,57.490806],[10.602167,57.491367],[10.603553,57.491943],[10.602744,57.492279],[10.601391,57.491754],[10.601817,57.49219],[10.601007,57.492529],[10.603394,57.492744],[10.604928,57.492385],[10.605963,57.492689],[10.605251,57.493433],[10.603375,57.493762],[10.603409,57.494832],[10.60238,57.495713],[10.600668,57.49607]]],[[[10.600263,57.495382],[10.600143,57.495497],[10.60043,57.495582],[10.600263,57.495382]]],[[[10.517523,55.477579],[10.517536,55.477658],[10.517611,55.477621],[10.517523,55.477579]]],[[[10.600392,57.495928],[10.600328,57.496061],[10.600535,57.49608],[10.600392,57.495928]]],[[[10.602505,57.49897],[10.60357,57.498882],[10.604253,57.498294],[10.604134,57.497717],[10.602505,57.49897]]],[[[10.602995,57.473107],[10.604509,57.473385],[10.604005,57.474675],[10.604701,57.475428],[10.605329,57.47301],[10.604349,57.472669],[10.602995,57.473107]]],[[[10.5232,55.475835],[10.523259,55.475922],[10.52332,55.475867],[10.5232,55.475835]]],[[[10.525822,55.477132],[10.525885,55.477295],[10.52603,55.477185],[10.525822,55.477132]]],[[[10.528752,55.471842],[10.52884,55.472133],[10.529082,55.471958],[10.528752,55.471842]]],[[[10.613414,57.489201],[10.614028,57.489045],[10.613791,57.488719],[10.613511,57.488825],[10.613414,57.489201]]],[[[10.513434,55.006144],[10.514972,55.008324],[10.518572,55.009772],[10.530094,55.008155],[10.533226,55.00866],[10.535845,55.010512],[10.538369,55.013968],[10.544367,55.017966],[10.54641,55.017446],[10.549718,55.017943],[10.559525,55.021511],[10.561579,55.022588],[10.562027,55.023669],[10.563243,55.023652],[10.566031,55.025452],[10.567486,55.025567],[10.568681,55.025462],[10.569156,55.025287],[10.566746,55.025247],[10.566131,55.024723],[10.568646,55.024799],[10.572899,55.026249],[10.573268,55.028331],[10.572571,55.029749],[10.573869,55.030353],[10.5735,55.030848],[10.574852,55.032075],[10.574893,55.033291],[10.575694,55.032536],[10.574894,55.031261],[10.575283,55.030617],[10.576972,55.030639],[10.582995,55.035224],[10.585133,55.035553],[10.587074,55.036851],[10.58891,55.037322],[10.597059,55.037594],[10.603048,55.042426],[10.605233,55.045531],[10.608155,55.046698],[10.612922,55.047738],[10.613967,55.048459],[10.613648,55.049279],[10.614334,55.049783],[10.613719,55.049275],[10.614519,55.048828],[10.616448,55.049444],[10.619732,55.051619],[10.621406,55.05196],[10.623391,55.051715],[10.625062,55.052338],[10.625131,55.052998],[10.623677,55.052341],[10.622734,55.052451],[10.622008,55.053844],[10.620344,55.054091],[10.620641,55.055263],[10.622094,55.055238],[10.625181,55.054271],[10.62794,55.055179],[10.630983,55.055405],[10.633251,55.054082],[10.636648,55.05361],[10.636675,55.050766],[10.634766,55.0492],[10.634942,55.04963],[10.634171,55.049823],[10.634185,55.048787],[10.63961,55.047484],[10.642871,55.045471],[10.642458,55.043293],[10.64315,55.041179],[10.641389,55.039206],[10.63856,55.037829],[10.638462,55.036781],[10.644645,55.034104],[10.649556,55.034253],[10.649724,55.034681],[10.651573,55.033847],[10.6566,55.033919],[10.656296,55.028959],[10.65864,55.027223],[10.659302,55.025283],[10.656247,55.021248],[10.656461,55.020632],[10.65595,55.02134],[10.654017,55.021434],[10.651515,55.020514],[10.649424,55.020494],[10.647998,55.019373],[10.645859,55.014373],[10.642145,55.010278],[10.638515,55.003872],[10.638458,54.998213],[10.633708,54.994482],[10.631561,54.994035],[10.629847,54.99426],[10.633041,54.994484],[10.631568,54.994725],[10.633703,54.994978],[10.633069,54.99532],[10.629445,54.994142],[10.626604,54.993723],[10.629464,54.994351],[10.631,54.995309],[10.631014,54.995862],[10.628592,54.996815],[10.623216,54.990015],[10.62358,54.988851],[10.628073,54.9835],[10.630927,54.982108],[10.634498,54.981163],[10.640531,54.98047],[10.64408,54.980719],[10.654743,54.978268],[10.65635,54.978616],[10.662552,54.982965],[10.66735,54.985133],[10.668106,54.986991],[10.668045,54.990749],[10.670968,54.994746],[10.678576,54.995876],[10.683316,54.998037],[10.688588,54.996883],[10.691843,54.996917],[10.692641,54.994259],[10.690455,54.991898],[10.690338,54.98894],[10.687747,54.987969],[10.686866,54.985154],[10.687598,54.981568],[10.689431,54.978581],[10.688031,54.977884],[10.688676,54.973977],[10.686546,54.971436],[10.685717,54.971584],[10.685941,54.972584],[10.684383,54.973556],[10.679633,54.974087],[10.677401,54.97358],[10.677594,54.971605],[10.678381,54.97156],[10.678426,54.971321],[10.677148,54.97144],[10.677265,54.973479],[10.675164,54.973798],[10.674565,54.973151],[10.670421,54.974074],[10.66504,54.973732],[10.662691,54.972596],[10.65991,54.972654],[10.657668,54.971665],[10.654743,54.972189],[10.652686,54.971851],[10.649637,54.969078],[10.655727,54.965742],[10.64949,54.968447],[10.64342,54.963949],[10.63346,54.961968],[10.631364,54.960489],[10.6304,54.958083],[10.630879,54.957359],[10.62931,54.956928],[10.629484,54.956024],[10.628209,54.954936],[10.625641,54.954351],[10.622917,54.952879],[10.621445,54.949262],[10.619982,54.948175],[10.615527,54.948316],[10.608692,54.950283],[10.603012,54.953227],[10.592127,54.954701],[10.590377,54.955302],[10.589389,54.954879],[10.589233,54.95537],[10.589157,54.954856],[10.588786,54.95528],[10.584689,54.955199],[10.583489,54.955564],[10.580328,54.955121],[10.579872,54.954715],[10.580513,54.954339],[10.579635,54.954388],[10.578967,54.955191],[10.576114,54.954617],[10.577704,54.954651],[10.577846,54.954264],[10.576686,54.954055],[10.576707,54.953953],[10.578076,54.95418],[10.578807,54.954527],[10.578826,54.954065],[10.580426,54.953794],[10.58041,54.953413],[10.580922,54.953735],[10.582373,54.95326],[10.579846,54.953018],[10.579198,54.952304],[10.579488,54.951398],[10.582233,54.951346],[10.583538,54.950893],[10.584812,54.949295],[10.588494,54.947458],[10.586321,54.947471],[10.581429,54.949138],[10.579587,54.948283],[10.570911,54.948713],[10.563378,54.945157],[10.561077,54.944616],[10.558888,54.944721],[10.556121,54.943012],[10.554443,54.943041],[10.55361,54.944064],[10.554032,54.945423],[10.556125,54.947839],[10.561118,54.949923],[10.561993,54.949986],[10.559017,54.94898],[10.559922,54.948965],[10.559179,54.948617],[10.562831,54.948877],[10.563911,54.94984],[10.563911,54.950879],[10.565575,54.951064],[10.566591,54.95147],[10.56664,54.951864],[10.568011,54.951871],[10.569315,54.952293],[10.568312,54.952515],[10.566625,54.951977],[10.565316,54.951193],[10.564124,54.951419],[10.562218,54.953451],[10.559714,54.953263],[10.556522,54.953811],[10.555641,54.95357],[10.554413,54.952069],[10.555434,54.952232],[10.552979,54.951427],[10.549429,54.952184],[10.548221,54.954437],[10.550906,54.959627],[10.550079,54.962195],[10.544175,54.965613],[10.542471,54.965574],[10.542027,54.96598],[10.542444,54.965694],[10.542742,54.966018],[10.54141,54.966068],[10.542264,54.966609],[10.540153,54.968107],[10.533768,54.971004],[10.529747,54.972033],[10.525056,54.977342],[10.525523,54.980436],[10.524532,54.984949],[10.526002,54.988499],[10.523976,54.992886],[10.529374,54.995386],[10.529835,54.996357],[10.529191,54.996744],[10.525186,54.996435],[10.522534,54.996907],[10.519122,54.99845],[10.516537,55.000407],[10.513434,55.006144]]],[[[10.532304,55.474391],[10.532246,55.474631],[10.532452,55.474561],[10.532304,55.474391]]],[[[10.512889,54.962928],[10.515563,54.964018],[10.51689,54.963739],[10.515425,54.963401],[10.515583,54.962475],[10.513689,54.962483],[10.512889,54.962928]]],[[[10.533582,55.476275],[10.533668,55.476427],[10.533741,55.476306],[10.533582,55.476275]]],[[[10.535384,55.497795],[10.535347,55.498006],[10.535504,55.497918],[10.535384,55.497795]]],[[[10.618508,57.487433],[10.619736,57.487966],[10.622059,57.487022],[10.62385,57.487678],[10.627427,57.485552],[10.626329,57.483741],[10.627256,57.481683],[10.626636,57.482285],[10.623742,57.482379],[10.623245,57.482915],[10.620264,57.483439],[10.624313,57.482832],[10.624753,57.484025],[10.623098,57.484367],[10.621181,57.485742],[10.62067,57.48385],[10.619936,57.485623],[10.618498,57.486005],[10.619162,57.486523],[10.618508,57.487433]]],[[[10.536742,55.496676],[10.536753,55.496873],[10.536876,55.496814],[10.536742,55.496676]]],[[[10.537153,55.498737],[10.537088,55.498993],[10.53741,55.498924],[10.537153,55.498737]]],[[[10.518358,54.96058],[10.520939,54.960886],[10.523989,54.962636],[10.525595,54.962604],[10.526533,54.963205],[10.526275,54.962533],[10.522819,54.960245],[10.519497,54.959491],[10.518587,54.95983],[10.518358,54.96058]]],[[[10.51844,54.961143],[10.518898,54.961406],[10.519119,54.961393],[10.519145,54.961335],[10.51844,54.961143]]],[[[10.541626,55.481083],[10.543049,55.480817],[10.54389,55.481337],[10.543999,55.480404],[10.541878,55.480698],[10.541626,55.481083]]],[[[10.543105,55.444557],[10.543096,55.444597],[10.543207,55.444566],[10.543105,55.444557]]],[[[10.54318,55.444342],[10.543266,55.444401],[10.543318,55.444339],[10.54318,55.444342]]],[[[10.543445,55.444169],[10.543628,55.444306],[10.543728,55.44414],[10.543445,55.444169]]],[[[10.523435,54.85742],[10.522924,54.857825],[10.524178,54.857294],[10.523435,54.85742]]],[[[10.523123,54.859537],[10.523141,54.859602],[10.523181,54.859568],[10.523123,54.859537]]],[[[10.548269,55.481767],[10.54822,55.481849],[10.548321,55.481834],[10.548269,55.481767]]],[[[10.549298,55.485944],[10.549292,55.48604],[10.549359,55.48599],[10.549298,55.485944]]],[[[10.525921,54.857633],[10.525989,54.857701],[10.526012,54.857647],[10.525921,54.857633]]],[[[10.550305,55.483844],[10.550341,55.483916],[10.550372,55.483855],[10.550305,55.483844]]],[[[10.550816,55.493718],[10.551195,55.49358],[10.551686,55.493122],[10.550816,55.493718]]],[[[10.553118,55.487845],[10.55369,55.487468],[10.554422,55.486549],[10.554049,55.486874],[10.553118,55.487845]]],[[[10.52976,54.848025],[10.530974,54.848152],[10.531587,54.847729],[10.530211,54.84771],[10.52976,54.848025]]],[[[10.533426,54.910549],[10.533179,54.910726],[10.533249,54.910782],[10.533426,54.910549]]],[[[10.556198,55.484364],[10.555828,55.484792],[10.556382,55.48474],[10.556198,55.484364]]],[[[10.534384,54.912826],[10.534503,54.913327],[10.535108,54.91379],[10.535057,54.912632],[10.534384,54.912826]]],[[[10.556376,55.452885],[10.556208,55.453164],[10.556635,55.452885],[10.556376,55.452885]]],[[[10.540463,55.033241],[10.542,55.03359],[10.543641,55.033596],[10.543625,55.033751],[10.543721,55.033752],[10.543729,55.033589],[10.543615,55.033564],[10.540463,55.033241]]],[[[10.558975,55.479246],[10.558892,55.479311],[10.559009,55.4793],[10.558975,55.479246]]],[[[10.537693,54.907864],[10.539604,54.908175],[10.543716,54.907733],[10.546667,54.908118],[10.547785,54.906834],[10.548146,54.904665],[10.545659,54.904948],[10.544389,54.904813],[10.544231,54.904329],[10.54678,54.902756],[10.547355,54.901418],[10.548401,54.901186],[10.545314,54.90164],[10.542953,54.902545],[10.538872,54.905615],[10.537693,54.907864]]],[[[10.562145,55.487357],[10.562364,55.487668],[10.562632,55.487421],[10.562145,55.487357]]],[[[10.538751,54.858805],[10.539978,54.858809],[10.54272,54.858141],[10.544104,54.857592],[10.546117,54.858101],[10.545207,54.856972],[10.54244,54.858148],[10.538751,54.858805]]],[[[10.545164,54.858346],[10.545573,54.858834],[10.545903,54.858888],[10.546314,54.858842],[10.545164,54.858346]]],[[[10.550413,54.898549],[10.551497,54.897971],[10.55139,54.897521],[10.550695,54.898183],[10.550413,54.898549]]],[[[10.551931,54.896935],[10.552816,54.896616],[10.553395,54.895824],[10.552533,54.895997],[10.551931,54.896935]]],[[[10.565016,55.032224],[10.565295,55.033859],[10.567613,55.034725],[10.569772,55.034608],[10.565353,55.033268],[10.565016,55.032224]]],[[[10.581858,55.459909],[10.583128,55.460153],[10.583375,55.459985],[10.582647,55.459607],[10.581858,55.459909]]],[[[10.559971,54.862071],[10.560966,54.86255],[10.562452,54.862365],[10.560695,54.860957],[10.561194,54.860116],[10.561126,54.858686],[10.562424,54.858454],[10.561981,54.858819],[10.562946,54.858996],[10.562933,54.858334],[10.560979,54.858517],[10.559971,54.862071]]],[[[10.570691,54.900242],[10.576741,54.902439],[10.577683,54.901482],[10.581982,54.900356],[10.584685,54.897664],[10.58202,54.895308],[10.578834,54.895364],[10.573457,54.896845],[10.57076,54.898088],[10.570691,54.900242]]],[[[10.602627,55.58737],[10.602491,55.588426],[10.603105,55.587266],[10.602627,55.58737]]],[[[10.615202,55.906469],[10.615985,55.908253],[10.619493,55.907494],[10.620157,55.907911],[10.619201,55.907034],[10.618138,55.906798],[10.617856,55.905344],[10.615202,55.906469]]],[[[10.573892,54.857429],[10.574163,54.857476],[10.574308,54.857369],[10.573892,54.857429]]],[[[10.61599,55.902721],[10.61649,55.903456],[10.619324,55.904151],[10.620221,55.903084],[10.622712,55.903358],[10.623768,55.902732],[10.618441,55.900389],[10.618522,55.900889],[10.616737,55.901717],[10.61599,55.902721]]],[[[10.574681,54.854179],[10.575127,54.854503],[10.575572,54.853925],[10.577571,54.85368],[10.578694,54.852599],[10.579722,54.852526],[10.582252,54.850945],[10.584242,54.850494],[10.588238,54.848599],[10.589311,54.846875],[10.589884,54.846649],[10.59094,54.847025],[10.590806,54.845955],[10.591828,54.845486],[10.592465,54.844323],[10.595,54.843586],[10.597167,54.843981],[10.596513,54.842191],[10.598883,54.840996],[10.59339,54.841875],[10.590505,54.84369],[10.590727,54.845246],[10.589462,54.846487],[10.574681,54.854179]]],[[[10.603178,55.508691],[10.603733,55.508902],[10.606145,55.507139],[10.605128,55.507342],[10.603178,55.508691]]],[[[10.60655,55.582202],[10.606886,55.585016],[10.609547,55.58635],[10.611298,55.584263],[10.611231,55.581943],[10.61402,55.578927],[10.614247,55.577992],[10.612677,55.577083],[10.613112,55.575693],[10.611974,55.576285],[10.610324,55.575931],[10.608372,55.576117],[10.609113,55.579119],[10.607908,55.57924],[10.60655,55.582202]]],[[[10.609747,55.590951],[10.611818,55.59469],[10.611524,55.598348],[10.612939,55.599158],[10.613798,55.599204],[10.614138,55.599067],[10.613697,55.598633],[10.613329,55.599051],[10.612926,55.598617],[10.613589,55.598252],[10.614138,55.594684],[10.613651,55.596229],[10.613119,55.59542],[10.615788,55.588768],[10.617816,55.588208],[10.619705,55.588988],[10.621653,55.589052],[10.623159,55.588375],[10.621257,55.587259],[10.617688,55.586799],[10.618211,55.585686],[10.618469,55.585954],[10.618069,55.584855],[10.618768,55.582782],[10.620151,55.581807],[10.617887,55.582372],[10.617436,55.584163],[10.614739,55.585456],[10.614904,55.587665],[10.609747,55.590951]]],[[[10.583587,54.918179],[10.585115,54.918962],[10.584321,54.917997],[10.58507,54.916542],[10.584224,54.916688],[10.583587,54.918179]]],[[[10.587581,54.921379],[10.590595,54.924227],[10.593337,54.924688],[10.592404,54.922805],[10.59103,54.921768],[10.588241,54.920838],[10.587994,54.920292],[10.587581,54.921379]]],[[[10.629385,55.896204],[10.628971,55.898119],[10.631151,55.898831],[10.631029,55.899676],[10.632976,55.898024],[10.631751,55.896639],[10.632776,55.894754],[10.637211,55.895195],[10.63748,55.895497],[10.637591,55.896145],[10.637711,55.896194],[10.63841,55.894369],[10.639529,55.894293],[10.640128,55.89343],[10.642366,55.894067],[10.642568,55.893417],[10.645724,55.891562],[10.646884,55.889879],[10.644562,55.888602],[10.639663,55.889379],[10.638494,55.890585],[10.635959,55.889789],[10.633577,55.89047],[10.631859,55.894164],[10.630662,55.894702],[10.631008,55.895241],[10.629385,55.896204]]],[[[10.629952,55.900155],[10.629971,55.900304],[10.630189,55.900206],[10.629952,55.900155]]],[[[10.589998,54.912665],[10.59135,54.914825],[10.59501,54.914987],[10.596833,54.91612],[10.611169,54.918985],[10.617278,54.918492],[10.622802,54.916024],[10.622049,54.914269],[10.620722,54.913314],[10.620673,54.91087],[10.619733,54.910251],[10.620284,54.907502],[10.624566,54.903756],[10.629598,54.903756],[10.62929,54.903628],[10.629935,54.903626],[10.629935,54.903337],[10.627913,54.90347],[10.629945,54.90307],[10.626958,54.903504],[10.62583,54.903087],[10.625269,54.902329],[10.625386,54.898412],[10.624376,54.897157],[10.622183,54.895164],[10.619434,54.894257],[10.616269,54.891619],[10.612111,54.889548],[10.610775,54.889518],[10.607823,54.89076],[10.606036,54.89065],[10.601582,54.896908],[10.596542,54.89959],[10.599317,54.900397],[10.600028,54.901453],[10.596487,54.904042],[10.595198,54.904055],[10.59331,54.90537],[10.590034,54.910786],[10.589998,54.912665]]],[[[10.631176,55.90698],[10.631048,55.908769],[10.632642,55.909172],[10.632733,55.908535],[10.631176,55.90698]]],[[[10.631078,55.900445],[10.631099,55.900533],[10.631148,55.900508],[10.631078,55.900445]]],[[[10.615028,55.498109],[10.616,55.497872],[10.617144,55.498],[10.615913,55.497544],[10.615028,55.498109]]],[[[10.618856,55.585867],[10.619441,55.586225],[10.620229,55.585215],[10.619379,55.585315],[10.618856,55.585867]]],[[[10.633023,55.898311],[10.633047,55.898966],[10.633181,55.898277],[10.633023,55.898311]]],[[[10.635168,55.913294],[10.635012,55.913557],[10.6353,55.913624],[10.635168,55.913294]]],[[[10.635013,55.913115],[10.635036,55.913154],[10.635059,55.913121],[10.635013,55.913115]]],[[[10.622389,55.569817],[10.621506,55.570505],[10.622856,55.570389],[10.622389,55.569817]]],[[[10.595712,54.83907],[10.598183,54.840406],[10.598745,54.840377],[10.598147,54.840215],[10.598184,54.83948],[10.601955,54.840411],[10.601308,54.839726],[10.599031,54.839353],[10.599545,54.839112],[10.597932,54.837631],[10.598717,54.836193],[10.606349,54.836792],[10.613961,54.835057],[10.62168,54.835434],[10.625756,54.834],[10.626281,54.832879],[10.627748,54.832155],[10.633989,54.83],[10.635609,54.8303],[10.637285,54.831495],[10.637038,54.832918],[10.637793,54.832665],[10.637053,54.833045],[10.637108,54.833352],[10.642085,54.832515],[10.643159,54.830245],[10.642958,54.829811],[10.642423,54.831384],[10.641189,54.831569],[10.640967,54.830092],[10.641716,54.829397],[10.642565,54.829857],[10.643457,54.829648],[10.647029,54.830243],[10.649906,54.83222],[10.650597,54.833759],[10.65021,54.834551],[10.652773,54.836667],[10.654139,54.840122],[10.656762,54.843074],[10.65655,54.84358],[10.659149,54.845754],[10.662012,54.846782],[10.666722,54.846968],[10.668428,54.8474],[10.669017,54.847994],[10.669137,54.847782],[10.670157,54.847941],[10.668515,54.848698],[10.668072,54.847473],[10.663389,54.851249],[10.666244,54.856709],[10.66657,54.859497],[10.665766,54.862188],[10.666718,54.863784],[10.66886,54.877776],[10.672166,54.882281],[10.674729,54.883139],[10.676971,54.882776],[10.678685,54.881775],[10.680132,54.882482],[10.682412,54.882774],[10.683501,54.879088],[10.686236,54.877442],[10.685726,54.876294],[10.690193,54.876627],[10.690463,54.877533],[10.689192,54.878508],[10.688514,54.880503],[10.692493,54.882474],[10.692019,54.878812],[10.690939,54.878069],[10.691584,54.877159],[10.69131,54.87602],[10.690312,54.876495],[10.685689,54.876205],[10.685369,54.875504],[10.68854,54.873183],[10.689407,54.873053],[10.690761,54.873633],[10.692731,54.873037],[10.694403,54.873413],[10.695617,54.872965],[10.697103,54.873091],[10.700386,54.87196],[10.702225,54.870506],[10.703155,54.870711],[10.703919,54.872345],[10.703407,54.874436],[10.705894,54.876903],[10.705108,54.878081],[10.702764,54.877973],[10.701934,54.879396],[10.70521,54.880154],[10.708484,54.879963],[10.705446,54.878009],[10.706471,54.876539],[10.709447,54.875317],[10.711674,54.87597],[10.713566,54.875619],[10.7173,54.876112],[10.720142,54.877477],[10.722613,54.87694],[10.727715,54.877625],[10.728066,54.878204],[10.727076,54.880008],[10.722657,54.880178],[10.721815,54.881553],[10.717472,54.884439],[10.714923,54.884472],[10.714536,54.883197],[10.713736,54.883705],[10.715535,54.886654],[10.715704,54.888743],[10.714147,54.891222],[10.711352,54.891415],[10.711477,54.893357],[10.713361,54.893642],[10.714604,54.894438],[10.717619,54.894023],[10.718556,54.895299],[10.717164,54.895887],[10.710061,54.896919],[10.709481,54.896581],[10.707032,54.897291],[10.707613,54.898787],[10.706792,54.901054],[10.707996,54.902652],[10.708645,54.905658],[10.707435,54.907147],[10.705866,54.907421],[10.7048,54.906509],[10.703881,54.906506],[10.705024,54.906169],[10.699676,54.90137],[10.699099,54.899025],[10.697756,54.89718],[10.692806,54.898714],[10.691915,54.899655],[10.689105,54.899641],[10.686421,54.900934],[10.68425,54.900262],[10.683068,54.899292],[10.681477,54.899086],[10.68109,54.897848],[10.679139,54.898908],[10.680188,54.900484],[10.679762,54.901337],[10.678743,54.902235],[10.67745,54.902226],[10.677578,54.902573],[10.677452,54.902685],[10.677294,54.902384],[10.677436,54.902126],[10.677611,54.90208],[10.676685,54.902013],[10.676595,54.901601],[10.679675,54.901139],[10.677561,54.901054],[10.676409,54.90157],[10.675054,54.904203],[10.674522,54.907108],[10.675381,54.91069],[10.677423,54.912127],[10.681006,54.912907],[10.682438,54.913713],[10.68379,54.915848],[10.6834,54.920399],[10.684423,54.922325],[10.69113,54.92664],[10.694267,54.9296],[10.698592,54.930629],[10.699375,54.931355],[10.699456,54.931084],[10.702463,54.935861],[10.702248,54.937982],[10.703388,54.937489],[10.704412,54.939072],[10.704037,54.938473],[10.705465,54.937822],[10.706077,54.938194],[10.705119,54.938887],[10.706315,54.93833],[10.707243,54.938897],[10.706318,54.939456],[10.705125,54.939183],[10.70502,54.939322],[10.707432,54.939937],[10.706867,54.939643],[10.707608,54.939187],[10.709026,54.93959],[10.708665,54.940102],[10.707702,54.94003],[10.709582,54.940878],[10.71118,54.940438],[10.711296,54.941073],[10.712524,54.94166],[10.713597,54.941458],[10.713862,54.941802],[10.710668,54.94296],[10.709276,54.941267],[10.710701,54.943092],[10.714804,54.942182],[10.717034,54.943541],[10.717028,54.944765],[10.712735,54.945935],[10.712738,54.946499],[10.718548,54.944948],[10.719691,54.945455],[10.721879,54.948734],[10.724733,54.951221],[10.724052,54.953905],[10.724613,54.954758],[10.727701,54.956628],[10.73312,54.95869],[10.736066,54.961681],[10.747223,54.968248],[10.749147,54.970023],[10.752514,54.971441],[10.756601,54.974916],[10.75674,54.97572],[10.762493,54.976759],[10.767165,54.978803],[10.76937,54.980386],[10.770159,54.981877],[10.769218,54.982456],[10.770121,54.982858],[10.777014,54.981386],[10.784475,54.981229],[10.789105,54.981875],[10.795221,54.985032],[10.799884,54.989123],[10.809089,54.994714],[10.810952,54.997365],[10.813393,55.003253],[10.817849,55.004945],[10.81909,55.006703],[10.818451,55.007412],[10.820156,55.007285],[10.824283,55.011239],[10.827165,55.017819],[10.827303,55.020601],[10.829525,55.023104],[10.838762,55.029927],[10.844886,55.033023],[10.847813,55.035989],[10.848308,55.038633],[10.847512,55.042095],[10.84865,55.043509],[10.84879,55.045087],[10.853271,55.048976],[10.861903,55.060372],[10.861571,55.062299],[10.860389,55.062653],[10.860085,55.062781],[10.860007,55.062937],[10.862278,55.062334],[10.86279,55.062707],[10.862856,55.063103],[10.861152,55.062919],[10.862737,55.063273],[10.863125,55.063953],[10.862596,55.067613],[10.871132,55.082564],[10.872319,55.085837],[10.873124,55.094499],[10.876405,55.102144],[10.878234,55.103998],[10.882248,55.106627],[10.886995,55.114696],[10.893317,55.119147],[10.897945,55.1237],[10.902474,55.131721],[10.902349,55.132772],[10.901509,55.132901],[10.902097,55.132899],[10.90238,55.134542],[10.901421,55.134163],[10.901041,55.132742],[10.900841,55.13304],[10.901614,55.135132],[10.90279,55.135211],[10.902706,55.1358],[10.901939,55.135811],[10.901475,55.135537],[10.901416,55.135057],[10.900998,55.134748],[10.901376,55.135618],[10.902,55.136007],[10.901335,55.138428],[10.905183,55.13981],[10.90947,55.142864],[10.92126,55.149222],[10.926281,55.153339],[10.92781,55.157215],[10.929443,55.158182],[10.931117,55.160501],[10.93589,55.162541],[10.939273,55.164684],[10.943826,55.163625],[10.948409,55.160707],[10.95323,55.158556],[10.954639,55.157352],[10.955781,55.154353],[10.955692,55.1463],[10.954375,55.14473],[10.948723,55.132258],[10.946226,55.122738],[10.941655,55.110282],[10.939664,55.100414],[10.935764,55.088242],[10.935669,55.082527],[10.932899,55.081525],[10.930712,55.078453],[10.918431,55.04696],[10.916924,55.044192],[10.908498,55.033641],[10.902932,55.018769],[10.900016,55.013755],[10.897662,55.011141],[10.895565,55.004884],[10.895181,54.995483],[10.888251,54.987733],[10.874774,54.981106],[10.858934,54.968691],[10.856194,54.965737],[10.854571,54.962548],[10.851957,54.960446],[10.845142,54.952693],[10.836425,54.940726],[10.834291,54.936044],[10.834385,54.935315],[10.835691,54.935025],[10.83596,54.934807],[10.833985,54.93533],[10.83294,54.935004],[10.834236,54.934695],[10.833711,54.934485],[10.83581,54.934386],[10.834488,54.933834],[10.834879,54.93322],[10.834873,54.932866],[10.834045,54.933522],[10.834615,54.934069],[10.833653,54.934303],[10.832782,54.933622],[10.834225,54.933292],[10.833606,54.93308],[10.831723,54.933559],[10.830958,54.932215],[10.832139,54.932001],[10.833962,54.932378],[10.833924,54.932888],[10.834589,54.932489],[10.83214,54.931919],[10.830489,54.932232],[10.829813,54.93172],[10.827369,54.922419],[10.826694,54.916436],[10.825484,54.915799],[10.82261,54.911952],[10.821477,54.909004],[10.819281,54.909033],[10.81802,54.908468],[10.816642,54.90481],[10.818118,54.897682],[10.817555,54.89573],[10.817978,54.894704],[10.814847,54.886196],[10.804117,54.8698],[10.785379,54.844601],[10.784119,54.84164],[10.781909,54.8392],[10.776603,54.829856],[10.775313,54.824765],[10.776108,54.823073],[10.7746,54.820585],[10.774522,54.818937],[10.772626,54.817111],[10.769037,54.811534],[10.768226,54.806739],[10.764392,54.802129],[10.758947,54.792797],[10.75463,54.787269],[10.751392,54.780187],[10.750864,54.775456],[10.745677,54.764851],[10.745513,54.762609],[10.742058,54.757809],[10.741897,54.756028],[10.740427,54.754659],[10.737524,54.74962],[10.735847,54.743624],[10.725889,54.733771],[10.716849,54.72751],[10.710641,54.726589],[10.70612,54.725056],[10.693484,54.72191],[10.689774,54.723565],[10.68598,54.723766],[10.682679,54.726012],[10.682322,54.727301],[10.680408,54.729245],[10.676358,54.731392],[10.672549,54.736055],[10.667651,54.74],[10.670075,54.740819],[10.670374,54.742792],[10.66962,54.745224],[10.6666,54.749249],[10.669049,54.750071],[10.670609,54.751534],[10.669589,54.752628],[10.669624,54.753222],[10.669973,54.752246],[10.671168,54.751984],[10.670323,54.751003],[10.671015,54.750501],[10.671822,54.750762],[10.671368,54.751421],[10.671924,54.751549],[10.672451,54.750777],[10.673538,54.751153],[10.671839,54.751716],[10.673655,54.751211],[10.674871,54.752097],[10.673858,54.752562],[10.671994,54.751905],[10.671034,54.752276],[10.672077,54.75201],[10.673345,54.752649],[10.671857,54.753036],[10.674285,54.753193],[10.674787,54.752841],[10.675643,54.753283],[10.676237,54.755228],[10.675867,54.758017],[10.675028,54.759622],[10.673148,54.76034],[10.672285,54.762168],[10.672362,54.764243],[10.670438,54.767422],[10.669459,54.767961],[10.66666,54.772181],[10.660148,54.77955],[10.660766,54.78229],[10.660245,54.784242],[10.661495,54.786843],[10.660707,54.793181],[10.656917,54.799615],[10.647364,54.809324],[10.636341,54.817492],[10.627886,54.822397],[10.622644,54.824777],[10.616075,54.827058],[10.608107,54.828377],[10.60252,54.830518],[10.601277,54.832299],[10.598617,54.834338],[10.598104,54.836682],[10.595712,54.83907]]],[[[10.63885,55.895101],[10.639814,55.89521],[10.639819,55.894518],[10.639211,55.894584],[10.63885,55.895101]]],[[[10.63963,55.895438],[10.639814,55.895749],[10.639904,55.895462],[10.63963,55.895438]]],[[[10.639632,55.895888],[10.639683,55.895989],[10.639783,55.895929],[10.639632,55.895888]]],[[[10.639932,55.895355],[10.639865,55.895417],[10.639901,55.895425],[10.639932,55.895355]]],[[[10.64027,55.896123],[10.640347,55.896309],[10.640502,55.896275],[10.64027,55.896123]]],[[[10.641023,55.896379],[10.64066,55.896375],[10.641111,55.896498],[10.641023,55.896379]]],[[[10.641853,55.897546],[10.643036,55.897958],[10.642356,55.898749],[10.64298,55.899373],[10.642212,55.899584],[10.643357,55.900153],[10.643129,55.900776],[10.644203,55.900632],[10.644523,55.900066],[10.645602,55.900203],[10.647478,55.900986],[10.647906,55.901911],[10.648452,55.900949],[10.647951,55.899696],[10.64917,55.900215],[10.651786,55.899724],[10.651049,55.898563],[10.648245,55.898168],[10.646483,55.89623],[10.641853,55.897546]]],[[[10.642039,55.896864],[10.642001,55.897151],[10.642216,55.897124],[10.642039,55.896864]]],[[[10.642817,55.893596],[10.642883,55.893746],[10.642929,55.893598],[10.642817,55.893596]]],[[[10.643609,55.879161],[10.643566,55.879431],[10.643792,55.879473],[10.643609,55.879161]]],[[[10.631288,55.569429],[10.631551,55.569714],[10.632403,55.569666],[10.631288,55.569429]]],[[[10.644105,55.874774],[10.644093,55.874871],[10.644221,55.874822],[10.644105,55.874774]]],[[[10.631388,55.568628],[10.631441,55.568774],[10.631533,55.568686],[10.631388,55.568628]]],[[[10.644847,55.874988],[10.644818,55.875038],[10.644892,55.87501],[10.644847,55.874988]]],[[[10.645679,55.892543],[10.645679,55.89264],[10.645763,55.892581],[10.645679,55.892543]]],[[[10.645984,55.892913],[10.646246,55.893006],[10.646175,55.89255],[10.645984,55.892913]]],[[[10.646613,55.891901],[10.646591,55.892008],[10.646673,55.89203],[10.646613,55.891901]]],[[[10.647246,55.907316],[10.647573,55.907629],[10.647709,55.907113],[10.649391,55.906566],[10.649927,55.905896],[10.647246,55.907316]]],[[[10.647899,55.908684],[10.648657,55.908059],[10.648365,55.907216],[10.648292,55.907682],[10.647899,55.908684]]],[[[10.648456,55.906056],[10.649659,55.905501],[10.64995,55.905175],[10.649507,55.905222],[10.648456,55.906056]]],[[[10.649154,55.902316],[10.650304,55.902357],[10.649921,55.904406],[10.650652,55.90502],[10.651588,55.904537],[10.652971,55.904881],[10.653191,55.904208],[10.654257,55.904533],[10.654903,55.903785],[10.65711,55.904503],[10.658715,55.904377],[10.656564,55.903488],[10.654818,55.901323],[10.651971,55.899562],[10.651884,55.900752],[10.650892,55.901305],[10.649896,55.90125],[10.649551,55.901586],[10.650308,55.901833],[10.649154,55.902316]]],[[[10.648854,55.885705],[10.64987,55.887126],[10.654925,55.886535],[10.655123,55.88407],[10.650557,55.884206],[10.648854,55.885705]]],[[[10.649627,55.901256],[10.649564,55.901402],[10.649671,55.901385],[10.649627,55.901256]]],[[[10.65134,55.90795],[10.651427,55.908118],[10.651502,55.908105],[10.65134,55.90795]]],[[[10.650759,55.893022],[10.651801,55.893809],[10.652976,55.893468],[10.652762,55.893096],[10.650759,55.893022]]],[[[10.652317,55.908231],[10.652257,55.908384],[10.652468,55.908382],[10.652317,55.908231]]],[[[10.654025,55.904864],[10.65424,55.905024],[10.654238,55.904755],[10.654025,55.904864]]],[[[10.654015,55.904597],[10.654054,55.904742],[10.654346,55.904673],[10.654015,55.904597]]],[[[10.654839,55.904599],[10.654873,55.904746],[10.654988,55.904733],[10.654839,55.904599]]],[[[10.655633,55.905229],[10.655623,55.905555],[10.655916,55.905699],[10.655633,55.905229]]],[[[10.655972,55.904411],[10.65587,55.904505],[10.655997,55.904503],[10.655972,55.904411]]],[[[10.656927,55.904798],[10.656698,55.9049],[10.656938,55.904941],[10.656927,55.904798]]],[[[10.657227,55.905177],[10.657206,55.905283],[10.657299,55.905256],[10.657227,55.905177]]],[[[10.657619,55.905361],[10.657518,55.905558],[10.657723,55.905419],[10.657619,55.905361]]],[[[10.656788,55.887791],[10.657064,55.888315],[10.657119,55.887546],[10.656788,55.887791]]],[[[10.657557,55.905018],[10.657498,55.905079],[10.657565,55.90509],[10.657557,55.905018]]],[[[10.657819,55.905125],[10.657886,55.905179],[10.657862,55.905082],[10.657819,55.905125]]],[[[10.658767,55.904601],[10.658773,55.904886],[10.658904,55.904902],[10.658767,55.904601]]],[[[10.659731,55.905185],[10.659042,55.905305],[10.659988,55.905366],[10.659731,55.905185]]],[[[10.659972,55.905451],[10.659938,55.905577],[10.660077,55.905591],[10.659972,55.905451]]],[[[10.660311,55.889535],[10.660454,55.890468],[10.660566,55.89048],[10.660713,55.89029],[10.660311,55.889535]]],[[[10.661462,55.905594],[10.661728,55.905746],[10.661765,55.905557],[10.661462,55.905594]]],[[[10.663165,55.906936],[10.663834,55.906937],[10.664883,55.907192],[10.663846,55.906654],[10.663165,55.906936]]],[[[10.663737,55.885611],[10.664402,55.885646],[10.664097,55.886415],[10.666035,55.886252],[10.666145,55.886659],[10.667235,55.885724],[10.668096,55.885851],[10.667455,55.884883],[10.668056,55.884173],[10.665573,55.884022],[10.66461,55.88537],[10.663737,55.885611]]],[[[10.664994,55.907511],[10.664996,55.907587],[10.665092,55.907572],[10.664994,55.907511]]],[[[10.665055,55.907044],[10.66521,55.907122],[10.665336,55.907093],[10.665055,55.907044]]],[[[10.665385,55.907143],[10.667667,55.907873],[10.668777,55.9086],[10.666749,55.907217],[10.665385,55.907143]]],[[[10.666704,55.931436],[10.667739,55.933761],[10.671128,55.934432],[10.674312,55.933843],[10.675993,55.932251],[10.674165,55.929499],[10.670566,55.931254],[10.668899,55.931389],[10.667384,55.930647],[10.666704,55.931436]]],[[[10.666861,55.913964],[10.666991,55.914112],[10.667038,55.9139],[10.666861,55.913964]]],[[[10.667777,55.91252],[10.667621,55.912925],[10.667742,55.912829],[10.667777,55.91252]]],[[[10.668775,55.908277],[10.669365,55.908537],[10.669436,55.908963],[10.66963,55.908359],[10.668775,55.908277]]],[[[10.669723,55.913804],[10.66983,55.913913],[10.669771,55.913799],[10.669723,55.913804]]],[[[10.627791,54.904066],[10.628553,54.904059],[10.629209,54.90399],[10.630047,54.904064],[10.627791,54.904066]]],[[[10.669698,55.909267],[10.671003,55.909234],[10.671276,55.90896],[10.670354,55.909031],[10.669698,55.909267]]],[[[10.630501,54.95417],[10.63295,54.954076],[10.633449,54.953014],[10.632768,54.95296],[10.630501,54.95417]]],[[[10.673102,55.914436],[10.673043,55.914508],[10.673145,55.914496],[10.673102,55.914436]]],[[[10.633738,54.954136],[10.633193,54.955099],[10.634446,54.954431],[10.633738,54.954136]]],[[[10.674627,55.884761],[10.674747,55.884815],[10.674735,55.884749],[10.674627,55.884761]]],[[[10.676066,55.91133],[10.675909,55.911405],[10.676151,55.911365],[10.676066,55.91133]]],[[[10.688322,56.149627],[10.68978,56.149604],[10.68992,56.149291],[10.689392,56.14922],[10.688322,56.149627]]],[[[10.678407,55.910744],[10.678502,55.910788],[10.67852,55.910733],[10.678407,55.910744]]],[[[10.680091,55.92674],[10.686638,55.926056],[10.689405,55.926434],[10.690948,55.926856],[10.692088,55.927919],[10.694921,55.927914],[10.701421,55.928898],[10.711279,55.932531],[10.712899,55.932999],[10.713387,55.932948],[10.711438,55.93188],[10.693998,55.926153],[10.690707,55.926293],[10.687027,55.925967],[10.684145,55.926062],[10.680091,55.92674]]],[[[10.647007,55.048911],[10.653115,55.052006],[10.654333,55.051805],[10.655768,55.052169],[10.653832,55.054699],[10.656657,55.052383],[10.657249,55.052784],[10.656265,55.054084],[10.65781,55.052554],[10.66107,55.05162],[10.667113,55.050554],[10.667894,55.050819],[10.667993,55.050483],[10.668527,55.051294],[10.668635,55.050554],[10.670368,55.050186],[10.675872,55.05104],[10.677084,55.051808],[10.677416,55.051504],[10.677228,55.051845],[10.677334,55.051866],[10.678217,55.051517],[10.680582,55.052187],[10.683688,55.052165],[10.693199,55.055063],[10.698913,55.054391],[10.70056,55.055048],[10.700898,55.055855],[10.703027,55.054368],[10.707955,55.05347],[10.710459,55.048814],[10.711703,55.04397],[10.715426,55.038771],[10.715735,55.035857],[10.714512,55.033778],[10.717503,55.029765],[10.71275,55.03042],[10.710822,55.030394],[10.709971,55.029959],[10.708927,55.030312],[10.709448,55.030247],[10.709498,55.030703],[10.708881,55.031378],[10.706233,55.032623],[10.700987,55.033841],[10.681967,55.029611],[10.670332,55.029324],[10.667928,55.030514],[10.669041,55.033014],[10.668972,55.035668],[10.670046,55.037405],[10.672776,55.037452],[10.675074,55.036683],[10.67968,55.037663],[10.68171,55.037255],[10.685937,55.037922],[10.695766,55.038492],[10.698397,55.039562],[10.700765,55.039899],[10.700688,55.041461],[10.69465,55.041709],[10.690332,55.041377],[10.685564,55.041803],[10.680456,55.041399],[10.671709,55.041793],[10.668664,55.042425],[10.661521,55.04133],[10.661231,55.040839],[10.658019,55.040046],[10.656155,55.038844],[10.651873,55.037865],[10.650074,55.039251],[10.650303,55.040764],[10.651371,55.041359],[10.65118,55.043083],[10.647007,55.048911]]],[[[10.669025,55.452643],[10.669201,55.453061],[10.669229,55.454078],[10.669377,55.453383],[10.669025,55.452643]]],[[[10.665449,55.037972],[10.664656,55.039051],[10.665205,55.038346],[10.666314,55.038117],[10.665449,55.037972]]],[[[10.661623,54.962357],[10.662085,54.962529],[10.666223,54.960939],[10.669165,54.961174],[10.671864,54.960811],[10.680084,54.958502],[10.682843,54.959872],[10.685587,54.96042],[10.69849,54.957297],[10.701849,54.955286],[10.701213,54.953023],[10.702203,54.952012],[10.701551,54.949986],[10.702866,54.949575],[10.702868,54.94907],[10.699275,54.949335],[10.695253,54.950282],[10.691266,54.948932],[10.689647,54.949214],[10.688244,54.952741],[10.686223,54.954184],[10.684164,54.954582],[10.680365,54.953719],[10.679146,54.956656],[10.677459,54.957491],[10.672179,54.958294],[10.668962,54.957363],[10.665262,54.958192],[10.665604,54.960765],[10.661623,54.962357]]],[[[10.678796,54.97126],[10.678902,54.972406],[10.678908,54.971224],[10.678796,54.97126]]],[[[10.68627,54.897541],[10.686241,54.89784],[10.686443,54.897543],[10.68627,54.897541]]],[[[10.687788,54.898548],[10.687738,54.898646],[10.687827,54.898715],[10.687788,54.898548]]],[[[10.692653,54.885348],[10.692833,54.886321],[10.694066,54.886549],[10.694214,54.884979],[10.692653,54.885348]]],[[[10.742731,55.948682],[10.744194,55.948666],[10.746952,55.947902],[10.763472,55.947825],[10.765906,55.946579],[10.767457,55.944079],[10.763882,55.942682],[10.754655,55.94369],[10.753062,55.944203],[10.749045,55.94705],[10.742731,55.948682]]],[[[10.707422,54.885711],[10.708162,54.886504],[10.709331,54.886043],[10.708195,54.885417],[10.707422,54.885711]]],[[[10.712858,54.879195],[10.713133,54.880052],[10.714311,54.880703],[10.713748,54.879077],[10.714873,54.878536],[10.712858,54.879195]]],[[[10.775339,55.936632],[10.775587,55.936871],[10.777479,55.935262],[10.782325,55.934316],[10.785632,55.93401],[10.788959,55.934447],[10.793492,55.934024],[10.791,55.933671],[10.784935,55.933843],[10.777733,55.935093],[10.775339,55.936632]]],[[[10.790537,56.130721],[10.797655,56.132584],[10.79891,56.133678],[10.7995,56.135993],[10.802951,56.137045],[10.804446,56.138025],[10.807387,56.136865],[10.811255,56.134308],[10.810927,56.133163],[10.805055,56.129732],[10.792184,56.129806],[10.790537,56.130721]]],[[[10.858223,57.267645],[10.86018,57.26801],[10.861059,57.267553],[10.859294,57.267351],[10.862636,57.266585],[10.863481,57.266107],[10.861224,57.266672],[10.859699,57.266446],[10.859971,57.266206],[10.86815,57.265101],[10.864346,57.265263],[10.86319,57.264779],[10.862108,57.265272],[10.859304,57.265243],[10.859564,57.264755],[10.863451,57.263477],[10.866733,57.263231],[10.865165,57.26284],[10.862114,57.263298],[10.860367,57.263128],[10.860409,57.262398],[10.862997,57.262088],[10.861263,57.261162],[10.859832,57.262247],[10.858223,57.267645]]],[[[10.775804,55.508114],[10.778696,55.508479],[10.780422,55.50972],[10.781295,55.511703],[10.779611,55.513495],[10.779189,55.515831],[10.783276,55.517471],[10.789917,55.518321],[10.792503,55.517562],[10.79311,55.516394],[10.799326,55.514405],[10.800571,55.512545],[10.800161,55.511396],[10.79192,55.508879],[10.787796,55.508089],[10.780168,55.508459],[10.775804,55.508114]]],[[[10.864182,57.257833],[10.867696,57.257517],[10.87412,57.25276],[10.879581,57.250818],[10.880007,57.24982],[10.879279,57.24949],[10.880302,57.249101],[10.880372,57.248449],[10.884079,57.246548],[10.88931,57.245261],[10.89123,57.243046],[10.895789,57.240193],[10.901823,57.237966],[10.905848,57.238539],[10.906452,57.238254],[10.905282,57.237801],[10.90572,57.237274],[10.901233,57.236556],[10.897084,57.237007],[10.896939,57.236578],[10.893705,57.23778],[10.875569,57.250916],[10.864182,57.257833]]],[[[10.87004,57.258145],[10.871976,57.261266],[10.871076,57.262395],[10.871599,57.263938],[10.873268,57.266079],[10.888238,57.270872],[10.893254,57.273152],[10.891142,57.271779],[10.891747,57.271992],[10.902567,57.277551],[10.907715,57.280834],[10.919216,57.290783],[10.922122,57.294838],[10.921928,57.295926],[10.920406,57.29686],[10.920917,57.297783],[10.920214,57.297876],[10.921501,57.298273],[10.920595,57.296899],[10.921601,57.296603],[10.921997,57.297162],[10.922684,57.296561],[10.922785,57.297121],[10.923273,57.29705],[10.922783,57.295785],[10.923708,57.295154],[10.924612,57.295791],[10.924059,57.296283],[10.925218,57.295811],[10.926272,57.29659],[10.925265,57.296947],[10.924309,57.297604],[10.923898,57.296987],[10.923524,57.296965],[10.924147,57.297739],[10.922922,57.298396],[10.926383,57.296718],[10.929012,57.2977],[10.930592,57.299066],[10.932084,57.298954],[10.935931,57.300072],[10.942663,57.301039],[10.949168,57.302953],[10.954976,57.303043],[10.958029,57.302525],[10.966779,57.302773],[10.975042,57.304603],[10.97576,57.305273],[10.975091,57.305991],[10.974591,57.305751],[10.973723,57.306226],[10.974036,57.306589],[10.984483,57.305281],[10.995354,57.304778],[11.001905,57.305106],[11.009635,57.306217],[11.014037,57.30774],[11.017319,57.309717],[11.021105,57.313832],[11.021737,57.315921],[11.024393,57.316182],[11.027461,57.318249],[11.029611,57.318827],[11.034724,57.318863],[11.047536,57.317761],[11.060373,57.317517],[11.070919,57.317562],[11.081498,57.31827],[11.086278,57.317989],[11.091166,57.318358],[11.093776,57.317967],[11.108842,57.31837],[11.120828,57.320194],[11.120907,57.320837],[11.121374,57.321089],[11.12459,57.321521],[11.12698,57.323042],[11.124867,57.321461],[11.121253,57.320896],[11.121042,57.320048],[11.123288,57.320375],[11.124208,57.321003],[11.124742,57.320561],[11.126861,57.32081],[11.125547,57.321505],[11.1272,57.320861],[11.128364,57.32104],[11.126631,57.322192],[11.128743,57.321017],[11.131614,57.321536],[11.136318,57.323327],[11.142713,57.327239],[11.145065,57.328135],[11.14693,57.328208],[11.159023,57.327229],[11.165383,57.324687],[11.173277,57.323589],[11.18065,57.323389],[11.194767,57.324143],[11.198358,57.323147],[11.200233,57.32138],[11.195929,57.305423],[11.198235,57.293131],[11.195291,57.286568],[11.194411,57.285942],[11.190218,57.284886],[11.185539,57.285523],[11.190327,57.286164],[11.190147,57.28786],[11.193244,57.290717],[11.194618,57.293684],[11.193166,57.298032],[11.19209,57.298605],[11.188247,57.298596],[11.185599,57.300855],[11.184949,57.300612],[11.182434,57.301351],[11.186604,57.306195],[11.186097,57.307089],[11.187184,57.307544],[11.186376,57.308408],[11.187109,57.308902],[11.186346,57.309261],[11.182473,57.307166],[11.180715,57.305569],[11.179155,57.30506],[11.178574,57.304054],[11.177177,57.303938],[11.177726,57.303351],[11.174405,57.302943],[11.171592,57.301978],[11.170927,57.300252],[11.173549,57.300711],[11.174026,57.299948],[11.169949,57.29824],[11.166548,57.298106],[11.162173,57.299039],[11.162335,57.298701],[11.161103,57.298687],[11.15821,57.299801],[11.155922,57.299853],[11.155401,57.300326],[11.153038,57.300215],[11.152331,57.300733],[11.152616,57.300389],[11.151787,57.300765],[11.146831,57.300668],[11.14653,57.300966],[11.146302,57.300377],[11.143138,57.30048],[11.143332,57.30016],[11.141999,57.299747],[11.139804,57.299966],[11.136914,57.299235],[11.137112,57.298924],[11.133745,57.299036],[11.131792,57.298424],[11.125665,57.297915],[11.12572,57.297472],[11.124404,57.297283],[11.120919,57.297195],[11.122635,57.297716],[11.120774,57.298414],[11.121107,57.298122],[11.116947,57.298406],[11.114042,57.298101],[11.113167,57.29736],[11.112051,57.297707],[11.109587,57.297524],[11.10214,57.295996],[11.100822,57.294869],[11.100027,57.29538],[11.099555,57.294803],[11.098701,57.295188],[11.097613,57.29505],[11.098642,57.294779],[11.097078,57.294882],[11.098146,57.294613],[11.096616,57.294842],[11.096975,57.294607],[11.095503,57.294473],[11.09651,57.294199],[11.094923,57.294146],[11.094379,57.293988],[11.095524,57.293878],[11.092791,57.293491],[11.094132,57.293323],[11.090942,57.292691],[11.091869,57.292523],[11.091784,57.292415],[11.089768,57.292447],[11.090432,57.292266],[11.089262,57.292157],[11.090657,57.292065],[11.087381,57.291726],[11.088569,57.291405],[11.086948,57.291282],[11.086312,57.290992],[11.087356,57.290923],[11.08597,57.290711],[11.086703,57.290616],[11.085762,57.290472],[11.086665,57.290356],[11.085865,57.290138],[11.086597,57.28948],[11.086223,57.28908],[11.085271,57.288809],[11.082335,57.28925],[11.082838,57.289076],[11.082147,57.288885],[11.080455,57.289234],[11.080769,57.288884],[11.080195,57.289073],[11.080476,57.288804],[11.078833,57.288556],[11.079279,57.288219],[11.077859,57.287688],[11.079924,57.287279],[11.079629,57.286306],[11.078576,57.285984],[11.077985,57.285066],[11.07678,57.285598],[11.07595,57.284821],[11.073206,57.284286],[11.074014,57.284062],[11.073073,57.282911],[11.073855,57.282977],[11.073773,57.282193],[11.074399,57.282281],[11.074648,57.281246],[11.076322,57.280236],[11.078099,57.280305],[11.080054,57.279558],[11.081644,57.279526],[11.085514,57.280111],[11.090047,57.279084],[11.091765,57.27951],[11.094061,57.27884],[11.093032,57.277579],[11.092883,57.275963],[11.093305,57.274208],[11.094691,57.27423],[11.094216,57.273376],[11.094934,57.271881],[11.09378,57.269836],[11.091524,57.268356],[11.090648,57.263665],[11.088804,57.261625],[11.091154,57.263515],[11.092766,57.266269],[11.092214,57.263173],[11.090491,57.261559],[11.09067,57.261055],[11.091283,57.261126],[11.090534,57.259095],[11.087153,57.256166],[11.090066,57.258195],[11.089933,57.257441],[11.087155,57.254685],[11.074593,57.245194],[11.071559,57.243568],[11.066816,57.241987],[11.06704,57.240391],[11.068343,57.240091],[11.067781,57.239028],[11.065515,57.237023],[11.061798,57.235143],[11.052454,57.23215],[11.048103,57.231419],[11.02637,57.225274],[11.02365,57.223402],[11.019643,57.222025],[11.016095,57.221073],[11.009879,57.220474],[11.009748,57.220068],[11.010371,57.220141],[11.009806,57.219659],[11.004166,57.217933],[11.004334,57.217611],[11.002931,57.217732],[11.001883,57.219493],[10.998302,57.218411],[10.997587,57.219708],[10.996837,57.219537],[10.99679,57.218281],[10.995757,57.218387],[10.996361,57.217982],[10.994399,57.217408],[10.996229,57.217684],[10.991971,57.216766],[10.990337,57.217228],[10.990503,57.217768],[10.992914,57.219122],[10.99285,57.218414],[10.994985,57.219159],[10.991389,57.219365],[10.991082,57.220336],[10.990038,57.21974],[10.990523,57.218896],[10.983972,57.218308],[10.977515,57.21587],[10.977307,57.216628],[10.97854,57.218369],[10.977236,57.217372],[10.976784,57.218144],[10.97657,57.217553],[10.974512,57.219128],[10.973546,57.219476],[10.974221,57.221572],[10.973752,57.222689],[10.973189,57.222401],[10.972439,57.223162],[10.972443,57.222648],[10.971927,57.222993],[10.970768,57.22808],[10.970019,57.227784],[10.970294,57.229051],[10.969425,57.229148],[10.968549,57.230142],[10.966974,57.229759],[10.96605,57.230721],[10.966738,57.232767],[10.968245,57.233237],[10.968026,57.233694],[10.965929,57.233589],[10.964559,57.232491],[10.963717,57.233089],[10.962401,57.232763],[10.960789,57.234191],[10.959816,57.233911],[10.955786,57.234938],[10.953847,57.236698],[10.952228,57.236426],[10.953422,57.235884],[10.954193,57.234659],[10.952567,57.235051],[10.951898,57.235834],[10.951185,57.235765],[10.95145,57.235387],[10.947476,57.236193],[10.947132,57.238449],[10.947993,57.239309],[10.948671,57.239321],[10.949028,57.238715],[10.94918,57.239001],[10.949062,57.239888],[10.947092,57.241189],[10.948634,57.242083],[10.948655,57.242686],[10.947615,57.24283],[10.946887,57.242363],[10.94781,57.241779],[10.945402,57.240876],[10.944678,57.241247],[10.944825,57.24267],[10.946204,57.242609],[10.946628,57.243127],[10.94528,57.242885],[10.94413,57.243688],[10.943533,57.243423],[10.943844,57.243717],[10.943121,57.243743],[10.942329,57.244822],[10.940098,57.245382],[10.940184,57.244958],[10.939432,57.245014],[10.938865,57.245673],[10.936449,57.2459],[10.936014,57.245635],[10.938436,57.244379],[10.934802,57.244751],[10.935161,57.244256],[10.931617,57.245382],[10.931352,57.246494],[10.931237,57.246039],[10.929392,57.245934],[10.928863,57.246368],[10.924419,57.246855],[10.918004,57.245578],[10.918451,57.244826],[10.915412,57.243547],[10.911397,57.243981],[10.906635,57.245948],[10.906583,57.247177],[10.905194,57.247286],[10.905847,57.246094],[10.891275,57.249727],[10.889787,57.249849],[10.888423,57.249486],[10.883398,57.250417],[10.878234,57.252154],[10.871032,57.25616],[10.87004,57.258145]]],[[[10.792027,55.308872],[10.793507,55.308929],[10.795058,55.307454],[10.79333,55.305587],[10.792729,55.306244],[10.793677,55.307699],[10.792392,55.307842],[10.792112,55.307166],[10.792027,55.308872]]],[[[10.785323,55.138147],[10.785332,55.138416],[10.785543,55.138295],[10.785323,55.138147]]],[[[10.889527,57.249306],[10.89026,57.249566],[10.890464,57.249077],[10.889527,57.249306]]],[[[10.890613,57.244978],[10.891018,57.245349],[10.890996,57.244758],[10.890613,57.244978]]],[[[10.892294,57.245861],[10.894023,57.246969],[10.896035,57.247097],[10.897939,57.245773],[10.897854,57.245122],[10.905422,57.243654],[10.908512,57.242595],[10.916275,57.241272],[10.917169,57.240868],[10.916958,57.240217],[10.916075,57.23959],[10.913825,57.239479],[10.898918,57.240133],[10.894816,57.242131],[10.892294,57.245861]]],[[[10.896818,57.275952],[10.897548,57.276752],[10.897748,57.276749],[10.896818,57.275952]]],[[[10.897416,57.275257],[10.897313,57.275472],[10.897382,57.275515],[10.897416,57.275257]]],[[[10.901607,57.354553],[10.901756,57.354876],[10.902024,57.354322],[10.901607,57.354553]]],[[[10.896308,57.247009],[10.897139,57.247032],[10.898438,57.246154],[10.897161,57.246471],[10.896308,57.247009]]],[[[10.899956,57.27749],[10.900023,57.277627],[10.900136,57.277624],[10.899956,57.27749]]],[[[10.916783,57.359319],[10.917603,57.35969],[10.918268,57.358882],[10.919394,57.358966],[10.919965,57.358663],[10.918174,57.35851],[10.916783,57.359319]]],[[[10.911341,57.23186],[10.91284,57.232336],[10.917778,57.230959],[10.918835,57.229695],[10.92091,57.228677],[10.920712,57.227969],[10.91641,57.229437],[10.915168,57.230959],[10.912915,57.231161],[10.911341,57.23186]]],[[[10.919166,57.359585],[10.919996,57.359501],[10.922243,57.361424],[10.922281,57.36102],[10.922968,57.361235],[10.922795,57.361581],[10.922932,57.361698],[10.923872,57.360704],[10.927807,57.359773],[10.927921,57.360365],[10.929692,57.361034],[10.93021,57.362092],[10.928878,57.363107],[10.931121,57.363482],[10.931233,57.364084],[10.932088,57.36377],[10.933012,57.364618],[10.928088,57.358832],[10.925082,57.359955],[10.923667,57.359262],[10.922619,57.359805],[10.921715,57.359664],[10.922169,57.359274],[10.920083,57.359203],[10.919166,57.359585]]],[[[10.920584,57.357903],[10.922411,57.358856],[10.922753,57.358845],[10.923213,57.358999],[10.920584,57.357903]]],[[[10.914132,57.225061],[10.91624,57.22625],[10.91609,57.225765],[10.919442,57.225957],[10.92096,57.225288],[10.920257,57.223965],[10.918959,57.223572],[10.914132,57.225061]]],[[[10.912186,57.181333],[10.912612,57.181791],[10.912649,57.182193],[10.912837,57.181489],[10.912186,57.181333]]],[[[10.91569,57.243424],[10.916908,57.243899],[10.917209,57.243939],[10.916779,57.243421],[10.91569,57.243424]]],[[[10.922724,57.358867],[10.922758,57.359608],[10.923315,57.359383],[10.922724,57.358867]]],[[[10.915822,57.223881],[10.917781,57.223144],[10.917782,57.222921],[10.916402,57.223172],[10.915822,57.223881]]],[[[10.922902,57.357217],[10.923585,57.358077],[10.924762,57.358901],[10.924862,57.358505],[10.922902,57.357217]]],[[[10.917095,57.243215],[10.917585,57.243644],[10.919253,57.243625],[10.917808,57.243124],[10.917095,57.243215]]],[[[10.917942,57.244261],[10.91848,57.244587],[10.918938,57.244602],[10.918635,57.24428],[10.917942,57.244261]]],[[[10.918333,57.244007],[10.91815,57.244091],[10.918383,57.24406],[10.918333,57.244007]]],[[[10.919249,57.244602],[10.91942,57.245032],[10.919598,57.245047],[10.919249,57.244602]]],[[[10.919829,57.244285],[10.920188,57.244619],[10.920319,57.244621],[10.920342,57.244351],[10.919829,57.244285]]],[[[10.920915,57.225689],[10.921511,57.225681],[10.921763,57.225432],[10.921397,57.225384],[10.920915,57.225689]]],[[[10.920367,57.175806],[10.921058,57.176075],[10.921822,57.175269],[10.921412,57.175242],[10.920367,57.175806]]],[[[10.922711,57.177637],[10.922443,57.177702],[10.922672,57.177712],[10.922711,57.177637]]],[[[10.926034,57.242407],[10.927592,57.242987],[10.928638,57.242837],[10.927704,57.242598],[10.927786,57.24217],[10.926034,57.242407]]],[[[10.923879,57.178277],[10.924191,57.178542],[10.924837,57.178657],[10.925127,57.178588],[10.923879,57.178277]]],[[[10.924147,57.17609],[10.924055,57.176287],[10.924349,57.176262],[10.924147,57.17609]]],[[[10.925152,57.177125],[10.925163,57.177287],[10.925334,57.177234],[10.925152,57.177125]]],[[[10.925424,57.176423],[10.925698,57.176781],[10.926083,57.176681],[10.925424,57.176423]]],[[[10.930225,57.180996],[10.929942,57.184544],[10.931112,57.184572],[10.93008,57.183939],[10.930289,57.182617],[10.931302,57.181187],[10.932133,57.180977],[10.931606,57.180598],[10.932393,57.179752],[10.933614,57.179772],[10.935458,57.180591],[10.934534,57.179298],[10.93251,57.179357],[10.930225,57.180996]]],[[[10.941978,57.237752],[10.941923,57.238048],[10.942541,57.238089],[10.941978,57.237752]]],[[[10.868342,55.743307],[10.869182,55.743809],[10.876719,55.743037],[10.883455,55.742914],[10.89793,55.743694],[10.91429,55.74711],[10.919115,55.748524],[10.919794,55.749131],[10.921552,55.748947],[10.924067,55.7495],[10.929675,55.749799],[10.934236,55.749302],[10.94179,55.749262],[10.945116,55.750518],[10.943782,55.75167],[10.944261,55.752063],[10.944861,55.752126],[10.945414,55.751933],[10.944382,55.751992],[10.944255,55.751397],[10.94516,55.751785],[10.945446,55.750142],[10.946879,55.7498],[10.95616,55.749763],[10.961136,55.748743],[10.970538,55.748536],[10.986302,55.746527],[10.998205,55.74329],[11.002558,55.742899],[11.005267,55.741938],[11.007513,55.741783],[11.007765,55.74054],[11.009578,55.739312],[11.017567,55.736663],[11.02168,55.736062],[11.027574,55.736122],[11.038739,55.733117],[11.04152,55.732823],[11.043205,55.731902],[11.045938,55.731727],[11.059601,55.732655],[11.074569,55.734756],[11.08073,55.735107],[11.084152,55.735828],[11.108482,55.743165],[11.111303,55.744727],[11.113014,55.744997],[11.122347,55.749921],[11.12829,55.752227],[11.133141,55.752584],[11.135858,55.751691],[11.137922,55.751547],[11.144012,55.753231],[11.146241,55.753323],[11.148695,55.751737],[11.151092,55.751074],[11.155859,55.750774],[11.160509,55.751091],[11.16746,55.752292],[11.176354,55.754705],[11.178682,55.753789],[11.180687,55.750137],[11.180939,55.747986],[11.184296,55.745724],[11.185713,55.744023],[11.18737,55.739215],[11.186266,55.740933],[11.184902,55.74064],[11.186793,55.73753],[11.191129,55.735011],[11.195939,55.733288],[11.196052,55.732792],[11.19745,55.732365],[11.196641,55.73226],[11.196712,55.731873],[11.211444,55.732104],[11.21273,55.732432],[11.214202,55.735053],[11.217246,55.735751],[11.217794,55.736302],[11.219037,55.739497],[11.216158,55.742129],[11.21634,55.741476],[11.215553,55.741617],[11.215033,55.742463],[11.216483,55.746318],[11.222707,55.747657],[11.224303,55.747241],[11.225453,55.745328],[11.227484,55.744217],[11.227961,55.742594],[11.229767,55.742006],[11.230623,55.742307],[11.229993,55.741696],[11.230524,55.741293],[11.236253,55.739937],[11.239686,55.73777],[11.241786,55.737075],[11.242812,55.736056],[11.244916,55.735753],[11.245248,55.734922],[11.246979,55.734319],[11.247738,55.732534],[11.249777,55.731551],[11.254823,55.729858],[11.260401,55.729778],[11.265124,55.730231],[11.269924,55.731443],[11.281983,55.736996],[11.28576,55.739538],[11.291067,55.745056],[11.292415,55.747222],[11.293137,55.751667],[11.291419,55.753457],[11.287511,55.753894],[11.285505,55.755065],[11.287356,55.754882],[11.289515,55.755696],[11.292981,55.753619],[11.29745,55.754509],[11.299079,55.753813],[11.300694,55.753778],[11.304101,55.752001],[11.304451,55.751116],[11.302917,55.751938],[11.3028,55.751588],[11.301799,55.751956],[11.30068,55.753146],[11.297569,55.754268],[11.296562,55.754189],[11.297091,55.752784],[11.295776,55.75252],[11.298364,55.750356],[11.29726,55.750511],[11.296623,55.749991],[11.296532,55.748757],[11.297798,55.748398],[11.297577,55.747705],[11.298483,55.747637],[11.297727,55.747176],[11.299848,55.745042],[11.303841,55.744493],[11.30368,55.742771],[11.306543,55.746561],[11.305352,55.747758],[11.305268,55.749975],[11.307474,55.752605],[11.309638,55.753976],[11.31155,55.75434],[11.320747,55.753573],[11.322417,55.753934],[11.322239,55.755145],[11.326059,55.754843],[11.322714,55.754796],[11.322576,55.753538],[11.324102,55.753382],[11.323761,55.754472],[11.324273,55.753598],[11.325098,55.753695],[11.325265,55.754161],[11.325557,55.754465],[11.325468,55.753846],[11.326871,55.754169],[11.326843,55.755003],[11.327267,55.754417],[11.32625,55.75355],[11.327213,55.753094],[11.336758,55.754037],[11.340756,55.75507],[11.341194,55.755727],[11.34209,55.755323],[11.347583,55.756847],[11.353889,55.759761],[11.361713,55.7652],[11.366481,55.767485],[11.367278,55.767225],[11.36556,55.766297],[11.370599,55.768139],[11.370873,55.769944],[11.380213,55.777311],[11.382211,55.780481],[11.382929,55.784003],[11.382062,55.781439],[11.380112,55.778816],[11.377364,55.777475],[11.377134,55.778894],[11.38101,55.78455],[11.382667,55.788686],[11.382299,55.790285],[11.377982,55.794356],[11.377732,55.796598],[11.375979,55.797944],[11.375943,55.80437],[11.377949,55.809009],[11.375584,55.81279],[11.377331,55.820402],[11.375552,55.827195],[11.374603,55.828154],[11.373528,55.832422],[11.37152,55.836056],[11.369711,55.83824],[11.365791,55.840963],[11.362098,55.842237],[11.356838,55.840484],[11.355143,55.840445],[11.354196,55.840747],[11.354955,55.840759],[11.356233,55.841759],[11.357582,55.843771],[11.359319,55.843931],[11.360955,55.845331],[11.36305,55.845538],[11.363818,55.844624],[11.368716,55.843282],[11.369444,55.841904],[11.374412,55.840397],[11.375816,55.836781],[11.376774,55.835981],[11.385033,55.833844],[11.388191,55.831092],[11.393306,55.830629],[11.398663,55.831152],[11.406713,55.832908],[11.422332,55.839196],[11.433726,55.842271],[11.439722,55.844259],[11.444773,55.84677],[11.449985,55.848],[11.462695,55.847039],[11.465393,55.847303],[11.470395,55.848678],[11.472224,55.84867],[11.480276,55.846023],[11.484654,55.845725],[11.493068,55.847281],[11.499052,55.850179],[11.507179,55.856532],[11.515936,55.865988],[11.520716,55.873643],[11.524166,55.88311],[11.525178,55.884154],[11.526497,55.884231],[11.528065,55.883822],[11.527158,55.883922],[11.526062,55.883361],[11.526088,55.880964],[11.5245,55.878694],[11.524969,55.878263],[11.524308,55.878316],[11.525768,55.877545],[11.524183,55.876354],[11.523817,55.875328],[11.524863,55.874459],[11.526254,55.875121],[11.525875,55.877384],[11.526933,55.877519],[11.526361,55.878727],[11.528051,55.879366],[11.528297,55.880064],[11.526312,55.880785],[11.528105,55.880713],[11.528713,55.882656],[11.529682,55.882832],[11.528326,55.883929],[11.529324,55.884251],[11.53113,55.886385],[11.530751,55.887763],[11.531357,55.888611],[11.529569,55.89056],[11.529847,55.891928],[11.528228,55.892504],[11.529647,55.892444],[11.530363,55.892926],[11.531255,55.894982],[11.528941,55.895811],[11.529832,55.896423],[11.530046,55.898004],[11.529622,55.900696],[11.528103,55.902335],[11.525673,55.897849],[11.526706,55.895651],[11.529462,55.894967],[11.529051,55.894336],[11.528434,55.894726],[11.528016,55.894156],[11.52912,55.894],[11.527756,55.893882],[11.527592,55.893068],[11.526506,55.892675],[11.527641,55.889381],[11.527109,55.886729],[11.528602,55.886941],[11.528832,55.886487],[11.528026,55.886453],[11.527752,55.886042],[11.52878,55.88622],[11.529085,55.88581],[11.530139,55.885519],[11.52815,55.885315],[11.526448,55.886138],[11.524789,55.887621],[11.524069,55.889676],[11.523065,55.897166],[11.525817,55.907623],[11.526132,55.917729],[11.522633,55.926693],[11.518674,55.930607],[11.516078,55.932196],[11.512452,55.933436],[11.507946,55.932954],[11.501291,55.937592],[11.497681,55.938775],[11.494544,55.940435],[11.481485,55.942924],[11.471783,55.946933],[11.463906,55.94886],[11.448948,55.949892],[11.435612,55.949836],[11.428561,55.94931],[11.423404,55.950432],[11.414256,55.95076],[11.409247,55.951901],[11.404378,55.952433],[11.392038,55.952687],[11.383966,55.953661],[11.377656,55.953065],[11.374137,55.954073],[11.363949,55.958264],[11.357598,55.959963],[11.354144,55.962074],[11.347071,55.9646],[11.343515,55.966785],[11.335125,55.969589],[11.331701,55.970248],[11.322771,55.970601],[11.309284,55.975355],[11.303703,55.974613],[11.300697,55.971871],[11.300115,55.971723],[11.30267,55.974218],[11.300426,55.974707],[11.299846,55.973674],[11.299902,55.974598],[11.299059,55.974534],[11.299053,55.975218],[11.298088,55.975346],[11.297283,55.973684],[11.297766,55.971862],[11.297058,55.973698],[11.297216,55.974908],[11.295897,55.976566],[11.292286,55.979071],[11.29025,55.981653],[11.286067,55.991196],[11.285339,55.996077],[11.283912,55.99959],[11.282285,56.001262],[11.281608,56.003132],[11.277943,56.006295],[11.276867,56.0088],[11.277477,56.010618],[11.279661,56.009262],[11.287005,56.001334],[11.293908,55.996585],[11.297317,55.992507],[11.300529,55.990428],[11.305426,55.9882],[11.315805,55.985069],[11.349536,55.978446],[11.360898,55.973876],[11.365719,55.972915],[11.367518,55.973178],[11.37135,55.972536],[11.372059,55.972193],[11.36741,55.97301],[11.366606,55.972679],[11.368474,55.972009],[11.368848,55.97254],[11.368622,55.971874],[11.370042,55.971403],[11.370903,55.972185],[11.370746,55.971282],[11.372208,55.970949],[11.372626,55.971382],[11.372397,55.970937],[11.382309,55.967265],[11.3988,55.965707],[11.412096,55.962999],[11.422932,55.961533],[11.428972,55.961715],[11.441936,55.960785],[11.448376,55.961042],[11.449041,55.960721],[11.454657,55.960863],[11.456535,55.960431],[11.464388,55.960513],[11.471582,55.959784],[11.48241,55.960494],[11.486035,55.959607],[11.4889,55.957838],[11.497024,55.955623],[11.509346,55.953417],[11.514685,55.951936],[11.521151,55.951442],[11.536704,55.952201],[11.553376,55.954489],[11.566318,55.956902],[11.583544,55.961688],[11.591599,55.961815],[11.596016,55.959756],[11.596252,55.958963],[11.595634,55.959713],[11.594796,55.959643],[11.596339,55.958795],[11.595651,55.957968],[11.596763,55.955156],[11.601589,55.950847],[11.609101,55.945727],[11.612804,55.944237],[11.617557,55.943174],[11.625906,55.94246],[11.626086,55.941013],[11.627586,55.940113],[11.635005,55.93878],[11.645796,55.938956],[11.651471,55.93953],[11.657783,55.940667],[11.674574,55.945029],[11.691435,55.946607],[11.706108,55.949607],[11.713,55.951685],[11.72266,55.95543],[11.733221,55.961048],[11.738476,55.964439],[11.747759,55.968244],[11.749863,55.968873],[11.750494,55.968694],[11.753352,55.970513],[11.755162,55.970285],[11.767038,55.973577],[11.777071,55.977159],[11.779247,55.974637],[11.779506,55.972245],[11.785195,55.965718],[11.791166,55.957044],[11.791607,55.954767],[11.790952,55.952432],[11.792157,55.948958],[11.789509,55.947602],[11.788728,55.947712],[11.787645,55.949783],[11.788993,55.95061],[11.789016,55.951331],[11.788539,55.95254],[11.787488,55.953056],[11.783188,55.953704],[11.778611,55.953483],[11.774564,55.951819],[11.767545,55.946189],[11.767041,55.945524],[11.769639,55.944453],[11.769797,55.944198],[11.767465,55.945249],[11.766367,55.945174],[11.769101,55.944009],[11.767866,55.943756],[11.76827,55.944069],[11.767139,55.944527],[11.766062,55.944219],[11.767324,55.943064],[11.768599,55.943665],[11.767774,55.943004],[11.767148,55.943062],[11.765297,55.944067],[11.763211,55.944171],[11.758342,55.942722],[11.754675,55.940472],[11.754498,55.937137],[11.752149,55.934189],[11.752129,55.930417],[11.749827,55.927527],[11.748652,55.924148],[11.749217,55.920797],[11.750242,55.919778],[11.751265,55.920027],[11.749996,55.91924],[11.750102,55.917531],[11.752231,55.914991],[11.75282,55.912896],[11.753622,55.912553],[11.752494,55.906926],[11.752933,55.906114],[11.751131,55.904695],[11.743501,55.901716],[11.73975,55.901012],[11.733615,55.898835],[11.724073,55.900087],[11.710951,55.903769],[11.708795,55.907833],[11.710398,55.911116],[11.709853,55.912261],[11.708945,55.912616],[11.696835,55.914713],[11.692932,55.914178],[11.689309,55.911945],[11.687843,55.911759],[11.685911,55.913764],[11.681592,55.914872],[11.678858,55.915096],[11.67743,55.914664],[11.677056,55.913963],[11.677545,55.915056],[11.675372,55.916622],[11.674613,55.916338],[11.675423,55.916401],[11.674783,55.916145],[11.675594,55.916207],[11.674959,55.915951],[11.675643,55.915979],[11.675128,55.915758],[11.675814,55.915786],[11.675299,55.915564],[11.675988,55.915593],[11.675816,55.914879],[11.676935,55.914298],[11.676064,55.913615],[11.674835,55.91327],[11.673225,55.914736],[11.668708,55.913442],[11.669206,55.91225],[11.673746,55.913195],[11.673908,55.912618],[11.675997,55.912778],[11.673828,55.912441],[11.67039,55.909784],[11.670202,55.906963],[11.670849,55.905937],[11.669685,55.904623],[11.67026,55.903401],[11.669825,55.901289],[11.670332,55.901163],[11.668869,55.900416],[11.665528,55.894765],[11.665076,55.892347],[11.666372,55.890975],[11.666098,55.888242],[11.667724,55.886866],[11.668524,55.880875],[11.671449,55.879212],[11.68152,55.877244],[11.691524,55.874398],[11.692054,55.873441],[11.694632,55.872036],[11.700557,55.866589],[11.704103,55.864847],[11.708839,55.861236],[11.708044,55.860587],[11.708359,55.859595],[11.71364,55.852634],[11.713765,55.851382],[11.717228,55.848533],[11.718994,55.847854],[11.718878,55.847282],[11.720355,55.846094],[11.725529,55.843307],[11.729015,55.839146],[11.730991,55.836515],[11.731127,55.835143],[11.731916,55.8352],[11.731604,55.833843],[11.732763,55.831944],[11.732386,55.830629],[11.733943,55.828594],[11.734699,55.825622],[11.73774,55.825423],[11.737545,55.824189],[11.737181,55.825339],[11.73427,55.825372],[11.734908,55.8242],[11.732959,55.822325],[11.733269,55.820715],[11.726457,55.815201],[11.722152,55.812936],[11.71709,55.807394],[11.714536,55.806123],[11.710558,55.810635],[11.705228,55.810132],[11.693651,55.812363],[11.686259,55.815558],[11.678768,55.817363],[11.675175,55.816919],[11.671214,55.817073],[11.667325,55.817417],[11.664495,55.818152],[11.664333,55.817065],[11.664034,55.818462],[11.663624,55.818519],[11.648699,55.808611],[11.648526,55.807902],[11.649791,55.807213],[11.652352,55.807371],[11.650272,55.807096],[11.650455,55.806785],[11.655603,55.803859],[11.652934,55.803933],[11.64878,55.803193],[11.64775,55.802619],[11.646476,55.79952],[11.645052,55.798649],[11.647282,55.795272],[11.646727,55.794466],[11.644976,55.793476],[11.63956,55.792785],[11.635401,55.791596],[11.626585,55.787909],[11.623311,55.787807],[11.61718,55.786762],[11.610786,55.784562],[11.609065,55.781769],[11.609743,55.7802],[11.612499,55.780798],[11.617921,55.780459],[11.618536,55.778701],[11.618007,55.778185],[11.617557,55.780211],[11.615116,55.78034],[11.614858,55.779375],[11.614678,55.780373],[11.613089,55.780458],[11.612826,55.779273],[11.611927,55.780231],[11.610781,55.779814],[11.611888,55.779362],[11.609888,55.779895],[11.611204,55.779308],[11.612263,55.779309],[11.613267,55.779098],[11.612075,55.779258],[11.61117,55.778955],[11.612124,55.779105],[11.613147,55.778935],[11.612713,55.778718],[11.613308,55.778283],[11.630983,55.771723],[11.631819,55.771888],[11.631344,55.773106],[11.631943,55.773268],[11.6331,55.772063],[11.639518,55.773307],[11.656117,55.772968],[11.662203,55.774058],[11.664579,55.775194],[11.66765,55.775353],[11.675899,55.778122],[11.678998,55.780224],[11.68029,55.7828],[11.685062,55.785049],[11.691747,55.78507],[11.696714,55.785752],[11.698705,55.786606],[11.700045,55.787895],[11.702025,55.788287],[11.702514,55.79049],[11.704086,55.790214],[11.705928,55.790779],[11.708312,55.790746],[11.713974,55.79026],[11.716488,55.790961],[11.722046,55.79153],[11.72732,55.795641],[11.732171,55.796555],[11.73266,55.795954],[11.735134,55.795216],[11.734064,55.794529],[11.735175,55.793485],[11.744104,55.789169],[11.744241,55.786867],[11.746297,55.785404],[11.746004,55.784077],[11.748377,55.780885],[11.747802,55.78058],[11.747872,55.77729],[11.749179,55.774104],[11.751774,55.772074],[11.757612,55.769778],[11.758014,55.768446],[11.759307,55.767971],[11.760986,55.765652],[11.759947,55.764473],[11.755518,55.762351],[11.752793,55.76285],[11.750536,55.766427],[11.752755,55.769127],[11.75216,55.769913],[11.749467,55.770783],[11.744729,55.768608],[11.74072,55.765907],[11.741304,55.763697],[11.742797,55.762036],[11.742121,55.761616],[11.743775,55.761075],[11.747605,55.757147],[11.75068,55.756952],[11.751598,55.756622],[11.751162,55.756247],[11.752418,55.757008],[11.751728,55.756361],[11.754465,55.755646],[11.755616,55.754599],[11.76135,55.752983],[11.766686,55.752567],[11.769137,55.751136],[11.769504,55.7529],[11.770237,55.744506],[11.769629,55.744109],[11.768952,55.743916],[11.769716,55.744395],[11.768332,55.745024],[11.763347,55.745201],[11.760451,55.743252],[11.756767,55.742431],[11.75512,55.741803],[11.754526,55.740988],[11.750741,55.740181],[11.748858,55.739019],[11.746609,55.73919],[11.744158,55.738579],[11.738235,55.738968],[11.737699,55.739425],[11.73596,55.739582],[11.730447,55.73946],[11.727738,55.739009],[11.724238,55.736869],[11.720442,55.735797],[11.707672,55.735707],[11.708416,55.73492],[11.708165,55.734096],[11.708246,55.73493],[11.707362,55.735584],[11.706026,55.734602],[11.70735,55.733975],[11.704802,55.734812],[11.693523,55.73558],[11.6854,55.735585],[11.684117,55.735008],[11.675582,55.734524],[11.670918,55.733465],[11.661499,55.73411],[11.653123,55.732089],[11.651712,55.731003],[11.653215,55.729982],[11.654396,55.727336],[11.657247,55.725127],[11.652299,55.724485],[11.654967,55.723221],[11.654163,55.723165],[11.654351,55.722159],[11.652254,55.721222],[11.654272,55.720311],[11.655572,55.720531],[11.662705,55.719371],[11.663325,55.719682],[11.662639,55.716579],[11.667742,55.715524],[11.677402,55.716484],[11.682801,55.718095],[11.695941,55.718943],[11.695876,55.719888],[11.695229,55.719827],[11.69534,55.720403],[11.695426,55.719973],[11.695987,55.72021],[11.695973,55.718944],[11.702513,55.719148],[11.706011,55.719584],[11.708932,55.721407],[11.708001,55.720129],[11.709292,55.719973],[11.708946,55.720713],[11.709872,55.720405],[11.709489,55.719937],[11.710591,55.719912],[11.710007,55.72039],[11.711265,55.720443],[11.71108,55.720949],[11.709445,55.721048],[11.717427,55.723383],[11.717868,55.722996],[11.716853,55.723132],[11.713298,55.721915],[11.713314,55.720218],[11.713606,55.720838],[11.721523,55.720164],[11.72195,55.721294],[11.720256,55.722083],[11.721192,55.722978],[11.720328,55.723479],[11.724352,55.721999],[11.723241,55.720798],[11.72524,55.720619],[11.725345,55.720971],[11.72401,55.721445],[11.725695,55.720976],[11.725387,55.720556],[11.725952,55.720921],[11.732661,55.719793],[11.738109,55.720363],[11.746192,55.722121],[11.749495,55.72326],[11.752189,55.723105],[11.75614,55.722152],[11.757339,55.722577],[11.758745,55.725552],[11.759921,55.725851],[11.759028,55.725437],[11.757742,55.722642],[11.761536,55.72201],[11.762584,55.724381],[11.760025,55.726452],[11.76327,55.72401],[11.76241,55.721856],[11.768746,55.720565],[11.772565,55.722715],[11.774394,55.725069],[11.77489,55.727079],[11.770646,55.728967],[11.764302,55.729429],[11.763221,55.73031],[11.763937,55.731968],[11.76614,55.732431],[11.766881,55.733383],[11.770936,55.731576],[11.773128,55.729834],[11.773138,55.728226],[11.775902,55.726652],[11.780353,55.725517],[11.78389,55.723537],[11.78938,55.715806],[11.793109,55.712525],[11.792262,55.712161],[11.792562,55.707495],[11.790597,55.703002],[11.791037,55.700765],[11.792201,55.699415],[11.793167,55.69913],[11.79359,55.699494],[11.794243,55.698142],[11.798725,55.696825],[11.800978,55.697163],[11.802131,55.698231],[11.803693,55.69803],[11.807439,55.693275],[11.806547,55.690874],[11.807317,55.689715],[11.807316,55.687244],[11.808703,55.686646],[11.811785,55.686306],[11.810939,55.685342],[11.811431,55.684797],[11.810215,55.684314],[11.80772,55.683923],[11.805345,55.684718],[11.802708,55.683082],[11.805019,55.681686],[11.804739,55.678506],[11.807376,55.674241],[11.808474,55.67375],[11.81133,55.673533],[11.80784,55.673439],[11.80768,55.672933],[11.808656,55.672683],[11.80417,55.673469],[11.802881,55.675096],[11.804298,55.67864],[11.804056,55.679609],[11.803126,55.680542],[11.800829,55.6815],[11.797626,55.681576],[11.796311,55.680055],[11.793853,55.680405],[11.792422,55.680055],[11.789625,55.681808],[11.788634,55.680976],[11.789385,55.679708],[11.788409,55.675768],[11.789287,55.67516],[11.789778,55.673174],[11.788842,55.67224],[11.789579,55.671309],[11.787952,55.670159],[11.781097,55.670292],[11.780715,55.668579],[11.779861,55.669078],[11.778049,55.669139],[11.776515,55.668582],[11.775623,55.667396],[11.775862,55.665437],[11.774819,55.664054],[11.771979,55.662396],[11.770478,55.662277],[11.769291,55.660935],[11.769532,55.659245],[11.770541,55.658684],[11.771642,55.659209],[11.773645,55.658626],[11.782331,55.658306],[11.782186,55.659985],[11.780899,55.660721],[11.780432,55.661902],[11.780698,55.662262],[11.781938,55.66226],[11.782458,55.662925],[11.784408,55.663194],[11.785444,55.662572],[11.787222,55.662866],[11.789949,55.659986],[11.790938,55.660232],[11.791811,55.661804],[11.794008,55.661859],[11.7946,55.662408],[11.795987,55.661725],[11.797001,55.662576],[11.798466,55.662646],[11.798774,55.663072],[11.800836,55.662538],[11.801242,55.661278],[11.802877,55.661048],[11.803286,55.660442],[11.805556,55.661388],[11.808664,55.664098],[11.813015,55.666783],[11.814327,55.671086],[11.813103,55.673707],[11.814917,55.674113],[11.818721,55.678194],[11.821409,55.67883],[11.823578,55.680722],[11.829048,55.682853],[11.828273,55.685228],[11.826735,55.68665],[11.830678,55.693117],[11.831605,55.692611],[11.833571,55.689152],[11.832407,55.685608],[11.830418,55.685093],[11.830208,55.683864],[11.831861,55.681602],[11.833897,55.682285],[11.832943,55.683874],[11.833789,55.683585],[11.834197,55.682323],[11.836223,55.682938],[11.839034,55.688068],[11.83801,55.689758],[11.838609,55.693449],[11.837832,55.695102],[11.837009,55.695286],[11.837817,55.695326],[11.837581,55.695712],[11.836683,55.69552],[11.837299,55.696112],[11.837298,55.698985],[11.840645,55.704433],[11.840526,55.707908],[11.842331,55.709567],[11.84426,55.713362],[11.848149,55.71649],[11.850187,55.720181],[11.852347,55.722315],[11.856041,55.729951],[11.858181,55.731719],[11.859144,55.731887],[11.859989,55.731457],[11.864973,55.731842],[11.86806,55.733232],[11.870142,55.73364],[11.870673,55.73443],[11.872118,55.734229],[11.876265,55.737133],[11.875443,55.73791],[11.873204,55.73784],[11.871623,55.737247],[11.865661,55.737814],[11.863475,55.73664],[11.861714,55.736869],[11.859468,55.7355],[11.857245,55.736112],[11.854509,55.741434],[11.855938,55.745134],[11.856394,55.752062],[11.855368,55.752741],[11.853321,55.753054],[11.850572,55.75112],[11.849145,55.752248],[11.848195,55.755131],[11.847609,55.755598],[11.846029,55.755616],[11.846,55.756123],[11.847759,55.755725],[11.849969,55.756232],[11.850169,55.757034],[11.850856,55.757278],[11.8504,55.756059],[11.85144,55.756597],[11.851755,55.755529],[11.853371,55.755696],[11.854925,55.757388],[11.854319,55.759072],[11.855371,55.760887],[11.858263,55.761999],[11.858823,55.762842],[11.859742,55.769456],[11.857379,55.772537],[11.861792,55.778022],[11.861893,55.781858],[11.862642,55.782625],[11.861605,55.784937],[11.862595,55.78685],[11.862193,55.788532],[11.8605,55.788836],[11.86207,55.7886],[11.86245,55.789078],[11.862627,55.791744],[11.864358,55.794794],[11.864248,55.79531],[11.862757,55.794989],[11.864244,55.795324],[11.864411,55.796393],[11.869139,55.798604],[11.869566,55.799256],[11.872705,55.798915],[11.873059,55.798324],[11.878564,55.800795],[11.878871,55.801365],[11.877966,55.802337],[11.87987,55.803789],[11.88058,55.805272],[11.880611,55.807607],[11.879879,55.809232],[11.879086,55.809256],[11.880171,55.809339],[11.877206,55.809657],[11.877041,55.809315],[11.877311,55.812387],[11.876142,55.812306],[11.876005,55.811259],[11.876389,55.811416],[11.876534,55.811346],[11.875115,55.810369],[11.87605,55.812312],[11.877233,55.812446],[11.877747,55.813003],[11.877848,55.813975],[11.879736,55.814021],[11.87982,55.812747],[11.88029,55.81397],[11.889211,55.816525],[11.891948,55.816678],[11.893878,55.815534],[11.896915,55.816765],[11.896896,55.81751],[11.898225,55.817056],[11.904008,55.818697],[11.905301,55.818227],[11.90914,55.818775],[11.913129,55.820468],[11.914635,55.819701],[11.916292,55.820082],[11.917423,55.819851],[11.918248,55.818052],[11.921367,55.816645],[11.92416,55.816602],[11.925889,55.817614],[11.927804,55.817736],[11.930063,55.817064],[11.934314,55.817881],[11.935371,55.819395],[11.93549,55.821486],[11.939885,55.821425],[11.942296,55.821915],[11.943762,55.823119],[11.944541,55.823117],[11.946776,55.827909],[11.947455,55.827929],[11.947295,55.82686],[11.948512,55.827923],[11.947739,55.830509],[11.948835,55.830245],[11.949236,55.830933],[11.950031,55.831047],[11.950153,55.832334],[11.948849,55.832983],[11.949782,55.832937],[11.95115,55.835708],[11.953627,55.836999],[11.953321,55.837609],[11.955086,55.839323],[11.954157,55.83955],[11.954007,55.840199],[11.955734,55.840719],[11.956517,55.841692],[11.956119,55.842402],[11.958701,55.845798],[11.958468,55.846954],[11.960088,55.851852],[11.957235,55.855132],[11.957005,55.85684],[11.954891,55.859934],[11.950515,55.863597],[11.947037,55.86874],[11.944541,55.871262],[11.943474,55.871592],[11.939493,55.871434],[11.935936,55.872471],[11.932528,55.875401],[11.930526,55.878096],[11.929031,55.880756],[11.92917,55.884459],[11.93008,55.888905],[11.931396,55.889861],[11.931179,55.891292],[11.929052,55.8925],[11.928052,55.892075],[11.927714,55.892561],[11.929131,55.892734],[11.928685,55.893246],[11.927687,55.893507],[11.926551,55.893168],[11.926247,55.894876],[11.924134,55.896202],[11.922122,55.90022],[11.921128,55.900833],[11.919825,55.900632],[11.921059,55.902227],[11.920446,55.904248],[11.91861,55.904454],[11.917652,55.90531],[11.916257,55.90467],[11.917493,55.905547],[11.9113,55.911427],[11.902483,55.917764],[11.900991,55.92106],[11.902622,55.924703],[11.904768,55.927288],[11.906487,55.931746],[11.906044,55.936078],[11.905012,55.937264],[11.904837,55.93796],[11.90727,55.935931],[11.905505,55.937553],[11.908255,55.936174],[11.911886,55.935512],[11.918077,55.935482],[11.927537,55.934414],[11.934747,55.934157],[11.940582,55.933153],[11.949835,55.932415],[11.952925,55.931404],[11.95502,55.929891],[11.956057,55.93043],[11.958693,55.930204],[11.960307,55.929366],[11.964387,55.929547],[11.971157,55.924906],[11.976262,55.918083],[11.978813,55.9163],[11.979766,55.916233],[11.983112,55.914117],[11.984204,55.913945],[11.98342,55.913519],[11.985015,55.913879],[11.986272,55.913439],[11.987248,55.913762],[11.988529,55.913366],[11.990454,55.913516],[11.991681,55.912873],[11.99377,55.912665],[11.995145,55.91378],[11.996403,55.913699],[11.997881,55.914313],[12.000559,55.913659],[12.001827,55.914757],[12.003557,55.915302],[12.004731,55.915191],[12.006339,55.913357],[12.00785,55.913074],[12.010878,55.910809],[12.013502,55.910816],[12.016023,55.908876],[12.017452,55.908708],[12.017795,55.90915],[12.017664,55.908452],[12.019476,55.907768],[12.020288,55.90802],[12.02232,55.907263],[12.022442,55.908134],[12.022947,55.90806],[12.024439,55.906299],[12.026275,55.900672],[12.032177,55.901662],[12.024984,55.899828],[12.023266,55.898553],[12.021517,55.895877],[12.017806,55.894148],[12.015845,55.892147],[12.010916,55.890174],[12.008807,55.888344],[12.008435,55.887391],[12.009268,55.887621],[12.009364,55.887018],[12.008068,55.884408],[12.004036,55.882394],[12.002538,55.882304],[12.001016,55.882841],[12.001617,55.882195],[12.000301,55.879408],[12.000365,55.877894],[12.001064,55.877393],[11.99927,55.876691],[11.999207,55.875438],[12.001811,55.87264],[12.000441,55.871651],[12.000423,55.870164],[11.999486,55.87007],[12.000552,55.869968],[11.999814,55.86976],[12.000041,55.867831],[11.997984,55.863995],[11.99709,55.863814],[11.998628,55.863027],[11.997916,55.862067],[11.999392,55.860757],[11.999001,55.860426],[12.000419,55.859878],[12.002089,55.860543],[12.0005,55.859677],[12.001556,55.859865],[12.000803,55.859249],[12.001983,55.859036],[12.001475,55.858491],[12.002821,55.859241],[12.002282,55.85841],[12.002981,55.858853],[12.004286,55.857676],[12.005452,55.85783],[12.005785,55.857108],[12.008267,55.856542],[12.008968,55.85813],[12.009645,55.858202],[12.00865,55.856203],[12.00922,55.856219],[12.009685,55.857854],[12.009932,55.855654],[12.014422,55.855608],[12.018407,55.854515],[12.021007,55.853159],[12.026351,55.852595],[12.029855,55.851321],[12.032957,55.844876],[12.033084,55.841774],[12.039282,55.843241],[12.03348,55.841288],[12.035858,55.83815],[12.036376,55.837912],[12.036787,55.838252],[12.0359,55.837517],[12.037076,55.835719],[12.036723,55.835211],[12.036072,55.835274],[12.03517,55.833036],[12.03456,55.832945],[12.036675,55.82913],[12.042574,55.832007],[12.047558,55.833141],[12.041353,55.831289],[12.036988,55.828994],[12.036541,55.827458],[12.03553,55.827518],[12.035695,55.826822],[12.036837,55.826863],[12.037374,55.825022],[12.038181,55.824932],[12.03735,55.824825],[12.036859,55.825117],[12.037214,55.824791],[12.036563,55.824745],[12.037654,55.824612],[12.03812,55.823366],[12.036044,55.819714],[12.038255,55.816494],[12.037968,55.815553],[12.038739,55.815447],[12.038215,55.815348],[12.039107,55.814477],[12.040405,55.814355],[12.041407,55.813002],[12.042872,55.81242],[12.047185,55.813124],[12.050137,55.812559],[12.051743,55.811453],[12.05266,55.809888],[12.051473,55.808536],[12.050197,55.809114],[12.048624,55.809053],[12.045328,55.806726],[12.042143,55.806737],[12.040065,55.805349],[12.040159,55.800912],[12.040752,55.79913],[12.041922,55.798525],[12.042362,55.79745],[12.043703,55.796198],[12.045528,55.796444],[12.045883,55.798475],[12.0489,55.799289],[12.051039,55.797958],[12.051058,55.797179],[12.052533,55.797505],[12.056444,55.796941],[12.057713,55.79748],[12.059422,55.797326],[12.056656,55.795658],[12.058117,55.795493],[12.056098,55.794762],[12.055698,55.793149],[12.056656,55.790791],[12.054948,55.789469],[12.055095,55.789015],[12.054035,55.788857],[12.054593,55.788696],[12.054264,55.787942],[12.053303,55.787967],[12.054172,55.787882],[12.053368,55.786851],[12.053879,55.7859],[12.052778,55.784549],[12.053691,55.784223],[12.052481,55.783008],[12.053737,55.781973],[12.052772,55.781535],[12.055206,55.780039],[12.057296,55.780333],[12.055398,55.779767],[12.055497,55.778142],[12.058943,55.775135],[12.060084,55.774788],[12.060103,55.772284],[12.061622,55.771181],[12.06128,55.770487],[12.063174,55.769905],[12.06748,55.766603],[12.063511,55.76291],[12.063687,55.760359],[12.059743,55.760083],[12.055213,55.756514],[12.054541,55.756489],[12.055935,55.755982],[12.055913,55.754507],[12.056697,55.753774],[12.058114,55.753772],[12.059951,55.753049],[12.062778,55.753515],[12.063668,55.752871],[12.063053,55.752997],[12.063552,55.752725],[12.062275,55.752207],[12.063147,55.751298],[12.061971,55.751406],[12.062184,55.750414],[12.060571,55.74959],[12.062865,55.747863],[12.061965,55.746999],[12.062662,55.746614],[12.061736,55.746653],[12.062664,55.74479],[12.061691,55.74016],[12.064073,55.739395],[12.065222,55.738345],[12.06369,55.73711],[12.062994,55.735282],[12.065069,55.734605],[12.063664,55.734158],[12.06397,55.731681],[12.062386,55.729945],[12.059992,55.731603],[12.059704,55.732867],[12.057261,55.732788],[12.055565,55.733574],[12.047415,55.733261],[12.044676,55.731094],[12.039974,55.729416],[12.039061,55.730619],[12.036836,55.731608],[12.035237,55.73134],[12.034299,55.730296],[12.034398,55.729141],[12.035236,55.729234],[12.035181,55.72906],[12.033504,55.727998],[12.030339,55.727434],[12.029592,55.727852],[12.029912,55.728332],[12.028568,55.728514],[12.025771,55.727717],[12.024528,55.725122],[12.020525,55.723225],[12.016899,55.719898],[12.015446,55.720101],[12.013817,55.719357],[12.012934,55.719996],[12.014279,55.72034],[12.013476,55.722054],[12.009638,55.721612],[12.007896,55.722059],[12.007234,55.722803],[12.008106,55.724253],[12.00913,55.724623],[12.008245,55.725139],[12.007464,55.727141],[12.008257,55.728159],[12.007237,55.734233],[12.004886,55.735161],[12.003385,55.734413],[11.999368,55.733951],[11.998216,55.733532],[11.99723,55.731523],[11.996682,55.731524],[11.993021,55.734908],[11.991219,55.740299],[11.989102,55.740737],[11.987408,55.738787],[11.98764,55.737044],[11.98578,55.735881],[11.986149,55.734159],[11.984894,55.733012],[11.985863,55.732045],[11.981264,55.730248],[11.979864,55.728687],[11.980828,55.726398],[11.98103,55.722935],[11.981845,55.721986],[11.980584,55.716528],[11.979785,55.716364],[11.98057,55.716289],[11.980906,55.716596],[11.98047,55.716133],[11.975833,55.713839],[11.972846,55.710697],[11.97223,55.708515],[11.971535,55.708566],[11.971152,55.708049],[11.971054,55.70661],[11.968994,55.705658],[11.967668,55.702794],[11.967775,55.700615],[11.964601,55.697222],[11.964165,55.695791],[11.962263,55.694839],[11.960117,55.69546],[11.95905,55.694924],[11.958256,55.692725],[11.956444,55.692659],[11.956654,55.691944],[11.95613,55.691581],[11.955607,55.691805],[11.955507,55.690843],[11.953582,55.689759],[11.954208,55.689512],[11.953765,55.687666],[11.951717,55.68747],[11.951448,55.686712],[11.949956,55.686239],[11.948435,55.684572],[11.948686,55.683657],[11.947559,55.683502],[11.946675,55.6817],[11.943256,55.679336],[11.940155,55.673553],[11.938689,55.672057],[11.938705,55.670071],[11.939102,55.670249],[11.938345,55.669805],[11.939026,55.669142],[11.938074,55.668923],[11.938967,55.669016],[11.939039,55.668871],[11.939467,55.668814],[11.939616,55.668666],[11.937432,55.668811],[11.939591,55.668575],[11.93774,55.668329],[11.937897,55.666057],[11.934372,55.666233],[11.932584,55.665386],[11.930462,55.662864],[11.930864,55.662542],[11.92996,55.661756],[11.930671,55.661399],[11.929943,55.661046],[11.930886,55.660519],[11.929771,55.659754],[11.930479,55.659736],[11.929706,55.659197],[11.930236,55.659133],[11.928369,55.657582],[11.929064,55.656087],[11.928103,55.655386],[11.928194,55.654138],[11.927329,55.653319],[11.92759,55.652132],[11.928732,55.651071],[11.930616,55.651382],[11.929688,55.650578],[11.929866,55.649098],[11.931311,55.648883],[11.932448,55.647524],[11.935895,55.648276],[11.937739,55.649989],[11.93784,55.65379],[11.940025,55.656161],[11.941654,55.660966],[11.950078,55.662872],[11.951292,55.664346],[11.952997,55.663678],[11.95168,55.662404],[11.952812,55.662852],[11.953342,55.663392],[11.952998,55.664771],[11.95022,55.665565],[11.949696,55.666248],[11.949873,55.669278],[11.951373,55.670785],[11.951937,55.672582],[11.951906,55.675804],[11.954128,55.67539],[11.959686,55.676194],[11.966072,55.675643],[11.977108,55.677666],[11.977725,55.677302],[11.980699,55.677183],[11.986725,55.677806],[11.988025,55.678462],[11.987668,55.677438],[11.988441,55.678089],[11.988176,55.677349],[11.990145,55.677062],[11.99192,55.678085],[11.992617,55.677819],[11.995625,55.678461],[11.997329,55.678333],[11.997363,55.679609],[11.993086,55.681074],[11.991017,55.683379],[11.992818,55.683437],[11.993469,55.683862],[11.99289,55.6842],[11.993369,55.685728],[11.992628,55.687893],[11.990677,55.690246],[11.987993,55.691753],[11.982452,55.691848],[11.98054,55.693511],[11.982872,55.695171],[11.989816,55.696744],[11.991739,55.69828],[11.992637,55.700911],[11.991226,55.706966],[11.992743,55.703851],[11.995177,55.702809],[12.000374,55.703069],[12.001597,55.703779],[12.001601,55.704568],[12.005719,55.705187],[12.006778,55.705976],[12.008253,55.70528],[12.008405,55.704766],[12.002415,55.700388],[12.002183,55.697843],[12.001184,55.696501],[11.998387,55.695087],[11.998298,55.69553],[11.99692,55.695325],[11.997247,55.694148],[12.000166,55.692787],[12.002579,55.692334],[12.003215,55.69273],[12.004459,55.691952],[12.005777,55.691917],[12.006015,55.691436],[12.006616,55.69223],[12.005883,55.693075],[12.007365,55.693286],[12.008073,55.695053],[12.010423,55.694932],[12.012443,55.695416],[12.012939,55.695716],[12.012022,55.69618],[12.013906,55.696613],[12.016414,55.694369],[12.019495,55.693479],[12.022913,55.693399],[12.024174,55.693861],[12.024202,55.69433],[12.025964,55.693988],[12.026963,55.694702],[12.029267,55.695085],[12.029964,55.694074],[12.031405,55.695274],[12.031986,55.693701],[12.032857,55.693201],[12.038638,55.69263],[12.044425,55.690231],[12.04117,55.688583],[12.040525,55.686068],[12.041252,55.685139],[12.043997,55.684756],[12.048312,55.685014],[12.048283,55.683376],[12.049581,55.682844],[12.05013,55.683247],[12.051054,55.683036],[12.051274,55.682327],[12.053159,55.681384],[12.052885,55.679571],[12.05034,55.678265],[12.042278,55.679627],[12.039598,55.680837],[12.039314,55.681961],[12.037312,55.68281],[12.036251,55.682754],[12.034897,55.681776],[12.032476,55.681018],[12.02966,55.680487],[12.024474,55.680794],[12.019333,55.684308],[12.015762,55.685828],[12.015235,55.686826],[12.014182,55.686568],[12.014486,55.687111],[12.010516,55.686624],[12.008611,55.687095],[12.008371,55.688235],[12.007057,55.68802],[12.003989,55.688883],[12.003217,55.689831],[12.00158,55.689461],[11.998579,55.689725],[11.996159,55.687557],[11.997136,55.686486],[11.996325,55.686331],[11.996539,55.685614],[11.99887,55.68461],[12.002181,55.685599],[12.004332,55.685125],[12.005464,55.685552],[12.007175,55.684795],[12.006527,55.684019],[12.008021,55.683299],[12.008572,55.681338],[12.006947,55.681303],[12.00598,55.679858],[12.007615,55.679729],[12.008497,55.680216],[12.007567,55.678988],[12.009872,55.678044],[12.009297,55.677137],[12.010746,55.676862],[12.012069,55.674492],[12.0113,55.672975],[12.009216,55.672865],[12.009199,55.670218],[12.008006,55.669213],[12.009222,55.669065],[12.010113,55.670109],[12.011635,55.669731],[12.007301,55.667998],[12.008829,55.667072],[12.011072,55.667532],[12.01196,55.666761],[12.011275,55.667596],[12.012995,55.668395],[12.014189,55.670171],[12.015078,55.670155],[12.01666,55.671361],[12.01797,55.671215],[12.018801,55.671578],[12.022985,55.670985],[12.02386,55.668727],[12.024978,55.668088],[12.025777,55.668446],[12.026461,55.668015],[12.027591,55.668225],[12.027936,55.667705],[12.028197,55.668066],[12.030309,55.668248],[12.031504,55.668786],[12.032437,55.670248],[12.035665,55.671623],[12.036918,55.670934],[12.039033,55.670747],[12.039254,55.66979],[12.042301,55.66814],[12.043311,55.669143],[12.043896,55.671789],[12.045514,55.672708],[12.046959,55.672777],[12.0506,55.674132],[12.052763,55.673765],[12.055272,55.672666],[12.057953,55.672828],[12.057829,55.673525],[12.058569,55.673632],[12.058786,55.672544],[12.057784,55.67101],[12.058965,55.670539],[12.059113,55.669702],[12.05826,55.669079],[12.058302,55.669729],[12.057208,55.669509],[12.05723,55.668746],[12.057937,55.668386],[12.058325,55.668751],[12.06033,55.668614],[12.061876,55.666725],[12.056225,55.663265],[12.055726,55.661675],[12.056431,55.657053],[12.058493,55.65637],[12.065552,55.655955],[12.06723,55.655001],[12.070257,55.655455],[12.072025,55.652827],[12.074871,55.65201],[12.076222,55.650776],[12.077201,55.650824],[12.077121,55.650357],[12.078023,55.650538],[12.078175,55.649933],[12.079978,55.649857],[12.080175,55.650898],[12.082818,55.651526],[12.085138,55.653198],[12.086488,55.655068],[12.085811,55.655883],[12.086594,55.660093],[12.090829,55.668482],[12.090866,55.670166],[12.089773,55.670983],[12.087434,55.671295],[12.085576,55.670919],[12.084148,55.66978],[12.081869,55.669726],[12.080145,55.670913],[12.08054,55.672054],[12.079897,55.672828],[12.073778,55.674362],[12.071999,55.675512],[12.071015,55.677029],[12.069209,55.677618],[12.067987,55.678676],[12.068711,55.678089],[12.070111,55.678143],[12.070541,55.679901],[12.068852,55.679671],[12.068546,55.678991],[12.068612,55.679655],[12.071785,55.680245],[12.073254,55.68134],[12.075274,55.683859],[12.07503,55.685096],[12.076168,55.687521],[12.077953,55.688447],[12.08141,55.688686],[12.083159,55.689374],[12.084298,55.688673],[12.08545,55.689908],[12.087023,55.689247],[12.08716,55.685982],[12.08938,55.685338],[12.090833,55.68408],[12.093923,55.686115],[12.09463,55.68698],[12.093062,55.688218],[12.094968,55.688815],[12.09628,55.690271],[12.095238,55.692963],[12.093496,55.693419],[12.091645,55.692454],[12.089843,55.693504],[12.082109,55.691439],[12.083841,55.692764],[12.083324,55.694661],[12.086731,55.696707],[12.091227,55.696332],[12.095952,55.697351],[12.098802,55.696051],[12.102344,55.699371],[12.104457,55.700399],[12.106481,55.70059],[12.106671,55.701073],[12.105885,55.700839],[12.104996,55.701588],[12.106331,55.701816],[12.106303,55.702799],[12.104179,55.702602],[12.103007,55.703144],[12.10099,55.703148],[12.098705,55.70273],[12.097221,55.703527],[12.097848,55.704146],[12.098492,55.704274],[12.101061,55.703268],[12.106773,55.703205],[12.107423,55.703421],[12.107139,55.703892],[12.110102,55.703444],[12.113378,55.707291],[12.113931,55.708964],[12.112235,55.710524],[12.10834,55.710416],[12.104101,55.709713],[12.101934,55.710445],[12.101496,55.718881],[12.104061,55.720419],[12.110892,55.721485],[12.11041,55.722745],[12.108337,55.723338],[12.108523,55.724059],[12.111278,55.725923],[12.119117,55.726429],[12.119521,55.727022],[12.118904,55.72726],[12.120068,55.728002],[12.120353,55.729256],[12.119308,55.730053],[12.117995,55.730206],[12.117357,55.73103],[12.113643,55.729852],[12.108367,55.730254],[12.107374,55.729857],[12.105769,55.730234],[12.109019,55.731916],[12.109052,55.732793],[12.106026,55.734025],[12.103617,55.735964],[12.100539,55.73742],[12.096775,55.741918],[12.097005,55.743342],[12.095199,55.743579],[12.094351,55.745251],[12.095329,55.743915],[12.096534,55.743825],[12.097179,55.74621],[12.095927,55.746301],[12.094444,55.745495],[12.096009,55.746733],[12.097014,55.746433],[12.098345,55.746713],[12.101114,55.7502],[12.101136,55.751823],[12.100901,55.751979],[12.100231,55.751888],[12.100183,55.751999],[12.101306,55.752154],[12.100162,55.752118],[12.100834,55.752402],[12.100234,55.753601],[12.100853,55.755692],[12.097446,55.758235],[12.094755,55.761653],[12.09333,55.761513],[12.093128,55.7609],[12.092697,55.761892],[12.089965,55.762767],[12.085273,55.76567],[12.086202,55.766533],[12.088135,55.766146],[12.088886,55.767062],[12.088876,55.7678],[12.086913,55.768561],[12.087127,55.769115],[12.087946,55.769133],[12.086917,55.772206],[12.087642,55.775243],[12.088319,55.775644],[12.087388,55.77623],[12.087846,55.777919],[12.086429,55.779767],[12.087927,55.780921],[12.089751,55.780786],[12.086518,55.78209],[12.083907,55.78256],[12.080298,55.782553],[12.078886,55.784517],[12.073413,55.786808],[12.072691,55.788223],[12.074688,55.788333],[12.074537,55.789033],[12.075376,55.789302],[12.073524,55.792167],[12.073516,55.793607],[12.076207,55.79322],[12.077643,55.793684],[12.07848,55.795634],[12.077657,55.796187],[12.079676,55.798616],[12.078746,55.799693],[12.076435,55.800778],[12.07672,55.801672],[12.071488,55.806306],[12.071165,55.807611],[12.06862,55.808142],[12.068265,55.809033],[12.067674,55.808967],[12.068019,55.809776],[12.06708,55.809886],[12.068205,55.810023],[12.06886,55.810787],[12.069199,55.812569],[12.067596,55.815876],[12.065489,55.816812],[12.066352,55.817884],[12.065107,55.817954],[12.065233,55.820653],[12.062656,55.824104],[12.062939,55.826675],[12.061975,55.827442],[12.061138,55.827272],[12.06267,55.827611],[12.062731,55.828466],[12.059302,55.828715],[12.057021,55.827193],[12.056629,55.826151],[12.056059,55.826242],[12.057458,55.827837],[12.0569,55.831675],[12.055115,55.832896],[12.052764,55.832685],[12.052544,55.832752],[12.055163,55.833107],[12.056128,55.833756],[12.056502,55.834442],[12.057271,55.834833],[12.057077,55.83534],[12.056065,55.835442],[12.056459,55.836617],[12.053619,55.836378],[12.052742,55.835615],[12.054395,55.837225],[12.054472,55.838345],[12.053417,55.837825],[12.050722,55.840724],[12.050652,55.841849],[12.046589,55.842477],[12.043965,55.843767],[12.041295,55.843728],[12.042991,55.844797],[12.044358,55.847195],[12.044104,55.851105],[12.045468,55.856276],[12.046724,55.85793],[12.048967,55.858798],[12.053938,55.858116],[12.05436,55.858584],[12.055918,55.858111],[12.059054,55.858091],[12.059673,55.858564],[12.060139,55.858252],[12.061314,55.85933],[12.061904,55.858809],[12.062751,55.860254],[12.06407,55.860072],[12.064952,55.860765],[12.064962,55.862672],[12.064039,55.864058],[12.065488,55.866311],[12.063971,55.866427],[12.063446,55.867248],[12.06358,55.868096],[12.064501,55.868406],[12.064026,55.870453],[12.06463,55.872215],[12.065489,55.872669],[12.064798,55.873093],[12.065993,55.874179],[12.065792,55.876059],[12.066989,55.87734],[12.055611,55.885633],[12.053448,55.889491],[12.05045,55.892505],[12.048769,55.896855],[12.046419,55.900043],[12.045384,55.903876],[12.046429,55.905381],[12.046512,55.906371],[12.045819,55.906617],[12.047099,55.907987],[12.047861,55.914665],[12.046557,55.916523],[12.045916,55.919983],[12.044556,55.921328],[12.043265,55.924619],[12.040406,55.928747],[12.038464,55.931326],[12.035991,55.93332],[12.033537,55.934181],[12.029021,55.940678],[12.024331,55.944478],[12.022728,55.946478],[12.021028,55.955482],[12.018593,55.959275],[12.01727,55.959715],[12.01313,55.95762],[12.01058,55.959365],[12.011041,55.959219],[12.016104,55.961635],[12.016101,55.962596],[12.014602,55.962255],[12.013162,55.963848],[12.011557,55.963411],[12.009579,55.959967],[12.00998,55.959692],[12.004078,55.960566],[12.004701,55.961484],[12.004879,55.962982],[12.006072,55.963489],[12.006119,55.965011],[12.010406,55.96663],[12.010531,55.967378],[12.01199,55.967168],[12.011084,55.968258],[11.998383,55.962121],[11.998532,55.961187],[11.997827,55.961167],[11.997986,55.962575],[12.0039,55.965313],[12.003854,55.965752],[12.004954,55.965735],[12.010703,55.968585],[12.007437,55.9675],[12.005615,55.967663],[12.003311,55.966596],[12.003209,55.965307],[11.997142,55.962491],[11.996613,55.962506],[11.99621,55.962655],[11.997127,55.962593],[12.002274,55.964935],[12.000156,55.965815],[11.998232,55.965914],[11.999163,55.966969],[11.997856,55.967547],[11.989094,55.965048],[11.985289,55.965329],[11.979991,55.96697],[11.97566,55.966874],[11.960239,55.961542],[11.956148,55.959596],[11.949331,55.958394],[11.944495,55.955376],[11.944143,55.953034],[11.943003,55.953114],[11.940264,55.951901],[11.933035,55.949926],[11.925777,55.948612],[11.918719,55.948409],[11.907018,55.946134],[11.902254,55.944311],[11.899594,55.944244],[11.888974,55.941574],[11.886288,55.941895],[11.879003,55.944386],[11.876565,55.944251],[11.871504,55.945022],[11.86808,55.944871],[11.867313,55.944714],[11.867803,55.944247],[11.867313,55.944027],[11.869006,55.94312],[11.870274,55.943298],[11.870275,55.942602],[11.870088,55.942959],[11.868199,55.942874],[11.867046,55.943955],[11.865781,55.943994],[11.866026,55.942596],[11.867681,55.941595],[11.869962,55.942088],[11.866862,55.941302],[11.865773,55.942611],[11.864964,55.942388],[11.866962,55.941136],[11.867787,55.939911],[11.86472,55.942029],[11.854506,55.945072],[11.853667,55.945725],[11.85221,55.947883],[11.851134,55.955616],[11.84401,55.957938],[11.843206,55.958623],[11.846981,55.957036],[11.848253,55.957363],[11.847447,55.960187],[11.846842,55.960605],[11.846157,55.960294],[11.846696,55.960788],[11.845227,55.96053],[11.846424,55.961145],[11.84545,55.961025],[11.846257,55.961215],[11.845453,55.961477],[11.841144,55.959704],[11.840447,55.961983],[11.843162,55.964739],[11.842962,55.965162],[11.843787,55.96423],[11.843353,55.96458],[11.8418,55.963085],[11.844884,55.962648],[11.845585,55.963073],[11.843953,55.964029],[11.845072,55.963472],[11.848102,55.96312],[11.848067,55.963739],[11.844641,55.964131],[11.845315,55.964203],[11.844035,55.964581],[11.844812,55.965224],[11.847949,55.964798],[11.847945,55.965602],[11.846647,55.965287],[11.845212,55.965711],[11.843902,55.965285],[11.845042,55.966023],[11.843523,55.966698],[11.842061,55.965109],[11.842095,55.965818],[11.843348,55.966936],[11.84456,55.967219],[11.844246,55.967617],[11.845652,55.967158],[11.848639,55.968697],[11.848397,55.970021],[11.852433,55.975295],[11.856495,55.977367],[11.859886,55.978258],[11.860894,55.978991],[11.865871,55.980002],[11.867144,55.980885],[11.867961,55.980821],[11.868129,55.981341],[11.869094,55.981149],[11.876018,55.983615],[11.879606,55.983786],[11.879681,55.984085],[11.880208,55.98421],[11.880762,55.983963],[11.889562,55.986791],[11.891548,55.98761],[11.891068,55.987828],[11.892733,55.988005],[11.899561,55.990656],[11.899658,55.991231],[11.901843,55.991433],[11.907087,55.993897],[11.910676,55.994711],[11.916752,55.997354],[11.923473,56.001281],[11.929522,56.002863],[11.932429,56.004607],[11.933321,56.004281],[11.935969,56.005174],[11.937501,56.006015],[11.937177,56.006537],[11.939685,56.006736],[11.943207,56.008325],[11.942822,56.008789],[11.943358,56.009002],[11.945121,56.008832],[11.946607,56.009539],[11.946274,56.009923],[11.947958,56.009916],[11.950119,56.011143],[11.950953,56.010915],[11.95215,56.011422],[11.951859,56.011726],[11.953197,56.01172],[11.957653,56.013653],[11.958718,56.013581],[11.964602,56.01618],[11.965538,56.015531],[11.967401,56.015785],[11.968245,56.016538],[11.969523,56.01653],[11.971051,56.017552],[11.97246,56.017487],[12.007406,56.030425],[12.025433,56.038672],[12.040942,56.047986],[12.046312,56.049951],[12.062288,56.059309],[12.062788,56.058832],[12.064642,56.059194],[12.102339,56.074143],[12.119388,56.082163],[12.131881,56.086468],[12.137369,56.089266],[12.149265,56.093936],[12.15792,56.098491],[12.162824,56.100089],[12.174803,56.106162],[12.182756,56.109418],[12.195892,56.113125],[12.202087,56.113769],[12.204302,56.113539],[12.2101,56.114356],[12.241524,56.122071],[12.247922,56.122283],[12.274863,56.127972],[12.287015,56.129191],[12.300067,56.127629],[12.304053,56.128125],[12.310862,56.129819],[12.313055,56.128615],[12.313794,56.124916],[12.316872,56.124534],[12.319175,56.12347],[12.328932,56.121367],[12.33527,56.120482],[12.350055,56.119522],[12.354607,56.117871],[12.362135,56.113712],[12.367878,56.109988],[12.370784,56.107294],[12.375201,56.105654],[12.377291,56.104145],[12.380448,56.103471],[12.385731,56.101167],[12.394329,56.100143],[12.410271,56.099339],[12.415431,56.097879],[12.417341,56.096455],[12.421031,56.095098],[12.426985,56.093985],[12.443174,56.092788],[12.456375,56.094901],[12.456874,56.095558],[12.458412,56.096238],[12.456619,56.094875],[12.456941,56.094501],[12.458084,56.094633],[12.456856,56.09425],[12.45673,56.093416],[12.457855,56.093493],[12.457844,56.094407],[12.459455,56.094557],[12.459646,56.095363],[12.458358,56.095465],[12.459665,56.095483],[12.459208,56.096167],[12.459879,56.095594],[12.459521,56.094182],[12.463372,56.093084],[12.465167,56.093084],[12.467276,56.09372],[12.476076,56.093705],[12.482217,56.093174],[12.487633,56.09175],[12.496236,56.091567],[12.501322,56.090789],[12.505902,56.088978],[12.51886,56.086117],[12.524481,56.08415],[12.529254,56.083001],[12.531711,56.082017],[12.539376,56.080079],[12.543593,56.0784],[12.544935,56.077262],[12.545675,56.077371],[12.545756,56.076839],[12.547574,56.076278],[12.550502,56.074006],[12.559661,56.069843],[12.570751,56.06187],[12.57889,56.057535],[12.595003,56.050812],[12.600419,56.047521],[12.604804,56.045539],[12.606044,56.044055],[12.612798,56.043382],[12.616373,56.044866],[12.618338,56.044641],[12.619399,56.043849],[12.619189,56.043529],[12.618152,56.044567],[12.616449,56.044706],[12.614301,56.043871],[12.615431,56.043821],[12.61552,56.04372],[12.614391,56.043763],[12.610562,56.042248],[12.612296,56.041723],[12.613681,56.042666],[12.612932,56.041725],[12.614412,56.04144],[12.61624,56.042727],[12.615772,56.043452],[12.616994,56.0422],[12.618417,56.043156],[12.617992,56.043532],[12.618211,56.043834],[12.618778,56.043274],[12.616677,56.041859],[12.617057,56.041378],[12.62261,56.040394],[12.624338,56.03932],[12.624382,56.038597],[12.622217,56.036683],[12.620612,56.036616],[12.619387,56.034921],[12.61909,56.037074],[12.617517,56.037183],[12.61813,56.038004],[12.617119,56.038445],[12.616241,56.037229],[12.615771,56.03808],[12.615502,56.038215],[12.615941,56.037179],[12.614873,56.037527],[12.616737,56.035837],[12.616338,56.034658],[12.615069,56.034137],[12.616049,56.03419],[12.61541,56.033736],[12.618228,56.03431],[12.620067,56.034374],[12.615763,56.033345],[12.616121,56.032838],[12.618211,56.032926],[12.61431,56.031821],[12.60909,56.028812],[12.60552,56.022939],[12.600189,56.01684],[12.600239,56.015941],[12.597056,56.012936],[12.593919,56.010637],[12.590142,56.009295],[12.588955,56.008458],[12.589408,56.007882],[12.588493,56.008591],[12.587525,56.008197],[12.588785,56.007582],[12.590169,56.007906],[12.588792,56.00749],[12.587592,56.008048],[12.580034,56.005245],[12.565732,55.996591],[12.561939,55.993294],[12.562095,55.992729],[12.563109,55.992631],[12.561764,55.992648],[12.561835,55.992238],[12.563617,55.992508],[12.563888,55.992078],[12.563166,55.99226],[12.559809,55.990307],[12.554363,55.985301],[12.551555,55.979907],[12.547567,55.976033],[12.545481,55.972651],[12.546013,55.971368],[12.547168,55.971624],[12.546419,55.971205],[12.545103,55.971242],[12.545513,55.970394],[12.546952,55.971346],[12.547738,55.971458],[12.544329,55.968641],[12.540622,55.961186],[12.537105,55.957066],[12.535793,55.954352],[12.537351,55.95373],[12.535838,55.953969],[12.535266,55.953545],[12.536361,55.953168],[12.537603,55.953786],[12.538178,55.953573],[12.536601,55.953092],[12.535149,55.95328],[12.53429,55.952643],[12.527476,55.943249],[12.527208,55.942058],[12.52824,55.941646],[12.527759,55.940191],[12.529949,55.940019],[12.523666,55.939986],[12.523794,55.938887],[12.52641,55.938335],[12.526714,55.938883],[12.528517,55.939102],[12.528664,55.939695],[12.529946,55.939678],[12.528567,55.938361],[12.529792,55.937538],[12.52798,55.937891],[12.526913,55.936777],[12.526968,55.935901],[12.527971,55.93574],[12.52848,55.935571],[12.525852,55.936049],[12.523773,55.935742],[12.522322,55.934542],[12.521415,55.931997],[12.522301,55.929847],[12.523463,55.929594],[12.523171,55.92881],[12.527094,55.928325],[12.523244,55.928529],[12.522374,55.927856],[12.52539,55.927738],[12.520247,55.927742],[12.519089,55.927094],[12.518393,55.92594],[12.519062,55.925314],[12.517887,55.924839],[12.518306,55.923252],[12.517442,55.922102],[12.517922,55.921295],[12.517378,55.920148],[12.518481,55.918261],[12.525699,55.910553],[12.527773,55.90648],[12.528788,55.905529],[12.52953,55.905677],[12.529009,55.905526],[12.529467,55.9044],[12.535892,55.897357],[12.541622,55.888636],[12.543675,55.88702],[12.546259,55.887184],[12.54896,55.886198],[12.546219,55.887056],[12.544108,55.886929],[12.54461,55.886116],[12.547522,55.886242],[12.548635,55.88591],[12.548501,55.885249],[12.544269,55.884354],[12.545207,55.883103],[12.546326,55.883],[12.549075,55.883781],[12.549549,55.886354],[12.549582,55.884002],[12.548245,55.883016],[12.545697,55.882376],[12.54569,55.881668],[12.54639,55.880838],[12.547079,55.880996],[12.547002,55.879695],[12.549325,55.87648],[12.560262,55.865645],[12.568072,55.855217],[12.569583,55.851683],[12.571056,55.850699],[12.572908,55.851217],[12.573537,55.850795],[12.572654,55.850996],[12.570425,55.85044],[12.571859,55.848388],[12.574268,55.848786],[12.575324,55.84958],[12.575015,55.85068],[12.573379,55.851311],[12.574591,55.851092],[12.57541,55.850499],[12.575477,55.849458],[12.57469,55.848829],[12.573378,55.848421],[12.572429,55.84618],[12.574681,55.842792],[12.574079,55.834216],[12.574718,55.833814],[12.574432,55.830328],[12.57516,55.829348],[12.575252,55.82272],[12.576802,55.812825],[12.578888,55.809997],[12.582596,55.807824],[12.58722,55.804085],[12.590198,55.795644],[12.594634,55.789306],[12.596284,55.788159],[12.596403,55.787406],[12.595937,55.788267],[12.595404,55.788161],[12.595926,55.787693],[12.595482,55.787152],[12.596912,55.787416],[12.595446,55.786898],[12.594113,55.784642],[12.59228,55.776974],[12.592387,55.774688],[12.596652,55.77189],[12.596901,55.767546],[12.598384,55.764935],[12.602759,55.763077],[12.60406,55.76193],[12.604139,55.761176],[12.602698,55.76295],[12.600067,55.762892],[12.600023,55.760865],[12.601269,55.760863],[12.60128,55.760498],[12.600028,55.760495],[12.600025,55.7596],[12.603059,55.759602],[12.604225,55.760708],[12.602624,55.759108],[12.597808,55.75738],[12.592079,55.750587],[12.590751,55.749799],[12.588773,55.744708],[12.583984,55.739123],[12.582409,55.734526],[12.582531,55.731583],[12.581687,55.731487],[12.581384,55.730569],[12.581984,55.72909],[12.584106,55.728743],[12.580845,55.7276],[12.583111,55.728227],[12.584527,55.727125],[12.583391,55.72833],[12.584216,55.728704],[12.585982,55.728607],[12.588657,55.726931],[12.587923,55.727191],[12.586261,55.726399],[12.584854,55.727138],[12.58349,55.726632],[12.584576,55.726228],[12.581007,55.725687],[12.58117,55.725344],[12.586242,55.72609],[12.587163,55.725826],[12.588714,55.726449],[12.589807,55.725633],[12.588401,55.725389],[12.587995,55.724462],[12.586435,55.724104],[12.585998,55.723137],[12.583157,55.7219],[12.584122,55.719815],[12.585447,55.719934],[12.583488,55.71958],[12.58395,55.717489],[12.586803,55.717557],[12.587995,55.718276],[12.590998,55.718694],[12.592652,55.718377],[12.592317,55.717797],[12.591325,55.718346],[12.592044,55.717546],[12.59076,55.717904],[12.584119,55.717025],[12.584342,55.715922],[12.585579,55.716061],[12.58741,55.714191],[12.589835,55.714707],[12.588349,55.712392],[12.590069,55.710595],[12.591235,55.71081],[12.591767,55.709968],[12.592698,55.710384],[12.590059,55.712572],[12.595637,55.719716],[12.603973,55.718348],[12.604781,55.719613],[12.600293,55.720528],[12.6012,55.723589],[12.60232,55.724751],[12.60204,55.72393],[12.605958,55.723123],[12.60652,55.723819],[12.602525,55.72525],[12.602156,55.724887],[12.602301,55.725699],[12.615902,55.720634],[12.620886,55.7239],[12.627309,55.725096],[12.632431,55.725077],[12.63986,55.72238],[12.617708,55.712245],[12.606306,55.714533],[12.605971,55.714007],[12.615762,55.711906],[12.611782,55.70971],[12.611415,55.709017],[12.610751,55.708877],[12.610445,55.709697],[12.599757,55.711876],[12.59946,55.711423],[12.596986,55.711923],[12.597059,55.712391],[12.596271,55.712553],[12.59542,55.711366],[12.603277,55.709765],[12.604869,55.708623],[12.605431,55.708035],[12.605673,55.70752],[12.605328,55.708104],[12.599328,55.709328],[12.598961,55.70644],[12.592089,55.705984],[12.592569,55.704628],[12.594842,55.7049],[12.595065,55.703724],[12.595078,55.704921],[12.596348,55.705046],[12.59652,55.703826],[12.597561,55.703931],[12.600344,55.705291],[12.597769,55.703482],[12.594708,55.702802],[12.595192,55.701397],[12.597773,55.702564],[12.596182,55.701303],[12.596733,55.701071],[12.594963,55.695867],[12.596446,55.695747],[12.59755,55.699035],[12.598391,55.698676],[12.597587,55.695654],[12.600134,55.695324],[12.600667,55.694307],[12.599771,55.694874],[12.59824,55.694244],[12.598223,55.693753],[12.599589,55.693497],[12.600591,55.694014],[12.598867,55.691886],[12.600337,55.690771],[12.599948,55.689021],[12.599756,55.689397],[12.598895,55.6891],[12.599415,55.688194],[12.5939,55.681344],[12.594855,55.68109],[12.596298,55.682834],[12.596969,55.682688],[12.595039,55.679557],[12.594535,55.679701],[12.593944,55.679054],[12.587958,55.680659],[12.59364,55.678856],[12.587931,55.675849],[12.584202,55.676128],[12.579788,55.677708],[12.577952,55.67725],[12.575727,55.675892],[12.580108,55.67211],[12.5713,55.66681],[12.562581,55.66331],[12.56398,55.662322],[12.562171,55.661504],[12.562345,55.661381],[12.560625,55.660602],[12.560761,55.660455],[12.566528,55.663299],[12.564676,55.660571],[12.563811,55.660865],[12.56416,55.660121],[12.563366,55.659967],[12.562915,55.660389],[12.563136,55.659974],[12.561093,55.65968],[12.56033,55.659921],[12.560473,55.660397],[12.559763,55.659521],[12.55819,55.6593],[12.558525,55.658807],[12.563049,55.659513],[12.564262,55.65914],[12.563688,55.658351],[12.562713,55.658658],[12.561379,55.658376],[12.56376,55.658217],[12.56291,55.657459],[12.561666,55.657728],[12.562928,55.657279],[12.56188,55.656359],[12.560827,55.65669],[12.561907,55.656204],[12.56061,55.654993],[12.560223,55.655217],[12.5586,55.653111],[12.552761,55.654427],[12.553545,55.655476],[12.553163,55.656546],[12.55524,55.656924],[12.552648,55.656789],[12.553233,55.655483],[12.552373,55.654358],[12.550497,55.655383],[12.548861,55.654631],[12.552382,55.653736],[12.550874,55.652345],[12.551499,55.652089],[12.553179,55.653505],[12.556455,55.652689],[12.554665,55.650854],[12.556692,55.652626],[12.558403,55.652184],[12.558626,55.651649],[12.556463,55.650022],[12.554021,55.650662],[12.551744,55.64782],[12.54686,55.649589],[12.548108,55.650698],[12.546665,55.651284],[12.5451,55.651497],[12.544378,55.650869],[12.543251,55.651266],[12.544183,55.6507],[12.543299,55.649923],[12.541477,55.650479],[12.541115,55.650156],[12.543471,55.649275],[12.54539,55.646757],[12.544704,55.646098],[12.545736,55.645678],[12.547217,55.645146],[12.545661,55.645853],[12.54639,55.646495],[12.548155,55.645861],[12.546632,55.646542],[12.547228,55.647076],[12.549032,55.646619],[12.548191,55.646989],[12.548844,55.647808],[12.551502,55.646847],[12.550461,55.64618],[12.549452,55.646596],[12.550303,55.646081],[12.549608,55.645464],[12.548382,55.645779],[12.549501,55.645374],[12.548633,55.644766],[12.547453,55.645067],[12.548516,55.644681],[12.548314,55.644256],[12.548627,55.64451],[12.551146,55.643705],[12.549109,55.642209],[12.551241,55.641616],[12.551061,55.64127],[12.548857,55.641957],[12.549785,55.640524],[12.548671,55.640134],[12.545564,55.642304],[12.541317,55.643041],[12.541529,55.640505],[12.54446,55.640471],[12.546748,55.638963],[12.546005,55.639297],[12.540803,55.636555],[12.541347,55.636105],[12.537362,55.634822],[12.536913,55.634402],[12.537442,55.634007],[12.536687,55.634292],[12.5357,55.633891],[12.532829,55.632284],[12.533194,55.631766],[12.530887,55.631969],[12.531203,55.635373],[12.529235,55.636155],[12.532494,55.636267],[12.532143,55.638122],[12.526777,55.637278],[12.528236,55.636952],[12.531604,55.637298],[12.53153,55.636825],[12.527941,55.636498],[12.525515,55.637314],[12.522608,55.637],[12.521931,55.637414],[12.520214,55.637341],[12.509224,55.634454],[12.506559,55.635951],[12.504162,55.631431],[12.504039,55.628863],[12.500817,55.628828],[12.500235,55.628465],[12.504242,55.628574],[12.50207,55.627389],[12.502002,55.626388],[12.503061,55.625736],[12.498218,55.625921],[12.497829,55.625511],[12.502958,55.625136],[12.497267,55.624795],[12.496421,55.622563],[12.495303,55.622466],[12.495841,55.62217],[12.494856,55.621546],[12.495524,55.6209],[12.494311,55.620472],[12.494233,55.619699],[12.49735,55.618042],[12.497762,55.615658],[12.498925,55.615129],[12.505647,55.614424],[12.506509,55.615258],[12.506701,55.614872],[12.509629,55.614693],[12.511101,55.615108],[12.511053,55.61412],[12.513821,55.614336],[12.534805,55.630935],[12.5519,55.640123],[12.55152,55.641479],[12.553991,55.641401],[12.551952,55.642197],[12.55257,55.642741],[12.554196,55.642375],[12.554221,55.643616],[12.567185,55.659892],[12.568057,55.659677],[12.568374,55.660089],[12.567502,55.660303],[12.568169,55.661191],[12.579143,55.66959],[12.583551,55.672335],[12.587555,55.670342],[12.599032,55.677513],[12.601023,55.676617],[12.600982,55.677311],[12.596759,55.678899],[12.597956,55.680228],[12.600438,55.679513],[12.599462,55.678033],[12.600727,55.679355],[12.607245,55.677676],[12.603822,55.674843],[12.602099,55.674869],[12.60133,55.676531],[12.601805,55.674837],[12.602461,55.674485],[12.604286,55.674745],[12.607474,55.676849],[12.609613,55.680117],[12.609787,55.683809],[12.607087,55.683869],[12.606835,55.683539],[12.604625,55.683992],[12.60577,55.685502],[12.605789,55.686367],[12.605161,55.686371],[12.605821,55.688577],[12.603869,55.688761],[12.607818,55.689236],[12.607814,55.687598],[12.609237,55.684039],[12.609753,55.684033],[12.60835,55.687213],[12.61019,55.687953],[12.610859,55.689373],[12.606421,55.690037],[12.606715,55.690485],[12.610073,55.689863],[12.610374,55.690372],[12.606733,55.691044],[12.607055,55.692373],[12.611278,55.691731],[12.607074,55.692585],[12.607564,55.694466],[12.609527,55.694146],[12.610055,55.695001],[12.607734,55.695482],[12.608182,55.697298],[12.610413,55.695707],[12.612678,55.695297],[12.613169,55.696156],[12.609956,55.696817],[12.609231,55.697188],[12.609805,55.697278],[12.609531,55.697765],[12.60983,55.697282],[12.619251,55.698046],[12.629453,55.697449],[12.630555,55.694651],[12.625392,55.692736],[12.62408,55.69044],[12.625176,55.690026],[12.623286,55.690383],[12.619677,55.689805],[12.620246,55.688479],[12.619721,55.688403],[12.619324,55.689136],[12.616101,55.68854],[12.613531,55.688579],[12.613611,55.687171],[12.617344,55.687192],[12.618041,55.686761],[12.619707,55.687206],[12.619877,55.687803],[12.619951,55.687108],[12.624787,55.688692],[12.626023,55.688112],[12.626135,55.689807],[12.628138,55.688926],[12.632858,55.690534],[12.63594,55.687759],[12.624874,55.683778],[12.620853,55.681076],[12.621484,55.68016],[12.620245,55.680092],[12.620783,55.679575],[12.621696,55.680028],[12.628582,55.672063],[12.630533,55.670942],[12.632603,55.671257],[12.633491,55.671979],[12.630457,55.673995],[12.624912,55.680513],[12.627343,55.682131],[12.635594,55.685037],[12.639167,55.680403],[12.639734,55.680401],[12.635392,55.679666],[12.63548,55.678681],[12.635193,55.679521],[12.634355,55.679434],[12.634937,55.677663],[12.632995,55.675706],[12.634642,55.675688],[12.636351,55.676985],[12.639491,55.676516],[12.640467,55.679142],[12.640768,55.678795],[12.644668,55.679162],[12.648122,55.676077],[12.648174,55.675144],[12.64656,55.674344],[12.644844,55.671977],[12.645835,55.671408],[12.64573,55.670899],[12.644649,55.671837],[12.641748,55.671362],[12.641271,55.670614],[12.636551,55.670394],[12.641291,55.670492],[12.644411,55.670003],[12.644929,55.67058],[12.641789,55.667062],[12.643424,55.669914],[12.6427,55.669515],[12.641831,55.670148],[12.639677,55.66973],[12.638779,55.668165],[12.640913,55.667042],[12.636883,55.666807],[12.638707,55.668064],[12.636751,55.669462],[12.636602,55.670196],[12.633979,55.670223],[12.632968,55.671016],[12.630778,55.670679],[12.632206,55.669606],[12.631526,55.669393],[12.631654,55.668518],[12.634906,55.66498],[12.63441,55.66529],[12.630559,55.66468],[12.632255,55.664659],[12.632751,55.663656],[12.635038,55.664323],[12.634995,55.664722],[12.635588,55.663275],[12.635272,55.661182],[12.642294,55.650783],[12.646538,55.648026],[12.649883,55.647459],[12.65074,55.647664],[12.650202,55.647399],[12.648677,55.647524],[12.647897,55.645725],[12.648868,55.644465],[12.650499,55.644341],[12.652429,55.642891],[12.651629,55.642905],[12.650095,55.644264],[12.64887,55.644293],[12.647787,55.6433],[12.648613,55.64243],[12.651187,55.642832],[12.650588,55.642311],[12.651825,55.640977],[12.653073,55.64094],[12.654495,55.641605],[12.652434,55.64336],[12.653322,55.643262],[12.654938,55.641616],[12.653388,55.640479],[12.654725,55.639102],[12.656448,55.638876],[12.657415,55.638255],[12.656723,55.636937],[12.657466,55.636861],[12.65784,55.636658],[12.655293,55.636799],[12.655205,55.635577],[12.657099,55.636461],[12.657888,55.635622],[12.653717,55.634651],[12.65646,55.635176],[12.655009,55.63478],[12.656511,55.634704],[12.656876,55.635175],[12.657562,55.635304],[12.656782,55.634395],[12.654576,55.634078],[12.655531,55.633421],[12.656896,55.633984],[12.656626,55.634305],[12.659811,55.633839],[12.667329,55.63402],[12.67286,55.633458],[12.677775,55.632081],[12.680448,55.629981],[12.681118,55.628326],[12.681546,55.614499],[12.681392,55.613504],[12.679505,55.612799],[12.679795,55.611799],[12.681511,55.611944],[12.68133,55.610676],[12.681285,55.611851],[12.680369,55.611752],[12.680722,55.611278],[12.680025,55.611203],[12.680741,55.610889],[12.679945,55.611166],[12.680088,55.610398],[12.681308,55.610265],[12.680095,55.610299],[12.679099,55.609113],[12.675338,55.606915],[12.670192,55.606553],[12.669551,55.60529],[12.671598,55.601336],[12.673116,55.596013],[12.674522,55.594852],[12.6759,55.594511],[12.67999,55.594629],[12.675701,55.594439],[12.674586,55.594006],[12.675917,55.594199],[12.674902,55.593805],[12.676981,55.59393],[12.675692,55.593727],[12.677007,55.593489],[12.677426,55.594176],[12.677173,55.593437],[12.678545,55.593457],[12.680533,55.594533],[12.680599,55.594205],[12.681509,55.594402],[12.681952,55.594368],[12.679345,55.593639],[12.679722,55.593193],[12.680479,55.593352],[12.679737,55.592842],[12.680169,55.592611],[12.682021,55.592315],[12.682711,55.593845],[12.680945,55.589866],[12.681978,55.59225],[12.681476,55.591734],[12.678734,55.592005],[12.676857,55.590511],[12.679106,55.589653],[12.677468,55.589131],[12.679624,55.589399],[12.680084,55.588729],[12.676878,55.588131],[12.677284,55.589101],[12.676498,55.588861],[12.676574,55.588025],[12.678327,55.587991],[12.680264,55.588566],[12.68044,55.58903],[12.679456,55.589598],[12.680337,55.589201],[12.681485,55.589656],[12.680333,55.588538],[12.678387,55.587956],[12.676839,55.58789],[12.675848,55.588183],[12.666807,55.583037],[12.661677,55.581552],[12.657099,55.580859],[12.652833,55.580784],[12.651489,55.580032],[12.643198,55.577661],[12.644462,55.577248],[12.638009,55.577648],[12.636483,55.577094],[12.635741,55.577604],[12.63516,55.577002],[12.634002,55.577315],[12.631833,55.57679],[12.631353,55.575671],[12.630112,55.575222],[12.629285,55.575399],[12.627083,55.573874],[12.627184,55.573385],[12.624097,55.571321],[12.6221,55.569553],[12.621568,55.568281],[12.619566,55.567],[12.614019,55.565039],[12.613317,55.564317],[12.610583,55.564054],[12.610145,55.562624],[12.608136,55.563016],[12.60693,55.562033],[12.605902,55.562158],[12.605157,55.561339],[12.604408,55.561723],[12.603137,55.561385],[12.603897,55.561194],[12.603625,55.560898],[12.602923,55.561137],[12.602086,55.56073],[12.597816,55.556773],[12.591637,55.554794],[12.589385,55.555882],[12.585023,55.556995],[12.583205,55.557052],[12.58353,55.557488],[12.579375,55.557341],[12.57651,55.558],[12.574977,55.557554],[12.571834,55.557789],[12.567001,55.55893],[12.563997,55.560279],[12.560149,55.563642],[12.559097,55.565378],[12.55814,55.571981],[12.55664,55.574398],[12.563335,55.575671],[12.563688,55.575856],[12.545148,55.572739],[12.54133,55.572482],[12.534349,55.57344],[12.528981,55.575997],[12.515243,55.589783],[12.512118,55.59454],[12.508853,55.608046],[12.509869,55.610766],[12.513024,55.613777],[12.510662,55.613795],[12.508862,55.612853],[12.507119,55.613408],[12.506086,55.613405],[12.506044,55.613027],[12.505562,55.614093],[12.503681,55.614222],[12.502281,55.612901],[12.501944,55.611289],[12.500408,55.611373],[12.500632,55.610702],[12.502641,55.610276],[12.49824,55.610485],[12.496554,55.610099],[12.495428,55.605087],[12.491911,55.601071],[12.484728,55.597787],[12.481809,55.599023],[12.480673,55.601048],[12.461059,55.60219],[12.456424,55.603585],[12.454039,55.60256],[12.45567,55.603625],[12.448189,55.604223],[12.446319,55.607115],[12.442207,55.606657],[12.440202,55.606968],[12.4405,55.607398],[12.43879,55.608994],[12.438399,55.61187],[12.421953,55.613038],[12.413445,55.613022],[12.405159,55.612284],[12.400349,55.610895],[12.400148,55.609916],[12.400993,55.609319],[12.399216,55.607459],[12.400792,55.604449],[12.399701,55.606141],[12.397892,55.6062],[12.390954,55.604614],[12.384318,55.602443],[12.375126,55.598706],[12.376573,55.596231],[12.375909,55.59725],[12.373673,55.596974],[12.356455,55.591891],[12.355839,55.591557],[12.356602,55.590585],[12.355041,55.588575],[12.351588,55.590837],[12.344542,55.589517],[12.305825,55.578336],[12.294635,55.573891],[12.288199,55.570419],[12.285415,55.567838],[12.287852,55.566666],[12.286966,55.5664],[12.287435,55.566804],[12.286578,55.567223],[12.28504,55.566182],[12.28637,55.566385],[12.285985,55.565669],[12.287386,55.565755],[12.288055,55.566506],[12.287515,55.565709],[12.285964,55.565578],[12.283905,55.566211],[12.282031,55.566092],[12.278214,55.56416],[12.278543,55.563635],[12.277231,55.563835],[12.275141,55.562633],[12.275349,55.562161],[12.273847,55.562368],[12.27136,55.561591],[12.261775,55.557706],[12.246187,55.54769],[12.234546,55.537114],[12.226795,55.527462],[12.220795,55.517656],[12.217232,55.51037],[12.213284,55.507845],[12.213253,55.508776],[12.214972,55.50914],[12.214291,55.5104],[12.215116,55.510698],[12.214812,55.512074],[12.216563,55.513123],[12.216469,55.514095],[12.217809,55.515013],[12.218437,55.515865],[12.218279,55.516333],[12.217398,55.516692],[12.218806,55.516673],[12.217431,55.517186],[12.218016,55.517344],[12.217835,55.517861],[12.218165,55.517626],[12.220709,55.520094],[12.220379,55.520949],[12.221117,55.520942],[12.221376,55.52249],[12.222766,55.523339],[12.22297,55.524266],[12.220407,55.522116],[12.220118,55.520952],[12.217628,55.519164],[12.218312,55.518922],[12.217742,55.518773],[12.217032,55.516363],[12.218195,55.516125],[12.217845,55.515171],[12.216798,55.514999],[12.216141,55.515984],[12.214989,55.515828],[12.215454,55.515426],[12.214033,55.51481],[12.213323,55.512595],[12.21258,55.512755],[12.209684,55.51023],[12.208522,55.510458],[12.209131,55.508487],[12.205593,55.50861],[12.204272,55.507354],[12.204708,55.505867],[12.203523,55.505275],[12.205954,55.505193],[12.206237,55.504593],[12.204103,55.503392],[12.204516,55.503231],[12.202626,55.502683],[12.204333,55.502071],[12.203949,55.501282],[12.201546,55.500194],[12.201909,55.499397],[12.203264,55.499265],[12.202394,55.498776],[12.203117,55.498227],[12.201601,55.49812],[12.203847,55.497568],[12.201666,55.497503],[12.201789,55.496908],[12.201074,55.496595],[12.202256,55.496294],[12.201639,55.49609],[12.201923,55.495296],[12.200073,55.493989],[12.201024,55.492667],[12.200663,55.49223],[12.199258,55.49236],[12.200615,55.490576],[12.201392,55.490841],[12.202113,55.49031],[12.203494,55.490101],[12.204766,55.490859],[12.205726,55.494002],[12.207309,55.495092],[12.212177,55.501334],[12.212084,55.50261],[12.213461,55.50408],[12.21252,55.505304],[12.214328,55.506581],[12.213348,55.506903],[12.215141,55.507816],[12.21641,55.509608],[12.217195,55.508745],[12.212339,55.499023],[12.203951,55.485019],[12.198457,55.477177],[12.197837,55.474984],[12.198766,55.474673],[12.198868,55.473459],[12.200654,55.471918],[12.198984,55.473038],[12.197537,55.47272],[12.197069,55.471779],[12.198065,55.471287],[12.197354,55.470232],[12.198783,55.469889],[12.194651,55.470111],[12.193581,55.468351],[12.197582,55.468452],[12.200153,55.470926],[12.200269,55.469259],[12.202229,55.469235],[12.202304,55.470547],[12.20119,55.47161],[12.205649,55.468057],[12.20879,55.464657],[12.211146,55.460792],[12.211793,55.458262],[12.207032,55.458064],[12.20569,55.45837],[12.205686,55.465828],[12.205051,55.46587],[12.205107,55.466597],[12.20277,55.466636],[12.202309,55.45789],[12.194757,55.456366],[12.194949,55.455774],[12.195006,55.455868],[12.196743,55.455476],[12.195071,55.455774],[12.195,55.455472],[12.198589,55.45469],[12.198766,55.453954],[12.188221,55.454972],[12.186912,55.454743],[12.187329,55.454383],[12.185719,55.452485],[12.187501,55.453737],[12.187505,55.454331],[12.193848,55.453838],[12.19433,55.453012],[12.195363,55.453149],[12.196468,55.452647],[12.198507,55.453268],[12.19976,55.452937],[12.207811,55.454956],[12.211239,55.457049],[12.20806,55.454885],[12.201781,55.453073],[12.20082,55.453155],[12.197867,55.451862],[12.198595,55.448738],[12.199254,55.448344],[12.1999,55.443776],[12.203472,55.438992],[12.207524,55.435992],[12.214258,55.428857],[12.215907,55.427652],[12.219663,55.426331],[12.220762,55.426127],[12.221927,55.426836],[12.223595,55.424982],[12.226771,55.423197],[12.247275,55.416652],[12.256505,55.415681],[12.258754,55.414425],[12.263658,55.413089],[12.273571,55.409411],[12.280032,55.4083],[12.293175,55.403553],[12.302942,55.400711],[12.310179,55.39996],[12.31791,55.401048],[12.318236,55.40042],[12.317214,55.400031],[12.317417,55.399385],[12.317394,55.399836],[12.318569,55.40022],[12.318224,55.401043],[12.325882,55.400421],[12.329978,55.400596],[12.346925,55.397758],[12.35379,55.397436],[12.358178,55.396411],[12.364452,55.397427],[12.368803,55.394816],[12.377297,55.391311],[12.384063,55.386419],[12.391975,55.382311],[12.402968,55.374227],[12.408122,55.372236],[12.412414,55.369477],[12.41447,55.369337],[12.414599,55.369962],[12.414927,55.370174],[12.414795,55.369411],[12.416408,55.369153],[12.416532,55.369872],[12.415136,55.370328],[12.416422,55.370175],[12.416846,55.369531],[12.416583,55.36908],[12.415784,55.368632],[12.416404,55.367189],[12.418097,55.365626],[12.420852,55.364225],[12.425239,55.359946],[12.427456,55.358899],[12.431865,55.357814],[12.436242,55.353254],[12.438968,55.352283],[12.444793,55.347688],[12.447572,55.34282],[12.447064,55.334869],[12.448391,55.333076],[12.454929,55.330393],[12.45484,55.32976],[12.451231,55.326911],[12.447973,55.322144],[12.444907,55.314531],[12.445814,55.309881],[12.444927,55.307212],[12.446431,55.305329],[12.447358,55.300283],[12.450247,55.298385],[12.454797,55.293781],[12.454888,55.288895],[12.450826,55.28238],[12.449344,55.282164],[12.447464,55.281116],[12.445977,55.277871],[12.444803,55.276789],[12.441998,55.275619],[12.432872,55.273614],[12.426531,55.267554],[12.42031,55.266298],[12.416507,55.263286],[12.415882,55.261631],[12.413856,55.260291],[12.410258,55.259008],[12.404735,55.258173],[12.40281,55.257156],[12.399154,55.256815],[12.3955,55.253635],[12.385026,55.255386],[12.38106,55.254577],[12.378396,55.252745],[12.377362,55.252796],[12.375336,55.251825],[12.375673,55.252532],[12.377297,55.253059],[12.37631,55.253651],[12.3753,55.253029],[12.375613,55.252708],[12.37491,55.252906],[12.37433,55.25317],[12.375209,55.254002],[12.374296,55.254318],[12.372961,55.254348],[12.373012,55.253752],[12.371664,55.253519],[12.374219,55.253011],[12.374767,55.252512],[12.370625,55.253472],[12.37018,55.253995],[12.368216,55.25346],[12.365187,55.251605],[12.362035,55.248678],[12.358951,55.24335],[12.358112,55.238469],[12.354299,55.236047],[12.349034,55.235735],[12.345716,55.23637],[12.3409,55.238385],[12.334878,55.237755],[12.332611,55.238011],[12.327662,55.237691],[12.321884,55.237927],[12.319605,55.238565],[12.309163,55.238623],[12.30293,55.238237],[12.302394,55.236865],[12.301808,55.236849],[12.302622,55.238205],[12.301626,55.23854],[12.298003,55.238198],[12.295265,55.239056],[12.284391,55.239953],[12.275613,55.241978],[12.259269,55.24056],[12.244831,55.237908],[12.238964,55.235519],[12.23871,55.234919],[12.238432,55.235645],[12.237457,55.23595],[12.232301,55.234923],[12.223598,55.230533],[12.216803,55.227855],[12.2094,55.226264],[12.204385,55.224617],[12.199547,55.224302],[12.197203,55.224759],[12.190247,55.223611],[12.17453,55.216832],[12.168976,55.213303],[12.167573,55.211969],[12.167808,55.211311],[12.167494,55.211959],[12.16606,55.212254],[12.164819,55.214563],[12.161452,55.214127],[12.161502,55.213727],[12.160302,55.214153],[12.158649,55.213249],[12.159037,55.213023],[12.161649,55.213658],[12.162926,55.213391],[12.16482,55.213611],[12.165036,55.213479],[12.162922,55.213284],[12.162018,55.213418],[12.159708,55.21283],[12.157754,55.212996],[12.152038,55.20835],[12.151115,55.208275],[12.14441,55.201698],[12.139695,55.19519],[12.136479,55.192215],[12.127464,55.188234],[12.117953,55.185033],[12.113629,55.182356],[12.111154,55.179956],[12.107433,55.173702],[12.106171,55.162627],[12.106574,55.159324],[12.108992,55.153839],[12.109688,55.149583],[12.111882,55.143746],[12.112001,55.140818],[12.110442,55.139295],[12.107568,55.138964],[12.108553,55.13984],[12.109357,55.142845],[12.107053,55.139105],[12.102571,55.137196],[12.098564,55.134296],[12.095193,55.134772],[12.085772,55.13357],[12.083257,55.135109],[12.083652,55.135414],[12.083167,55.135106],[12.080106,55.135646],[12.078024,55.137017],[12.077674,55.13785],[12.07879,55.140938],[12.080901,55.141826],[12.081171,55.145265],[12.08432,55.152247],[12.084112,55.163522],[12.086493,55.166268],[12.091613,55.168925],[12.091953,55.169909],[12.090866,55.170302],[12.090894,55.170418],[12.093732,55.169704],[12.090539,55.170842],[12.093663,55.170317],[12.095756,55.173176],[12.095113,55.175393],[12.091668,55.177212],[12.088155,55.177039],[12.083702,55.17596],[12.07935,55.175771],[12.070887,55.176235],[12.063117,55.175583],[12.054879,55.173158],[12.052123,55.171828],[12.050775,55.171922],[12.050696,55.172253],[12.049555,55.17184],[12.049529,55.172433],[12.04931,55.171844],[12.047485,55.17211],[12.046406,55.171513],[12.043003,55.171178],[12.0423,55.170571],[12.039217,55.170097],[12.033096,55.16732],[12.029795,55.166583],[12.028594,55.164871],[12.026723,55.163874],[12.025139,55.163699],[12.02524,55.162516],[12.022184,55.161392],[12.02073,55.159591],[12.020011,55.157303],[12.01768,55.155438],[12.016829,55.15351],[12.015228,55.152491],[12.015676,55.151825],[12.015155,55.15103],[12.010697,55.148604],[12.010401,55.147861],[12.011286,55.146835],[12.012306,55.146715],[12.010944,55.146073],[12.012472,55.145776],[12.012695,55.145134],[12.016699,55.144401],[12.016703,55.143835],[12.018409,55.143389],[12.03113,55.143854],[12.031798,55.143534],[12.030862,55.143233],[12.031115,55.14292],[12.035693,55.140875],[12.039768,55.135607],[12.04038,55.133709],[12.038743,55.130917],[12.033659,55.12698],[12.034695,55.12502],[12.034056,55.124253],[12.035382,55.122844],[12.039769,55.123524],[12.041148,55.124081],[12.040956,55.124529],[12.041561,55.124838],[12.04157,55.124175],[12.042739,55.12465],[12.041984,55.124942],[12.04244,55.125141],[12.043039,55.124597],[12.046811,55.125862],[12.047958,55.125558],[12.049549,55.126151],[12.050769,55.125789],[12.05166,55.124691],[12.048459,55.122733],[12.048785,55.121631],[12.050457,55.12177],[12.050761,55.122528],[12.052027,55.123106],[12.052951,55.122239],[12.05249,55.121558],[12.053829,55.120694],[12.05731,55.120508],[12.060442,55.121549],[12.061192,55.122313],[12.062713,55.127873],[12.066067,55.129927],[12.067754,55.130162],[12.069358,55.129556],[12.076329,55.128955],[12.080764,55.130545],[12.08751,55.12948],[12.088316,55.128231],[12.089716,55.128191],[12.090295,55.127634],[12.089095,55.125863],[12.089517,55.125628],[12.088234,55.124539],[12.08439,55.123035],[12.086046,55.122571],[12.091778,55.123298],[12.09398,55.122711],[12.099135,55.122729],[12.101818,55.123112],[12.101692,55.125099],[12.102961,55.126327],[12.104584,55.126906],[12.10569,55.126821],[12.107693,55.125003],[12.110291,55.124916],[12.111456,55.124241],[12.113874,55.124131],[12.116562,55.125348],[12.12205,55.125861],[12.125015,55.126835],[12.125999,55.126413],[12.127256,55.127107],[12.126618,55.130159],[12.125942,55.130471],[12.125759,55.130149],[12.123019,55.130042],[12.122233,55.13063],[12.126164,55.131458],[12.129565,55.131616],[12.135801,55.130555],[12.140225,55.129284],[12.154863,55.12696],[12.164998,55.124569],[12.167868,55.122833],[12.16887,55.120945],[12.172816,55.117578],[12.174452,55.116855],[12.177528,55.116566],[12.181794,55.114086],[12.183572,55.111703],[12.183656,55.110081],[12.181042,55.107443],[12.181492,55.1069],[12.180826,55.105481],[12.174138,55.104357],[12.174668,55.104332],[12.174036,55.102963],[12.172419,55.102427],[12.173074,55.101628],[12.171707,55.100781],[12.171899,55.099764],[12.169813,55.097994],[12.17033,55.097879],[12.169585,55.094312],[12.171833,55.090627],[12.171145,55.088264],[12.168737,55.086406],[12.169241,55.086276],[12.164861,55.083662],[12.164853,55.082863],[12.163725,55.08282],[12.160212,55.081009],[12.157833,55.078641],[12.157969,55.078059],[12.154191,55.076038],[12.151865,55.076001],[12.152448,55.076866],[12.148516,55.079522],[12.145555,55.07938],[12.145298,55.079824],[12.144963,55.079398],[12.141907,55.079056],[12.139857,55.07961],[12.13743,55.081117],[12.136727,55.08241],[12.135425,55.082707],[12.133063,55.082498],[12.130766,55.081113],[12.129413,55.081115],[12.128983,55.080559],[12.123078,55.078919],[12.121644,55.079535],[12.120975,55.084034],[12.119569,55.084381],[12.11886,55.085105],[12.116538,55.085273],[12.113948,55.084544],[12.111858,55.084591],[12.109704,55.086936],[12.109955,55.088539],[12.107666,55.089229],[12.107052,55.089989],[12.106392,55.090228],[12.104591,55.088984],[12.10132,55.089331],[12.099915,55.090253],[12.100091,55.091603],[12.099194,55.089878],[12.102064,55.086998],[12.101553,55.086218],[12.100049,55.086647],[12.102597,55.084859],[12.103571,55.084735],[12.102694,55.085576],[12.103792,55.085844],[12.103575,55.085291],[12.105276,55.085086],[12.105705,55.084341],[12.10821,55.084883],[12.110469,55.084031],[12.116536,55.08363],[12.119816,55.077843],[12.119067,55.077219],[12.116717,55.076785],[12.116805,55.075792],[12.115947,55.075371],[12.119119,55.074719],[12.121397,55.074987],[12.124365,55.074493],[12.125971,55.073756],[12.125409,55.073453],[12.123695,55.073693],[12.124649,55.072854],[12.123056,55.071906],[12.122784,55.070413],[12.12203,55.070078],[12.122638,55.069583],[12.121489,55.07021],[12.121535,55.069851],[12.119424,55.069686],[12.117907,55.070883],[12.116617,55.070988],[12.114881,55.06872],[12.117708,55.068543],[12.11818,55.069443],[12.119538,55.069652],[12.120196,55.069319],[12.119739,55.068353],[12.122003,55.068265],[12.12167,55.0676],[12.122374,55.066659],[12.121779,55.065748],[12.123294,55.065223],[12.122097,55.062584],[12.124515,55.061117],[12.123378,55.06033],[12.124992,55.059416],[12.127498,55.058953],[12.126623,55.057525],[12.127894,55.056628],[12.129874,55.056818],[12.129665,55.056406],[12.130644,55.055975],[12.130337,55.054557],[12.129111,55.053803],[12.129768,55.053246],[12.128421,55.052567],[12.129048,55.052159],[12.128323,55.051708],[12.128578,55.051058],[12.129792,55.050798],[12.12878,55.050912],[12.126465,55.050875],[12.126594,55.050552],[12.128765,55.050831],[12.127462,55.050467],[12.126688,55.049151],[12.127602,55.048637],[12.127732,55.048286],[12.126934,55.048325],[12.127681,55.048235],[12.127542,55.047688],[12.128486,55.047393],[12.130399,55.048365],[12.131762,55.047898],[12.135691,55.048371],[12.141201,55.047673],[12.142559,55.046752],[12.142198,55.046415],[12.143939,55.04593],[12.144698,55.044697],[12.144272,55.044014],[12.142811,55.043626],[12.13957,55.041513],[12.141617,55.040586],[12.141756,55.040003],[12.139023,55.03832],[12.140264,55.037512],[12.139828,55.036994],[12.141538,55.035932],[12.141579,55.034984],[12.142706,55.034564],[12.141921,55.03399],[12.142985,55.034263],[12.142535,55.034006],[12.142711,55.033734],[12.143234,55.034016],[12.142987,55.033366],[12.144027,55.032382],[12.146179,55.031134],[12.146354,55.030328],[12.148064,55.029462],[12.153528,55.024791],[12.153557,55.02377],[12.156115,55.019769],[12.170897,55.004206],[12.171261,55.002185],[12.168508,54.995179],[12.169224,54.993285],[12.168938,54.99352],[12.168936,54.993232],[12.168219,54.993084],[12.168726,54.993573],[12.167541,54.99406],[12.168198,54.994072],[12.167914,54.995066],[12.167096,54.995196],[12.16655,54.994555],[12.167172,54.993854],[12.166618,54.993791],[12.16683,54.994026],[12.166501,54.994568],[12.166662,54.995155],[12.164847,54.995277],[12.164374,54.993969],[12.166464,54.993657],[12.164767,54.993674],[12.164323,54.993963],[12.164753,54.995256],[12.16512,54.995504],[12.164654,54.99604],[12.160169,54.99599],[12.15873,54.995559],[12.162118,54.992327],[12.161507,54.991887],[12.158102,54.995667],[12.156298,54.995981],[12.154283,54.995627],[12.151777,54.996234],[12.149434,54.99579],[12.149165,54.996251],[12.148299,54.995802],[12.147495,54.995975],[12.14656,54.995084],[12.144893,54.995239],[12.144889,54.99464],[12.142721,54.993774],[12.14307,54.993503],[12.140695,54.993076],[12.138553,54.994611],[12.136249,54.994561],[12.136283,54.994974],[12.135591,54.994404],[12.134505,54.994921],[12.131565,54.994531],[12.130502,54.993493],[12.128181,54.993612],[12.126625,54.994424],[12.124474,54.994359],[12.123807,54.994804],[12.12123,54.994976],[12.119552,54.993697],[12.114542,54.993058],[12.113492,54.992207],[12.108602,54.990311],[12.108235,54.989268],[12.10423,54.986364],[12.10592,54.985824],[12.104068,54.986204],[12.103356,54.98549],[12.103761,54.984308],[12.099862,54.982116],[12.098745,54.98277],[12.098691,54.982334],[12.097945,54.982293],[12.097709,54.983062],[12.094532,54.981699],[12.092821,54.978772],[12.09068,54.978591],[12.089457,54.976345],[12.086348,54.975812],[12.082281,54.97318],[12.079028,54.972159],[12.076302,54.969862],[12.076758,54.969288],[12.076289,54.969727],[12.076294,54.969277],[12.074273,54.969675],[12.070648,54.969183],[12.068848,54.967769],[12.066152,54.967228],[12.064265,54.965925],[12.062328,54.96587],[12.061903,54.965232],[12.058322,54.965249],[12.057171,54.964345],[12.053334,54.963419],[12.052803,54.962861],[12.053807,54.963467],[12.053878,54.963006],[12.053223,54.962682],[12.037854,54.962099],[12.022959,54.963053],[12.010342,54.965702],[12.000066,54.968809],[11.997744,54.968966],[11.978039,54.976677],[11.972191,54.980841],[11.970655,54.981021],[11.967872,54.983294],[11.960551,54.986718],[11.957147,54.991098],[11.956234,54.994497],[11.954328,54.996475],[11.951698,54.997639],[11.935958,54.99904],[11.932213,55.000448],[11.9311,55.000043],[11.930721,55.00072],[11.925038,55.001411],[11.921192,55.003573],[11.911202,55.004893],[11.907921,55.004137],[11.907891,55.003078],[11.911039,55.003188],[11.912272,55.001994],[11.91484,55.001992],[11.917584,55.000712],[11.919446,54.997896],[11.919583,54.996637],[11.918689,54.995191],[11.91462,54.995742],[11.910904,54.9955],[11.910225,54.994348],[11.905571,54.993419],[11.900307,54.994784],[11.899034,54.994008],[11.898243,54.994109],[11.899484,54.994632],[11.899375,54.995139],[11.897886,54.995179],[11.897377,54.994514],[11.897846,54.994264],[11.889347,54.997867],[11.887196,55.000448],[11.884172,55.00214],[11.879053,55.003841],[11.863756,55.007453],[11.856741,55.013305],[11.849369,55.017468],[11.842245,55.019985],[11.838275,55.020283],[11.829068,55.024035],[11.82666,55.027431],[11.824306,55.029369],[11.819529,55.03204],[11.816224,55.034588],[11.809497,55.037674],[11.802818,55.038782],[11.789436,55.043306],[11.766603,55.049575],[11.762944,55.049802],[11.753105,55.051932],[11.736236,55.053716],[11.729704,55.054973],[11.719733,55.058965],[11.713062,55.060443],[11.710567,55.061502],[11.707771,55.061407],[11.704843,55.062828],[11.701904,55.062705],[11.699233,55.063327],[11.696697,55.064678],[11.684424,55.068918],[11.680021,55.071742],[11.673198,55.073901],[11.66873,55.073701],[11.66442,55.074305],[11.661485,55.073722],[11.658316,55.073766],[11.654949,55.075479],[11.652223,55.075224],[11.648123,55.077828],[11.644512,55.078663],[11.642398,55.078664],[11.639328,55.077225],[11.638288,55.077783],[11.636165,55.07802],[11.631923,55.080477],[11.630914,55.0801],[11.628901,55.080524],[11.625708,55.080118],[11.621418,55.08236],[11.618824,55.082107],[11.618353,55.081145],[11.616251,55.08128],[11.619872,55.083184],[11.633919,55.082734],[11.646043,55.079782],[11.652798,55.079264],[11.65421,55.077782],[11.655598,55.077245],[11.667233,55.075283],[11.669751,55.074176],[11.672987,55.074063],[11.678087,55.0729],[11.686305,55.072746],[11.693795,55.070864],[11.700348,55.070287],[11.708773,55.068164],[11.722512,55.065756],[11.727284,55.06551],[11.735915,55.063772],[11.743063,55.063773],[11.747043,55.064376],[11.751217,55.063327],[11.754411,55.06149],[11.760956,55.060813],[11.76508,55.059859],[11.772993,55.056459],[11.778145,55.055434],[11.780498,55.055497],[11.787205,55.052571],[11.795017,55.050851],[11.799077,55.050463],[11.804224,55.048962],[11.812748,55.044264],[11.816045,55.043119],[11.822641,55.041897],[11.82458,55.041916],[11.825262,55.041444],[11.826066,55.041834],[11.827203,55.041511],[11.832328,55.04468],[11.83302,55.047049],[11.830713,55.052864],[11.829702,55.053844],[11.828275,55.054078],[11.8233,55.056911],[11.817917,55.061381],[11.815464,55.062697],[11.814181,55.064338],[11.811934,55.065359],[11.810764,55.069222],[11.811224,55.069427],[11.810463,55.069538],[11.808082,55.072836],[11.804364,55.073856],[11.800815,55.07579],[11.796657,55.077288],[11.794469,55.077486],[11.790119,55.07886],[11.785711,55.079304],[11.780631,55.081144],[11.779542,55.082602],[11.776873,55.083322],[11.775827,55.084974],[11.776271,55.085904],[11.774556,55.086572],[11.7735,55.085629],[11.768064,55.085304],[11.767318,55.08363],[11.768984,55.082968],[11.770199,55.080875],[11.769805,55.07985],[11.771884,55.078359],[11.775262,55.078062],[11.779073,55.076675],[11.780019,55.07767],[11.777879,55.075032],[11.776816,55.074577],[11.77315,55.07464],[11.766516,55.075444],[11.760759,55.076689],[11.75707,55.079656],[11.754538,55.080574],[11.750429,55.083268],[11.749104,55.085041],[11.749346,55.086653],[11.748257,55.087702],[11.749129,55.088345],[11.752353,55.089009],[11.753242,55.088848],[11.753842,55.087811],[11.756373,55.087399],[11.757598,55.089031],[11.758135,55.091817],[11.762114,55.092403],[11.762822,55.093766],[11.762415,55.094075],[11.759562,55.093513],[11.758131,55.093898],[11.759964,55.093393],[11.759275,55.093072],[11.759863,55.092984],[11.756095,55.091435],[11.751557,55.092193],[11.750566,55.092222],[11.749377,55.091818],[11.749272,55.092422],[11.746618,55.093998],[11.744731,55.093927],[11.741685,55.094954],[11.744692,55.09348],[11.742405,55.093734],[11.736545,55.098789],[11.72936,55.107233],[11.723587,55.109794],[11.720054,55.112871],[11.719504,55.124456],[11.724323,55.128701],[11.72763,55.128142],[11.729911,55.127079],[11.730479,55.125814],[11.731371,55.125506],[11.731427,55.125107],[11.729869,55.124677],[11.72957,55.123395],[11.728341,55.122578],[11.728562,55.121898],[11.727361,55.12114],[11.728115,55.120003],[11.729264,55.120131],[11.729801,55.120737],[11.7319,55.120717],[11.733907,55.121353],[11.73809,55.121297],[11.740557,55.120572],[11.743807,55.121108],[11.748972,55.121174],[11.752028,55.120605],[11.756374,55.119043],[11.75945,55.11858],[11.761076,55.119363],[11.762436,55.119361],[11.765068,55.121302],[11.76542,55.122258],[11.764171,55.123022],[11.765856,55.123496],[11.765304,55.124808],[11.766237,55.12531],[11.768399,55.129005],[11.769986,55.128907],[11.771262,55.130044],[11.77575,55.131182],[11.778375,55.132476],[11.78297,55.132924],[11.794031,55.131945],[11.797291,55.131431],[11.797904,55.130783],[11.800761,55.129994],[11.803363,55.129807],[11.803743,55.129223],[11.807654,55.128772],[11.80765,55.129266],[11.809479,55.130264],[11.812371,55.130014],[11.814128,55.13076],[11.81665,55.130966],[11.817678,55.131715],[11.817218,55.132478],[11.818168,55.132549],[11.817486,55.134191],[11.818224,55.134642],[11.817621,55.136021],[11.816576,55.136487],[11.817047,55.137049],[11.815712,55.138104],[11.816494,55.139011],[11.815217,55.139676],[11.814473,55.140996],[11.815147,55.14162],[11.813987,55.144077],[11.814506,55.145225],[11.8112,55.149139],[11.808864,55.150116],[11.807255,55.149723],[11.80538,55.150231],[11.802646,55.149771],[11.800817,55.150106],[11.795021,55.153766],[11.793203,55.153378],[11.791233,55.153607],[11.790203,55.153197],[11.788982,55.153454],[11.786948,55.152841],[11.784358,55.149766],[11.784319,55.147859],[11.784899,55.147607],[11.786025,55.148556],[11.786002,55.148134],[11.783035,55.146558],[11.780554,55.146477],[11.776545,55.147308],[11.773797,55.148712],[11.772001,55.148746],[11.772279,55.149456],[11.770872,55.149637],[11.771559,55.150162],[11.770911,55.150249],[11.77108,55.152125],[11.77461,55.154322],[11.774476,55.155606],[11.771976,55.156798],[11.765186,55.155502],[11.76268,55.154275],[11.762188,55.154582],[11.75905,55.153844],[11.754179,55.15359],[11.74627,55.154699],[11.743565,55.156263],[11.741424,55.156158],[11.739795,55.15573],[11.737918,55.153681],[11.735918,55.152609],[11.733209,55.15211],[11.730622,55.153005],[11.725259,55.153375],[11.720401,55.155306],[11.719581,55.155192],[11.718887,55.155772],[11.716216,55.156347],[11.713166,55.158896],[11.714451,55.163448],[11.713949,55.167704],[11.714537,55.168891],[11.723777,55.173947],[11.729695,55.174735],[11.732721,55.176494],[11.733618,55.176332],[11.735052,55.177307],[11.73688,55.17749],[11.737704,55.178247],[11.742924,55.180174],[11.742837,55.181412],[11.739844,55.182889],[11.739528,55.184315],[11.738689,55.184568],[11.734873,55.182722],[11.73296,55.183109],[11.73036,55.182265],[11.728237,55.182252],[11.728312,55.181775],[11.727387,55.181599],[11.724101,55.181863],[11.723263,55.182436],[11.723682,55.183681],[11.727189,55.187128],[11.726654,55.187637],[11.727875,55.187228],[11.731526,55.188428],[11.733341,55.191014],[11.733243,55.192398],[11.741592,55.194305],[11.745704,55.197366],[11.745045,55.197765],[11.744009,55.19757],[11.741006,55.19613],[11.73954,55.196409],[11.740205,55.197764],[11.738807,55.196595],[11.735924,55.196969],[11.732126,55.199826],[11.731468,55.201458],[11.719369,55.205723],[11.721624,55.205125],[11.72247,55.205814],[11.721578,55.206178],[11.720768,55.206071],[11.717482,55.207165],[11.716789,55.206862],[11.719179,55.205791],[11.713354,55.20744],[11.712823,55.208084],[11.713901,55.208505],[11.7137,55.207908],[11.716075,55.207367],[11.715118,55.208353],[11.714469,55.208148],[11.713906,55.209089],[11.705079,55.207538],[11.703604,55.207571],[11.702118,55.208187],[11.696548,55.207759],[11.692711,55.208659],[11.690348,55.207566],[11.685827,55.206665],[11.684239,55.204887],[11.682746,55.204901],[11.6811,55.204304],[11.678519,55.202068],[11.672449,55.200839],[11.672445,55.199626],[11.671357,55.198895],[11.670834,55.197539],[11.669976,55.196958],[11.668121,55.196953],[11.666969,55.196374],[11.665782,55.194435],[11.661282,55.192234],[11.660376,55.190264],[11.658538,55.189413],[11.656976,55.189261],[11.656046,55.188396],[11.655319,55.189109],[11.65557,55.188619],[11.654604,55.188894],[11.655605,55.188548],[11.654656,55.188171],[11.654479,55.186688],[11.654569,55.184543],[11.655559,55.183985],[11.655462,55.183154],[11.654328,55.183055],[11.655767,55.182858],[11.655892,55.181384],[11.654272,55.181375],[11.65574,55.181285],[11.655818,55.181053],[11.654661,55.180847],[11.651782,55.178587],[11.648544,55.17728],[11.641773,55.176215],[11.643749,55.176736],[11.643191,55.177292],[11.640413,55.176443],[11.640667,55.176261],[11.641403,55.176166],[11.641373,55.17611],[11.639157,55.17656],[11.639017,55.177195],[11.636971,55.176038],[11.636982,55.175276],[11.636755,55.175999],[11.638111,55.177172],[11.63416,55.180113],[11.630946,55.181555],[11.625869,55.182678],[11.619049,55.182366],[11.608015,55.186715],[11.596321,55.190215],[11.594166,55.190355],[11.588697,55.189093],[11.580413,55.188161],[11.571265,55.190667],[11.559685,55.190949],[11.557132,55.190398],[11.553649,55.19061],[11.551387,55.190242],[11.530574,55.19616],[11.52355,55.197291],[11.51589,55.197806],[11.504646,55.199838],[11.498713,55.199451],[11.49438,55.19794],[11.492007,55.197489],[11.491541,55.197664],[11.492866,55.197829],[11.492047,55.199062],[11.491148,55.199259],[11.491979,55.200022],[11.491943,55.201712],[11.491194,55.202563],[11.490093,55.202712],[11.488894,55.204766],[11.484016,55.205982],[11.477258,55.206968],[11.473403,55.2061],[11.472039,55.204901],[11.467534,55.204433],[11.46623,55.206015],[11.466901,55.206221],[11.466455,55.206788],[11.467275,55.208024],[11.468745,55.208717],[11.467944,55.21001],[11.462453,55.213236],[11.459035,55.213677],[11.45757,55.21603],[11.456033,55.216879],[11.454593,55.216717],[11.451261,55.214512],[11.450881,55.214703],[11.4518,55.215273],[11.450155,55.215873],[11.449745,55.215543],[11.450616,55.215508],[11.450796,55.214448],[11.447916,55.213734],[11.445531,55.213776],[11.44179,55.215557],[11.440435,55.217812],[11.43352,55.219441],[11.431852,55.219461],[11.429373,55.218674],[11.429088,55.217924],[11.429905,55.216691],[11.428402,55.216675],[11.428123,55.215686],[11.42599,55.214527],[11.424357,55.211],[11.423748,55.210351],[11.421625,55.209675],[11.420221,55.207449],[11.416176,55.206125],[11.414029,55.206345],[11.416598,55.203071],[11.424852,55.203742],[11.425765,55.204589],[11.425462,55.20583],[11.427444,55.20655],[11.431994,55.205373],[11.431474,55.204338],[11.429597,55.203379],[11.431741,55.203409],[11.432505,55.204822],[11.436331,55.206473],[11.438925,55.206299],[11.441144,55.204292],[11.444301,55.204846],[11.445285,55.204626],[11.445637,55.203787],[11.44868,55.203473],[11.44882,55.20278],[11.450174,55.202551],[11.448061,55.201614],[11.448296,55.20001],[11.447377,55.198926],[11.44852,55.198628],[11.44822,55.197781],[11.449465,55.197474],[11.45119,55.198006],[11.452001,55.197156],[11.45471,55.196797],[11.455102,55.196287],[11.453668,55.195098],[11.455382,55.194639],[11.456266,55.193687],[11.454326,55.193444],[11.454385,55.192821],[11.456001,55.191542],[11.457967,55.191516],[11.458428,55.191037],[11.457982,55.189117],[11.455941,55.188291],[11.456126,55.187806],[11.45851,55.188555],[11.458435,55.188902],[11.459199,55.188655],[11.460626,55.189231],[11.461489,55.188784],[11.46248,55.189731],[11.467038,55.190511],[11.468974,55.191515],[11.468941,55.191945],[11.469305,55.191659],[11.469725,55.192849],[11.470238,55.193214],[11.469884,55.191579],[11.466634,55.190053],[11.465411,55.188911],[11.458479,55.187577],[11.450442,55.186778],[11.446811,55.187183],[11.440422,55.186142],[11.434297,55.185901],[11.422412,55.188084],[11.403369,55.190641],[11.398306,55.190478],[11.390874,55.189014],[11.384343,55.188848],[11.384947,55.189878],[11.385542,55.189886],[11.385648,55.189284],[11.38774,55.189564],[11.391614,55.194106],[11.393867,55.195642],[11.396124,55.196377],[11.396016,55.195986],[11.398659,55.194789],[11.398783,55.19434],[11.397832,55.194094],[11.399263,55.193333],[11.399065,55.192744],[11.403068,55.191966],[11.404472,55.191014],[11.404759,55.191692],[11.403599,55.192502],[11.403689,55.192977],[11.404205,55.192803],[11.403357,55.193611],[11.404585,55.194255],[11.411891,55.19261],[11.414521,55.190756],[11.41698,55.190371],[11.416362,55.189653],[11.417078,55.189149],[11.421116,55.188586],[11.42203,55.189567],[11.42059,55.191423],[11.416329,55.192149],[11.416766,55.194256],[11.415998,55.19563],[11.416885,55.196603],[11.415292,55.199831],[11.415921,55.201702],[11.415385,55.202213],[11.413682,55.201868],[11.414219,55.202369],[11.415956,55.202222],[11.416604,55.202733],[11.413482,55.206499],[11.409443,55.205681],[11.406646,55.206698],[11.402816,55.206682],[11.399998,55.208143],[11.397203,55.208907],[11.394448,55.206156],[11.391218,55.205196],[11.386932,55.204988],[11.384684,55.204028],[11.379081,55.198985],[11.368614,55.197927],[11.365987,55.198405],[11.361972,55.200133],[11.356838,55.204517],[11.35392,55.208614],[11.352331,55.209706],[11.350251,55.209751],[11.350203,55.209218],[11.348421,55.208185],[11.346552,55.207453],[11.345217,55.207511],[11.341636,55.205872],[11.340861,55.203997],[11.341875,55.201878],[11.339174,55.200338],[11.336913,55.200049],[11.331683,55.205051],[11.330471,55.209475],[11.327061,55.209382],[11.325941,55.209766],[11.326524,55.209625],[11.326603,55.210065],[11.325392,55.209767],[11.323532,55.210497],[11.321212,55.210157],[11.319138,55.210748],[11.315965,55.209037],[11.31541,55.207736],[11.317365,55.20804],[11.317409,55.207412],[11.316438,55.206641],[11.314998,55.206729],[11.315461,55.205842],[11.314811,55.2051],[11.315449,55.20417],[11.314698,55.20302],[11.31259,55.203093],[11.31262,55.200985],[11.311806,55.200263],[11.312176,55.199331],[11.313031,55.199114],[11.318022,55.194408],[11.321128,55.19435],[11.326216,55.196211],[11.325584,55.195023],[11.326975,55.194444],[11.328488,55.195123],[11.330369,55.195272],[11.331627,55.194168],[11.334784,55.195145],[11.335025,55.194559],[11.336652,55.194146],[11.33927,55.194338],[11.341435,55.193438],[11.342822,55.193734],[11.345363,55.19304],[11.347609,55.19309],[11.349402,55.192247],[11.352416,55.192392],[11.352222,55.191941],[11.353561,55.191563],[11.352793,55.192376],[11.353126,55.19336],[11.354406,55.191657],[11.356189,55.191223],[11.357555,55.189011],[11.361906,55.188407],[11.364743,55.18742],[11.367197,55.187556],[11.370944,55.186968],[11.370291,55.186761],[11.358197,55.18807],[11.355611,55.189033],[11.352539,55.191187],[11.343074,55.192539],[11.333764,55.192498],[11.323888,55.193771],[11.309941,55.194769],[11.305559,55.194404],[11.299123,55.192854],[11.295291,55.192736],[11.288231,55.196232],[11.288176,55.196923],[11.284096,55.199476],[11.278427,55.200818],[11.266244,55.200204],[11.260483,55.201017],[11.256895,55.199674],[11.258099,55.198274],[11.25981,55.197611],[11.259721,55.197529],[11.258082,55.198072],[11.254746,55.201055],[11.256734,55.199735],[11.259463,55.201196],[11.258905,55.201612],[11.257817,55.201147],[11.252257,55.203616],[11.251596,55.204022],[11.251889,55.20502],[11.245055,55.204789],[11.245307,55.204411],[11.245091,55.204343],[11.244429,55.205259],[11.245054,55.204831],[11.251912,55.20506],[11.253073,55.205724],[11.252405,55.206473],[11.252375,55.205857],[11.25107,55.205259],[11.248747,55.205185],[11.244173,55.207951],[11.24559,55.208464],[11.245345,55.208939],[11.243419,55.208392],[11.247234,55.209604],[11.249035,55.208578],[11.250378,55.208855],[11.249545,55.209331],[11.249249,55.208851],[11.248751,55.210166],[11.24574,55.212016],[11.244925,55.212318],[11.243681,55.212061],[11.2432,55.212192],[11.244644,55.212416],[11.237834,55.217581],[11.237591,55.220442],[11.241268,55.22144],[11.247772,55.221666],[11.251334,55.22261],[11.247246,55.226694],[11.246811,55.22635],[11.246135,55.226762],[11.245844,55.226062],[11.245339,55.226271],[11.245558,55.227419],[11.244338,55.229619],[11.240509,55.234304],[11.235312,55.239208],[11.233824,55.242032],[11.234203,55.244725],[11.238282,55.247022],[11.238093,55.247445],[11.238976,55.246362],[11.242358,55.244887],[11.248133,55.243928],[11.246674,55.243694],[11.245285,55.242234],[11.246659,55.240676],[11.253555,55.239453],[11.256511,55.240057],[11.259971,55.239682],[11.261535,55.239249],[11.261273,55.238541],[11.263212,55.23756],[11.265389,55.237208],[11.266634,55.237176],[11.269345,55.238322],[11.270246,55.238204],[11.271923,55.236676],[11.273862,55.236688],[11.273556,55.235376],[11.275277,55.234466],[11.279191,55.234804],[11.281353,55.236118],[11.280628,55.239197],[11.282145,55.242888],[11.283754,55.244829],[11.288815,55.247503],[11.289352,55.251088],[11.288238,55.252095],[11.289445,55.251977],[11.290156,55.252587],[11.289708,55.252955],[11.291488,55.253225],[11.292411,55.255316],[11.297021,55.255537],[11.298591,55.256024],[11.300093,55.25771],[11.301161,55.261423],[11.305872,55.266375],[11.306916,55.270979],[11.305904,55.272803],[11.305855,55.275384],[11.303424,55.275653],[11.302283,55.276412],[11.302023,55.278749],[11.300492,55.279545],[11.29769,55.279488],[11.294795,55.277699],[11.29323,55.277961],[11.291355,55.277593],[11.286908,55.27285],[11.287265,55.270615],[11.285826,55.267609],[11.28582,55.262873],[11.284724,55.260761],[11.285229,55.258597],[11.283806,55.257219],[11.283978,55.256764],[11.291966,55.25535],[11.291932,55.25461],[11.291395,55.253815],[11.288926,55.253026],[11.283318,55.252204],[11.279997,55.249747],[11.277096,55.248804],[11.276589,55.247666],[11.273764,55.247071],[11.271106,55.244706],[11.269849,55.240033],[11.267315,55.239333],[11.267165,55.238721],[11.266225,55.238894],[11.263077,55.241295],[11.261848,55.243571],[11.257797,55.247094],[11.254361,55.248239],[11.252158,55.248399],[11.250696,55.24777],[11.248744,55.247874],[11.247496,55.247359],[11.246434,55.24578],[11.246251,55.246386],[11.244604,55.246927],[11.243647,55.248407],[11.24179,55.248845],[11.240715,55.248228],[11.241012,55.248948],[11.238597,55.249805],[11.240554,55.250983],[11.24357,55.254847],[11.244836,55.25785],[11.245117,55.261636],[11.242688,55.267364],[11.237036,55.273384],[11.2376,55.278147],[11.237175,55.28167],[11.235825,55.285003],[11.233792,55.287215],[11.231741,55.287858],[11.229445,55.289487],[11.225552,55.291222],[11.219509,55.292918],[11.210065,55.294733],[11.204761,55.297967],[11.20066,55.299618],[11.181631,55.305353],[11.176608,55.305343],[11.173926,55.306159],[11.15308,55.319543],[11.149954,55.320818],[11.148355,55.320717],[11.135824,55.324661],[11.131749,55.325307],[11.128843,55.326765],[11.128099,55.328225],[11.128699,55.328086],[11.128972,55.326819],[11.130202,55.326215],[11.132313,55.327433],[11.131976,55.329057],[11.131284,55.32888],[11.129674,55.329674],[11.127041,55.328968],[11.126822,55.328213],[11.126788,55.32884],[11.127357,55.329187],[11.125317,55.331889],[11.125308,55.332476],[11.125737,55.333233],[11.125553,55.33173],[11.127465,55.329539],[11.128857,55.329971],[11.128027,55.33138],[11.129243,55.329912],[11.130683,55.33028],[11.129393,55.332303],[11.127272,55.333808],[11.12898,55.33269],[11.129855,55.33307],[11.130937,55.332304],[11.130732,55.33178],[11.133911,55.332767],[11.132657,55.334121],[11.13104,55.334029],[11.133826,55.334392],[11.134244,55.333184],[11.135331,55.333471],[11.134732,55.334287],[11.135409,55.334455],[11.133977,55.334444],[11.136988,55.334946],[11.138285,55.33195],[11.139397,55.331204],[11.141936,55.330642],[11.154295,55.329848],[11.154836,55.329584],[11.154228,55.328033],[11.154725,55.327673],[11.160222,55.326962],[11.163136,55.327709],[11.170189,55.328505],[11.174205,55.327742],[11.178384,55.325399],[11.183801,55.325464],[11.188165,55.326505],[11.188351,55.32781],[11.189606,55.327612],[11.190401,55.328034],[11.189144,55.33061],[11.190087,55.33146],[11.19383,55.332116],[11.197908,55.334452],[11.203004,55.335329],[11.20546,55.336402],[11.207372,55.338887],[11.207564,55.341764],[11.205838,55.344357],[11.199924,55.345908],[11.196813,55.345836],[11.192639,55.347146],[11.191344,55.349163],[11.189788,55.349265],[11.18419,55.352548],[11.182229,55.352819],[11.182221,55.353305],[11.180697,55.35403],[11.179151,55.35418],[11.176334,55.353395],[11.173827,55.354517],[11.172629,55.354178],[11.172668,55.353641],[11.171292,55.354448],[11.164995,55.354372],[11.156916,55.350973],[11.156562,55.350174],[11.157213,55.34949],[11.157008,55.348005],[11.161395,55.345793],[11.157138,55.343878],[11.157335,55.341972],[11.158315,55.340979],[11.160515,55.340954],[11.160508,55.339537],[11.162809,55.338525],[11.163302,55.33773],[11.161622,55.337085],[11.155321,55.336485],[11.149407,55.335058],[11.149581,55.33434],[11.146661,55.33372],[11.146466,55.332551],[11.141389,55.331398],[11.138844,55.335651],[11.133487,55.335676],[11.134612,55.336559],[11.131319,55.335661],[11.132243,55.336436],[11.130075,55.335872],[11.12991,55.336223],[11.124041,55.337485],[11.121458,55.334267],[11.123705,55.337399],[11.12231,55.338605],[11.116583,55.340909],[11.115266,55.342471],[11.113088,55.343777],[11.108441,55.343569],[11.105812,55.344046],[11.108613,55.343645],[11.112419,55.343894],[11.112538,55.344529],[11.110304,55.347068],[11.110659,55.3474],[11.109139,55.346981],[11.110186,55.347878],[11.108986,55.347742],[11.109456,55.34849],[11.104147,55.345155],[11.104384,55.344828],[11.103476,55.345892],[11.103119,55.347605],[11.100969,55.348062],[11.096209,55.348399],[11.094254,55.34781],[11.093121,55.346797],[11.092436,55.346909],[11.094529,55.34957],[11.093959,55.351984],[11.102385,55.359331],[11.107973,55.366157],[11.113275,55.370235],[11.114025,55.370314],[11.114456,55.369012],[11.1169,55.368561],[11.116913,55.365726],[11.120991,55.364775],[11.128427,55.364985],[11.132184,55.365688],[11.137636,55.367481],[11.142447,55.366695],[11.149475,55.367368],[11.158977,55.371056],[11.162148,55.371733],[11.16485,55.37322],[11.165643,55.373094],[11.171665,55.377197],[11.174742,55.378884],[11.177138,55.379587],[11.180258,55.379251],[11.185712,55.380558],[11.19059,55.380885],[11.195344,55.382368],[11.197822,55.382031],[11.202043,55.382697],[11.206681,55.385793],[11.212762,55.3912],[11.214385,55.394873],[11.214667,55.399841],[11.213295,55.403327],[11.209422,55.405399],[11.205026,55.408806],[11.202234,55.412968],[11.196204,55.416288],[11.194992,55.41829],[11.196291,55.42419],[11.201766,55.433763],[11.203887,55.439549],[11.204115,55.445461],[11.203199,55.449572],[11.19985,55.455083],[11.196439,55.458144],[11.192262,55.459928],[11.189399,55.464468],[11.181541,55.470685],[11.177698,55.475998],[11.177365,55.479982],[11.178226,55.488825],[11.175869,55.493008],[11.174873,55.492934],[11.171933,55.493726],[11.174977,55.492984],[11.175637,55.493517],[11.174321,55.493544],[11.173835,55.494176],[11.173017,55.493799],[11.174764,55.495117],[11.172462,55.498532],[11.166754,55.503017],[11.162743,55.505265],[11.160218,55.506076],[11.159569,55.505649],[11.157514,55.505855],[11.155384,55.506754],[11.156392,55.507008],[11.156004,55.506779],[11.157919,55.505974],[11.159784,55.506209],[11.154754,55.507806],[11.153098,55.507704],[11.150603,55.509016],[11.144875,55.513452],[11.141123,55.515606],[11.136042,55.523355],[11.130517,55.525533],[11.127127,55.526161],[11.126897,55.527052],[11.125291,55.528052],[11.125614,55.530145],[11.124023,55.530269],[11.124949,55.530701],[11.122204,55.531846],[11.123061,55.532623],[11.120401,55.531791],[11.118446,55.529567],[11.116326,55.529493],[11.116877,55.528916],[11.116445,55.528382],[11.115392,55.528416],[11.115785,55.527979],[11.115215,55.527545],[11.115934,55.52738],[11.114869,55.527152],[11.11551,55.526972],[11.115107,55.526841],[11.114699,55.526567],[11.115121,55.526354],[11.115754,55.526818],[11.116257,55.526175],[11.114756,55.525811],[11.115386,55.525753],[11.114869,55.525505],[11.115919,55.523526],[11.117836,55.522212],[11.118496,55.52255],[11.119011,55.522324],[11.119933,55.523052],[11.120401,55.52249],[11.120946,55.522746],[11.121018,55.521806],[11.122187,55.523456],[11.122358,55.522763],[11.124657,55.524256],[11.12464,55.523794],[11.119621,55.520017],[11.118191,55.517745],[11.119948,55.51721],[11.117851,55.516839],[11.119261,55.516671],[11.119944,55.517075],[11.121153,55.517382],[11.119221,55.516574],[11.116823,55.516137],[11.115363,55.515236],[11.114558,55.513445],[11.11262,55.512208],[11.105991,55.510932],[11.094678,55.510791],[11.090763,55.511681],[11.08585,55.515147],[11.083388,55.514768],[11.080419,55.515094],[11.083513,55.520513],[11.088271,55.533717],[11.089601,55.534442],[11.092584,55.534837],[11.096357,55.536114],[11.09712,55.535923],[11.097834,55.534379],[11.099153,55.533849],[11.104635,55.533643],[11.11052,55.535177],[11.114797,55.536911],[11.117367,55.537022],[11.123997,55.537067],[11.126851,55.536403],[11.129373,55.535195],[11.132825,55.535209],[11.138382,55.535929],[11.143708,55.538153],[11.143882,55.537705],[11.140261,55.536113],[11.140397,55.535429],[11.141527,55.535016],[11.139951,55.534762],[11.140002,55.534268],[11.139244,55.534108],[11.140773,55.532656],[11.144581,55.532023],[11.145172,55.532678],[11.147337,55.53252],[11.150897,55.533573],[11.151762,55.534664],[11.15267,55.534563],[11.153193,55.535084],[11.152075,55.535697],[11.152818,55.536502],[11.153273,55.53594],[11.153602,55.536417],[11.152818,55.536908],[11.152951,55.53772],[11.154348,55.537969],[11.155612,55.537536],[11.156708,55.538119],[11.156757,55.538413],[11.154731,55.538494],[11.153098,55.538262],[11.151569,55.53694],[11.147446,55.536424],[11.142592,55.535061],[11.140435,55.535888],[11.143798,55.537016],[11.142551,55.536814],[11.144264,55.53781],[11.144238,55.538624],[11.151323,55.545324],[11.156448,55.554177],[11.15831,55.558763],[11.157675,55.55934],[11.157751,55.564881],[11.156648,55.569667],[11.153656,55.573562],[11.151087,55.583502],[11.149294,55.587578],[11.142922,55.594853],[11.137949,55.602584],[11.126746,55.615486],[11.121195,55.618942],[11.110785,55.623837],[11.102236,55.626043],[11.096832,55.628959],[11.086448,55.632788],[11.083754,55.633101],[11.071755,55.637811],[11.064912,55.639474],[11.055357,55.643042],[11.049932,55.64444],[11.039374,55.649363],[11.036445,55.649601],[11.027205,55.652065],[11.020912,55.652417],[11.008947,55.654794],[10.997801,55.655799],[10.97445,55.656579],[10.964321,55.658154],[10.959271,55.658366],[10.953044,55.657833],[10.946995,55.659155],[10.943478,55.658846],[10.94042,55.662253],[10.937284,55.663167],[10.933353,55.663484],[10.933578,55.665857],[10.931785,55.66853],[10.932348,55.670324],[10.935492,55.672842],[10.937344,55.673551],[10.940941,55.673791],[10.951385,55.671506],[10.957985,55.671755],[10.962027,55.670295],[10.96219,55.668964],[10.964454,55.668253],[10.968828,55.66795],[10.972197,55.668296],[10.980828,55.666882],[10.9867,55.666898],[10.998911,55.669245],[11.016489,55.667383],[11.017477,55.666869],[11.024959,55.66615],[11.027054,55.66536],[11.036303,55.665474],[11.052039,55.662519],[11.055169,55.662421],[11.057116,55.661767],[11.058581,55.661961],[11.058934,55.66486],[11.066574,55.663561],[11.066795,55.661283],[11.071931,55.662582],[11.072009,55.663286],[11.071227,55.663745],[11.072341,55.663397],[11.07752,55.66355],[11.081668,55.661137],[11.07735,55.663763],[11.0736,55.663706],[11.071947,55.663776],[11.071435,55.663941],[11.077411,55.663872],[11.078068,55.664427],[11.073476,55.665457],[11.078132,55.664501],[11.07928,55.665331],[11.084415,55.665497],[11.08566,55.664567],[11.086116,55.664522],[11.086284,55.661474],[11.087229,55.661353],[11.091125,55.664626],[11.095934,55.663983],[11.096649,55.665553],[11.096857,55.665137],[11.097172,55.6655],[11.092085,55.666665],[11.09625,55.665983],[11.096744,55.667037],[11.101941,55.666634],[11.103591,55.669003],[11.102935,55.669321],[11.101228,55.669711],[11.099021,55.667988],[11.091786,55.669021],[11.089825,55.669789],[11.08955,55.670381],[11.090945,55.672892],[11.098049,55.671919],[11.097152,55.673048],[11.097599,55.674097],[11.103,55.673975],[11.101805,55.676237],[11.100732,55.676376],[11.099991,55.674868],[11.095025,55.674953],[11.094208,55.676057],[11.091646,55.676979],[11.091,55.676976],[11.090745,55.675837],[11.089812,55.67594],[11.08951,55.677018],[11.082576,55.677403],[11.083256,55.677775],[11.082083,55.677888],[11.083277,55.67784],[11.083376,55.678161],[11.081978,55.678345],[11.08188,55.677862],[11.081748,55.678371],[11.079841,55.67856],[11.076533,55.680332],[11.075164,55.680711],[11.074148,55.680416],[11.07213,55.680636],[11.070893,55.680208],[11.069625,55.678377],[11.074084,55.676388],[11.071674,55.675635],[11.074561,55.674804],[11.074797,55.673693],[11.073948,55.673729],[11.074688,55.673267],[11.074598,55.672062],[11.077063,55.670593],[11.076224,55.67069],[11.076451,55.670262],[11.077484,55.669869],[11.079741,55.67068],[11.078876,55.670123],[11.077401,55.669705],[11.076941,55.669808],[11.069373,55.675938],[11.068234,55.677562],[11.061124,55.682725],[11.043405,55.688799],[11.040898,55.690184],[11.038196,55.692894],[11.035403,55.694402],[11.030266,55.696355],[11.027572,55.696766],[11.023776,55.698382],[11.019997,55.701642],[11.018023,55.702202],[11.014984,55.704059],[11.010032,55.709163],[11.00477,55.712781],[11.001114,55.717779],[10.994702,55.723984],[10.990611,55.724679],[10.98454,55.727166],[10.977163,55.727742],[10.967152,55.729698],[10.959941,55.729172],[10.952752,55.727653],[10.949365,55.727397],[10.938564,55.728099],[10.934117,55.728001],[10.928456,55.726842],[10.91997,55.727571],[10.91806,55.727307],[10.901842,55.730432],[10.898902,55.731623],[10.89584,55.732081],[10.888108,55.73512],[10.885296,55.735046],[10.877961,55.740311],[10.872961,55.74225],[10.868342,55.743307]]],[[[10.943867,57.23717],[10.94368,57.237382],[10.944147,57.237446],[10.943867,57.23717]]],[[[10.9463,57.233221],[10.946957,57.233204],[10.947583,57.233025],[10.946788,57.232719],[10.9463,57.233221]]],[[[10.948907,57.222955],[10.949577,57.223263],[10.950076,57.223238],[10.949606,57.222752],[10.948907,57.222955]]],[[[10.949717,57.218659],[10.950536,57.219663],[10.952673,57.220308],[10.953324,57.218553],[10.955357,57.217783],[10.954753,57.21728],[10.953442,57.217252],[10.953597,57.216931],[10.955002,57.216741],[10.955515,57.217171],[10.955061,57.216484],[10.953524,57.21617],[10.951907,57.217204],[10.950976,57.217107],[10.949717,57.218659]]],[[[10.950183,57.223166],[10.950981,57.223426],[10.952371,57.223114],[10.950691,57.222844],[10.950183,57.223166]]],[[[10.952799,57.220358],[10.954529,57.220716],[10.95831,57.22043],[10.959278,57.21963],[10.957486,57.218869],[10.957638,57.219529],[10.9575,57.219675],[10.955456,57.218194],[10.953299,57.218744],[10.952799,57.220358]]],[[[10.955094,57.233126],[10.955657,57.233974],[10.957672,57.233846],[10.957317,57.233535],[10.956256,57.233732],[10.956933,57.233466],[10.956019,57.233045],[10.955094,57.233126]]],[[[10.954605,57.213112],[10.955178,57.213647],[10.955567,57.213698],[10.955666,57.212758],[10.954605,57.213112]]],[[[10.955276,57.217287],[10.954974,57.217249],[10.955344,57.217565],[10.955276,57.217287]]],[[[10.955088,57.221242],[10.956794,57.221532],[10.958748,57.221247],[10.956747,57.221077],[10.958115,57.220639],[10.955088,57.221242]]],[[[10.954611,57.211217],[10.956168,57.212741],[10.957883,57.212811],[10.960016,57.212737],[10.958967,57.212093],[10.963753,57.212037],[10.965736,57.211155],[10.964749,57.210485],[10.962239,57.210203],[10.963867,57.209997],[10.961633,57.209192],[10.955379,57.210595],[10.954611,57.211217]]],[[[10.95608,57.227953],[10.955982,57.228363],[10.956466,57.228292],[10.95608,57.227953]]],[[[10.956197,57.21412],[10.957107,57.214382],[10.959102,57.213983],[10.959641,57.213267],[10.95722,57.2131],[10.956197,57.21412]]],[[[10.956772,57.212845],[10.956681,57.213184],[10.957593,57.21291],[10.956772,57.212845]]],[[[10.957019,57.214542],[10.959081,57.214952],[10.959533,57.214073],[10.958375,57.214191],[10.957019,57.214542]]],[[[10.958284,57.228972],[10.962715,57.229112],[10.962616,57.228557],[10.960875,57.228308],[10.962204,57.227483],[10.961416,57.227204],[10.95935,57.227776],[10.958294,57.22833],[10.958284,57.228972]]],[[[10.958072,57.20959],[10.957924,57.209774],[10.958229,57.209574],[10.958072,57.20959]]],[[[10.959024,57.217432],[10.961532,57.218604],[10.963471,57.217571],[10.962925,57.216741],[10.960746,57.216252],[10.959024,57.217432]]],[[[10.963958,57.218222],[10.964599,57.218628],[10.965234,57.21822],[10.964813,57.217543],[10.963958,57.218222]]],[[[10.922282,56.405398],[10.92355,56.406121],[10.926874,56.405272],[10.926845,56.404498],[10.925349,56.403191],[10.924638,56.403487],[10.926537,56.404449],[10.925585,56.405423],[10.924775,56.405623],[10.924644,56.404922],[10.922282,56.405398]]],[[[10.926078,56.414536],[10.926354,56.412627],[10.927832,56.411947],[10.926143,56.412398],[10.926078,56.414536]]],[[[10.968006,57.213813],[10.970156,57.213541],[10.97024,57.213063],[10.968917,57.213573],[10.969358,57.213177],[10.968503,57.213253],[10.968006,57.213813]]],[[[10.968565,57.215869],[10.969587,57.215548],[10.969793,57.2152],[10.969458,57.215235],[10.968565,57.215869]]],[[[10.927871,56.405997],[10.927872,56.406827],[10.927989,56.405961],[10.927871,56.405997]]],[[[10.970258,57.216664],[10.970866,57.217072],[10.972201,57.216037],[10.970718,57.216213],[10.970258,57.216664]]],[[[10.971256,57.215357],[10.970962,57.215713],[10.971896,57.215502],[10.971256,57.215357]]],[[[10.970996,57.215232],[10.970903,57.215384],[10.971146,57.215302],[10.970996,57.215232]]],[[[10.971223,57.217184],[10.972046,57.219609],[10.974855,57.21805],[10.975786,57.216851],[10.974596,57.216646],[10.974467,57.215543],[10.972512,57.216175],[10.971223,57.217184]]],[[[10.97147,57.215667],[10.971687,57.215712],[10.97192,57.215622],[10.97147,57.215667]]],[[[10.971943,57.221439],[10.972639,57.221622],[10.973413,57.22145],[10.972134,57.220826],[10.971943,57.221439]]],[[[10.93067,56.41443],[10.930896,56.416302],[10.932248,56.417861],[10.93067,56.41443]]],[[[10.973516,57.219288],[10.974283,57.219188],[10.974874,57.218658],[10.973847,57.218997],[10.973516,57.219288]]],[[[10.975555,57.215741],[10.975419,57.21588],[10.975738,57.215987],[10.975555,57.215741]]],[[[10.978807,57.212331],[10.97938,57.212596],[10.97957,57.21239],[10.978807,57.212331]]],[[[10.980314,57.212851],[10.98219,57.213705],[10.982557,57.213053],[10.982863,57.212923],[10.981157,57.212409],[10.980314,57.212851]]],[[[10.880036,55.213638],[10.883243,55.217241],[10.885366,55.218705],[10.889457,55.221029],[10.889796,55.221102],[10.886438,55.219084],[10.88305,55.21595],[10.881622,55.212866],[10.881594,55.210775],[10.880036,55.213638]]],[[[10.982351,57.213848],[10.98369,57.21599],[10.988384,57.217073],[10.989947,57.215872],[10.992254,57.215605],[10.988227,57.214894],[10.98303,57.212981],[10.982351,57.213848]]],[[[10.987408,57.205453],[10.987887,57.207259],[10.993096,57.209594],[11.000974,57.210766],[10.994911,57.207613],[10.993327,57.205022],[10.991906,57.204062],[10.992944,57.203315],[10.991694,57.202991],[10.988473,57.203747],[10.987408,57.205453]]],[[[10.883894,55.145877],[10.884335,55.145575],[10.884639,55.145036],[10.884224,55.145573],[10.883894,55.145877]]],[[[10.885469,55.143613],[10.885439,55.143923],[10.885479,55.143608],[10.885469,55.143613]]],[[[10.990037,57.216753],[10.990625,57.216742],[10.991888,57.21627],[10.990598,57.216312],[10.990037,57.216753]]],[[[10.991077,57.218873],[10.991114,57.219236],[10.991466,57.218963],[10.991077,57.218873]]],[[[10.991618,57.210367],[10.993797,57.211246],[10.998279,57.21109],[10.995724,57.210457],[10.991904,57.210098],[10.991618,57.210367]]],[[[10.991888,57.197233],[10.992122,57.197528],[10.992085,57.197081],[10.991888,57.197233]]],[[[10.993432,57.202028],[10.995419,57.207518],[10.998403,57.208794],[11.000358,57.210291],[11.004409,57.210148],[11.014504,57.211545],[11.029608,57.214722],[11.034894,57.213542],[11.040817,57.210124],[11.040666,57.208065],[11.038044,57.20595],[11.034432,57.204367],[11.028925,57.202965],[11.012909,57.201449],[11.006574,57.201562],[11.002814,57.202176],[11.002604,57.201362],[10.999972,57.200724],[10.997345,57.199396],[10.995533,57.199756],[10.995217,57.200535],[10.993724,57.200921],[10.993432,57.202028]]],[[[10.995326,57.212024],[10.997621,57.212885],[10.996948,57.21247],[10.999302,57.213073],[10.999254,57.212343],[10.996938,57.212001],[10.998031,57.211867],[10.995326,57.212024]]],[[[10.995229,57.199733],[10.995288,57.199769],[10.995315,57.199723],[10.995229,57.199733]]],[[[10.999601,57.212386],[10.999537,57.213091],[11.001035,57.212815],[10.999601,57.212386]]],[[[10.999632,57.21325],[11.000434,57.213577],[11.002921,57.213838],[11.000927,57.213046],[10.999632,57.21325]]],[[[10.999872,57.211292],[11.003644,57.212825],[11.008164,57.212841],[11.006004,57.212561],[11.002252,57.211017],[10.999872,57.211292]]],[[[10.999546,57.19965],[11.001016,57.200504],[11.00363,57.200258],[11.003243,57.199676],[11.004064,57.199995],[11.00238,57.199203],[10.999546,57.19965]]],[[[11.002301,57.210682],[11.006586,57.212254],[11.007216,57.212258],[11.006214,57.211337],[11.004541,57.210882],[11.006075,57.21097],[11.005256,57.210512],[11.00382,57.210322],[11.002301,57.210682]]],[[[11.003138,57.217327],[11.003206,57.217428],[11.003363,57.217349],[11.003138,57.217327]]],[[[11.005042,57.217673],[11.005016,57.217789],[11.005125,57.217749],[11.005042,57.217673]]],[[[11.010133,57.219387],[11.010786,57.219633],[11.011224,57.219713],[11.01085,57.219385],[11.010133,57.219387]]],[[[11.009652,57.201033],[11.011083,57.201226],[11.012881,57.201159],[11.011182,57.200518],[11.009652,57.201033]]],[[[11.012351,57.21334],[11.012067,57.213433],[11.012404,57.21338],[11.012351,57.21334]]],[[[11.012511,57.213563],[11.012936,57.21408],[11.017899,57.214903],[11.020386,57.215754],[11.021176,57.215824],[11.020297,57.215418],[11.023568,57.215939],[11.01821,57.21416],[11.013787,57.213387],[11.012511,57.213563]]],[[[11.038375,57.228229],[11.038784,57.22861],[11.040074,57.228745],[11.038375,57.228229]]],[[[10.945028,55.325491],[10.951962,55.328999],[10.958344,55.331262],[10.961811,55.333484],[10.963558,55.335498],[10.968045,55.337062],[10.972378,55.339575],[10.979732,55.340054],[10.986972,55.341984],[10.98898,55.341517],[10.988964,55.340122],[10.978059,55.336283],[10.976114,55.334681],[10.990992,55.33693],[10.992254,55.336423],[10.991731,55.335567],[10.977057,55.333717],[10.972348,55.332611],[10.971858,55.332044],[10.970849,55.332184],[10.969912,55.331507],[10.973353,55.331068],[10.983815,55.33323],[10.985839,55.334236],[10.988286,55.334355],[10.986659,55.333666],[10.96796,55.329527],[10.967759,55.329014],[10.967405,55.329394],[10.966422,55.329201],[10.968231,55.328724],[10.966152,55.329077],[10.954702,55.327992],[10.946542,55.324869],[10.945635,55.324851],[10.945028,55.325491]]],[[[11.067151,57.240957],[11.069004,57.241496],[11.071635,57.241712],[11.069717,57.240345],[11.067151,57.240957]]],[[[11.070673,57.242313],[11.06842,57.242202],[11.072335,57.243423],[11.070673,57.242313]]],[[[10.954756,54.82868],[10.955417,54.832091],[10.957999,54.834902],[10.961727,54.836732],[10.965469,54.837164],[10.969383,54.836372],[10.973753,54.834818],[10.979238,54.831468],[10.985534,54.828759],[10.986588,54.827421],[10.986567,54.826861],[10.984509,54.82874],[10.982602,54.828929],[10.977646,54.831414],[10.975999,54.831681],[10.974952,54.831231],[10.970936,54.83339],[10.963858,54.835173],[10.961882,54.833765],[10.962152,54.831979],[10.963504,54.830891],[10.968035,54.828845],[10.968504,54.826516],[10.967876,54.825553],[10.963004,54.826971],[10.961115,54.826808],[10.957508,54.822724],[10.957907,54.816392],[10.959547,54.811685],[10.962644,54.808292],[10.9621,54.806815],[10.963297,54.805944],[10.963907,54.804677],[10.963445,54.8043],[10.964655,54.804285],[10.965197,54.803043],[10.966715,54.802981],[10.966571,54.801994],[10.969704,54.798574],[10.971809,54.797673],[10.972892,54.798541],[10.974759,54.798513],[10.975328,54.797875],[10.974357,54.797901],[10.972628,54.7963],[10.974485,54.796395],[10.975221,54.795384],[10.974862,54.794849],[10.977352,54.794281],[10.97649,54.793304],[10.977318,54.792632],[10.979017,54.794492],[10.979792,54.797163],[10.984351,54.798783],[10.986415,54.799022],[10.993608,54.7971],[10.998656,54.797812],[11.004577,54.801161],[11.008312,54.801929],[11.013553,54.807818],[11.011189,54.810352],[11.006994,54.813323],[10.994036,54.817287],[10.985236,54.82103],[10.9853,54.821382],[11.000992,54.820242],[11.002648,54.8189],[11.007797,54.816787],[11.014816,54.814924],[11.016476,54.815302],[11.015139,54.816961],[11.015394,54.817235],[11.016148,54.815874],[11.017271,54.81618],[11.016414,54.817164],[11.015651,54.817026],[11.016532,54.817423],[11.017968,54.816019],[11.018731,54.81622],[11.017589,54.817535],[11.016645,54.81753],[11.017581,54.817695],[11.018512,54.816706],[11.021804,54.816291],[11.025521,54.814682],[11.029459,54.810542],[11.037369,54.810555],[11.037862,54.812208],[11.038785,54.812422],[11.041092,54.810535],[11.042318,54.807965],[11.042848,54.804064],[11.044839,54.798864],[11.057216,54.799081],[11.058284,54.799892],[11.059867,54.799129],[11.069814,54.799349],[11.072768,54.802227],[11.078911,54.804603],[11.08009,54.806889],[11.076703,54.80898],[11.072912,54.810332],[11.072369,54.812554],[11.068046,54.813747],[11.067456,54.814291],[11.067707,54.820043],[11.070018,54.822324],[11.072444,54.822185],[11.07137,54.820562],[11.073451,54.817355],[11.074329,54.816986],[11.075755,54.817278],[11.078944,54.816912],[11.081084,54.815309],[11.082641,54.812423],[11.084906,54.811188],[11.092743,54.812018],[11.093504,54.812495],[11.09512,54.814387],[11.097326,54.819387],[11.10045,54.822347],[11.109143,54.824956],[11.112491,54.824762],[11.113043,54.825734],[11.111321,54.826654],[11.109795,54.83102],[11.112602,54.831528],[11.114241,54.830833],[11.1196,54.830963],[11.123157,54.829456],[11.1239,54.829939],[11.122293,54.83096],[11.12773,54.831259],[11.130264,54.829776],[11.136431,54.827919],[11.139043,54.828095],[11.139366,54.828402],[11.13758,54.82842],[11.132073,54.830009],[11.130122,54.83161],[11.129109,54.831703],[11.129921,54.831732],[11.127401,54.83223],[11.125138,54.834521],[11.122723,54.834277],[11.124332,54.83286],[11.121123,54.834266],[11.119591,54.834229],[11.1188,54.834095],[11.117336,54.832474],[11.115336,54.832135],[11.109748,54.832984],[11.105624,54.834773],[11.102682,54.83488],[11.094993,54.833847],[11.094796,54.831152],[11.093646,54.8333],[11.09259,54.833184],[11.093068,54.831403],[11.094002,54.831357],[11.094193,54.830907],[11.091957,54.830913],[11.09048,54.83046],[11.09003,54.829787],[11.086542,54.829515],[11.086134,54.830345],[11.087355,54.830833],[11.090243,54.830643],[11.089478,54.833414],[11.087975,54.835087],[11.08337,54.836135],[11.07977,54.835418],[11.078422,54.834448],[11.077114,54.835472],[11.07728,54.836504],[11.080327,54.839118],[11.078661,54.847775],[11.078061,54.848131],[11.074117,54.848252],[11.069028,54.847928],[11.068094,54.849929],[11.069323,54.853258],[11.06748,54.855753],[11.065967,54.856884],[11.063093,54.857016],[11.058933,54.861094],[11.055829,54.861122],[11.0553,54.861463],[11.055782,54.863304],[11.061165,54.86814],[11.061049,54.869165],[11.059805,54.86967],[11.053471,54.869864],[11.049758,54.869098],[11.046959,54.867359],[11.045224,54.867545],[11.043694,54.868769],[11.044353,54.872005],[11.04597,54.873221],[11.046047,54.874557],[11.045079,54.875617],[11.041467,54.876646],[11.038991,54.875713],[11.036046,54.872734],[11.035128,54.871089],[11.036218,54.871413],[11.035931,54.872053],[11.036571,54.872344],[11.036551,54.87162],[11.035471,54.87055],[11.036852,54.870961],[11.036647,54.870623],[11.033503,54.870075],[11.028665,54.871186],[11.028132,54.872232],[11.030236,54.874936],[11.029917,54.875358],[11.027446,54.875021],[11.026977,54.875142],[11.029273,54.875306],[11.029765,54.875753],[11.02834,54.875833],[11.031553,54.87664],[11.032256,54.878076],[11.031944,54.879336],[11.029784,54.881862],[11.028114,54.882139],[11.026742,54.881801],[11.025711,54.880847],[11.025946,54.880165],[11.024284,54.879604],[11.024833,54.87825],[11.024729,54.877554],[11.024193,54.877283],[11.024571,54.878058],[11.023687,54.878033],[11.023559,54.877327],[11.023427,54.877955],[11.021408,54.879249],[11.018107,54.880101],[11.018647,54.8849],[11.015678,54.888938],[11.022509,54.90294],[11.023392,54.906308],[11.028283,54.913872],[11.034823,54.918307],[11.042772,54.920082],[11.050127,54.922623],[11.054417,54.926023],[11.057326,54.926797],[11.057716,54.927556],[11.060156,54.928222],[11.066616,54.933263],[11.068645,54.936498],[11.072356,54.939359],[11.084104,54.942527],[11.087469,54.942344],[11.087974,54.940361],[11.089256,54.939927],[11.091589,54.939923],[11.0925,54.940639],[11.096763,54.941598],[11.099157,54.941728],[11.104812,54.94049],[11.105775,54.94057],[11.106298,54.941236],[11.106411,54.939967],[11.113372,54.937314],[11.114407,54.937474],[11.115431,54.937017],[11.118885,54.931613],[11.119972,54.931655],[11.120863,54.932617],[11.119783,54.933623],[11.120274,54.937115],[11.118323,54.940454],[11.115983,54.941687],[11.114762,54.941815],[11.111172,54.943937],[11.111343,54.946386],[11.110145,54.946734],[11.108502,54.946529],[11.107576,54.946743],[11.106876,54.947143],[11.108344,54.9466],[11.10868,54.947155],[11.107085,54.947479],[11.10651,54.94707],[11.107177,54.947648],[11.111086,54.946825],[11.116383,54.949332],[11.123546,54.947141],[11.125338,54.945707],[11.129086,54.944594],[11.130714,54.94536],[11.129926,54.946201],[11.130867,54.947302],[11.131231,54.949678],[11.12985,54.951431],[11.13065,54.951906],[11.13401,54.95222],[11.137986,54.950959],[11.13919,54.949687],[11.143346,54.94926],[11.149412,54.952912],[11.155594,54.954539],[11.156573,54.956031],[11.161541,54.956788],[11.162526,54.956422],[11.162766,54.955648],[11.164256,54.955763],[11.166862,54.954861],[11.168325,54.955531],[11.167628,54.956068],[11.168584,54.956812],[11.170162,54.95695],[11.172705,54.958961],[11.17625,54.959938],[11.18168,54.960699],[11.185538,54.960735],[11.191967,54.960045],[11.200981,54.960376],[11.21939,54.958551],[11.233544,54.958359],[11.261838,54.956959],[11.268629,54.955951],[11.26972,54.954956],[11.272417,54.954036],[11.27391,54.952417],[11.278492,54.950992],[11.283267,54.950463],[11.284343,54.952226],[11.284726,54.952305],[11.284327,54.951806],[11.284921,54.951601],[11.285108,54.951859],[11.284673,54.952114],[11.284808,54.952166],[11.285187,54.951907],[11.284944,54.951462],[11.283855,54.951064],[11.283251,54.950125],[11.283996,54.948885],[11.293496,54.945525],[11.303159,54.93912],[11.305938,54.93605],[11.311779,54.931329],[11.315136,54.927841],[11.315995,54.925805],[11.318032,54.924251],[11.319782,54.923999],[11.323985,54.925026],[11.328059,54.924463],[11.334348,54.922794],[11.340752,54.921906],[11.343529,54.921957],[11.347069,54.921105],[11.349782,54.919128],[11.353357,54.918219],[11.354909,54.917043],[11.358705,54.916303],[11.35937,54.916584],[11.361293,54.916556],[11.360021,54.91644],[11.35983,54.915793],[11.35746,54.915565],[11.357708,54.914559],[11.358751,54.914666],[11.357836,54.914274],[11.358191,54.913152],[11.359812,54.913348],[11.35909,54.915129],[11.359866,54.915702],[11.359468,54.915121],[11.360173,54.913224],[11.358291,54.912841],[11.358154,54.912351],[11.363212,54.906076],[11.363066,54.903866],[11.360774,54.900032],[11.361417,54.897413],[11.3639,54.894893],[11.371092,54.892203],[11.379556,54.884823],[11.383561,54.883258],[11.38793,54.882692],[11.392765,54.881416],[11.396379,54.878603],[11.398912,54.877424],[11.409469,54.876824],[11.413739,54.874134],[11.417252,54.87288],[11.420367,54.870908],[11.429401,54.870294],[11.430704,54.870534],[11.431366,54.869551],[11.432464,54.869187],[11.432433,54.868719],[11.431784,54.869338],[11.43112,54.868686],[11.432008,54.86841],[11.430434,54.868025],[11.426702,54.865597],[11.426233,54.863922],[11.427622,54.862673],[11.429288,54.862107],[11.430217,54.862262],[11.432656,54.861041],[11.43403,54.861373],[11.435848,54.863825],[11.439384,54.863684],[11.441575,54.864823],[11.446642,54.865641],[11.451875,54.864584],[11.457708,54.864145],[11.464458,54.86277],[11.468834,54.859045],[11.469518,54.85739],[11.468347,54.854919],[11.465271,54.852582],[11.465412,54.851255],[11.466251,54.850673],[11.465971,54.848653],[11.466561,54.848345],[11.464084,54.845115],[11.465059,54.843916],[11.464609,54.843169],[11.466642,54.841898],[11.466328,54.840539],[11.46781,54.839599],[11.470132,54.83911],[11.474659,54.84046],[11.476033,54.84131],[11.486505,54.837852],[11.48768,54.837905],[11.490412,54.839307],[11.492101,54.838952],[11.490297,54.838742],[11.491253,54.838079],[11.490701,54.837805],[11.489497,54.838316],[11.487305,54.837212],[11.488646,54.836461],[11.49279,54.838261],[11.493786,54.837553],[11.491977,54.835994],[11.489939,54.83552],[11.492746,54.832526],[11.492879,54.831572],[11.491758,54.831225],[11.492633,54.831088],[11.493894,54.831915],[11.496513,54.832193],[11.504992,54.831032],[11.508796,54.832848],[11.510879,54.833308],[11.518287,54.832289],[11.526065,54.829992],[11.530363,54.829939],[11.531743,54.829119],[11.535702,54.829637],[11.543752,54.82809],[11.548965,54.829116],[11.554007,54.829206],[11.55861,54.826715],[11.55863,54.826059],[11.559503,54.825969],[11.56027,54.825007],[11.561027,54.825328],[11.563302,54.823662],[11.56456,54.824102],[11.56527,54.823533],[11.567713,54.8238],[11.575628,54.825905],[11.581441,54.825505],[11.590022,54.826553],[11.595949,54.824427],[11.597969,54.822842],[11.600286,54.819066],[11.602075,54.819353],[11.607233,54.815283],[11.61095,54.814623],[11.615927,54.812369],[11.616021,54.811492],[11.619193,54.811992],[11.619192,54.811171],[11.620415,54.810772],[11.621199,54.811167],[11.626998,54.806136],[11.63164,54.804151],[11.634744,54.802166],[11.635066,54.802382],[11.637188,54.801391],[11.635206,54.803585],[11.633943,54.803518],[11.627179,54.806733],[11.626264,54.808125],[11.621481,54.811735],[11.61502,54.8157],[11.607522,54.818495],[11.606245,54.820348],[11.602605,54.822415],[11.599194,54.825476],[11.596203,54.82671],[11.593001,54.826883],[11.594128,54.828259],[11.5931,54.830495],[11.588831,54.830884],[11.584445,54.833512],[11.578167,54.833411],[11.575384,54.834352],[11.573044,54.83618],[11.570083,54.840318],[11.567645,54.84139],[11.565002,54.841772],[11.561398,54.846224],[11.564217,54.852062],[11.568178,54.851407],[11.573878,54.852117],[11.575266,54.853001],[11.57619,54.854664],[11.579655,54.855665],[11.582527,54.857383],[11.583827,54.857416],[11.588117,54.855192],[11.593924,54.853735],[11.597042,54.85156],[11.600521,54.850286],[11.60464,54.850097],[11.607328,54.848939],[11.60979,54.848592],[11.620764,54.849828],[11.628224,54.852189],[11.634534,54.856406],[11.637829,54.857891],[11.64424,54.857648],[11.646215,54.858222],[11.651182,54.858363],[11.65185,54.859031],[11.651312,54.864693],[11.648075,54.867094],[11.643762,54.869072],[11.642631,54.871161],[11.643081,54.874624],[11.645177,54.878353],[11.646078,54.882812],[11.648337,54.886179],[11.648599,54.888411],[11.643337,54.894223],[11.636581,54.898914],[11.635375,54.901331],[11.637197,54.903946],[11.639212,54.9023],[11.642243,54.901717],[11.650056,54.902961],[11.655464,54.901298],[11.659617,54.90118],[11.663345,54.897489],[11.666588,54.896134],[11.672393,54.896031],[11.675084,54.8918],[11.684163,54.886422],[11.706096,54.876217],[11.71378,54.874283],[11.716007,54.873096],[11.719314,54.872524],[11.721973,54.87257],[11.732812,54.873683],[11.74124,54.875065],[11.743399,54.874682],[11.744657,54.872991],[11.747549,54.871732],[11.745496,54.870847],[11.746474,54.870158],[11.744479,54.870353],[11.743107,54.867943],[11.74145,54.866516],[11.739092,54.865704],[11.739134,54.86432],[11.73832,54.863353],[11.739002,54.862187],[11.737284,54.860734],[11.737286,54.858427],[11.741008,54.855466],[11.741972,54.852617],[11.743829,54.851179],[11.743408,54.848485],[11.744395,54.846531],[11.743961,54.845691],[11.744356,54.845027],[11.746065,54.844581],[11.749136,54.841859],[11.749557,54.839311],[11.757495,54.838634],[11.75923,54.839005],[11.760723,54.837824],[11.77977,54.831436],[11.794089,54.833672],[11.79413,54.832882],[11.789445,54.831804],[11.788535,54.827689],[11.787077,54.825227],[11.781201,54.820808],[11.779818,54.819168],[11.779694,54.817455],[11.780788,54.815263],[11.780259,54.810411],[11.781533,54.807933],[11.78286,54.807797],[11.781935,54.806816],[11.783534,54.806906],[11.782969,54.806677],[11.785475,54.8045],[11.786291,54.804632],[11.786417,54.804033],[11.787417,54.803682],[11.790395,54.803603],[11.791087,54.802552],[11.797948,54.799219],[11.798777,54.798414],[11.798721,54.796765],[11.799583,54.796691],[11.799958,54.795784],[11.800829,54.795481],[11.799657,54.794481],[11.799899,54.794096],[11.802884,54.793645],[11.80413,54.794516],[11.809539,54.793834],[11.811229,54.788363],[11.81192,54.788429],[11.811751,54.79105],[11.812548,54.791333],[11.818082,54.790906],[11.821942,54.789706],[11.826699,54.785951],[11.829127,54.784976],[11.833706,54.780182],[11.841234,54.777625],[11.840824,54.776345],[11.841293,54.776707],[11.842057,54.776383],[11.841242,54.777135],[11.842166,54.777144],[11.846166,54.77578],[11.852937,54.772457],[11.855115,54.769597],[11.856884,54.76876],[11.855868,54.76768],[11.856709,54.764919],[11.856471,54.760789],[11.862358,54.760822],[11.860476,54.760661],[11.860612,54.760111],[11.857856,54.759945],[11.857169,54.758504],[11.855992,54.758222],[11.856036,54.757835],[11.859281,54.757712],[11.863575,54.758475],[11.864054,54.758034],[11.857224,54.756061],[11.859611,54.755491],[11.861261,54.753435],[11.861147,54.751833],[11.863694,54.751129],[11.864367,54.750459],[11.86555,54.747741],[11.865471,54.743352],[11.866762,54.740875],[11.86667,54.738715],[11.864195,54.73571],[11.858123,54.733865],[11.85751,54.733205],[11.858039,54.732383],[11.85735,54.732621],[11.855026,54.73221],[11.854229,54.731003],[11.851981,54.729709],[11.849603,54.729128],[11.847015,54.729242],[11.846446,54.728448],[11.847748,54.727185],[11.845923,54.726463],[11.83898,54.72677],[11.833336,54.72626],[11.829016,54.728068],[11.827888,54.729665],[11.824875,54.731976],[11.822859,54.731932],[11.820466,54.732635],[11.818579,54.732185],[11.817712,54.732493],[11.815479,54.734021],[11.816594,54.734752],[11.81449,54.735663],[11.81349,54.73697],[11.812661,54.736918],[11.812061,54.736337],[11.813145,54.736846],[11.814163,54.735559],[11.815569,54.734855],[11.815414,54.734453],[11.813972,54.73446],[11.813951,54.73371],[11.815899,54.731955],[11.818658,54.730551],[11.818156,54.72938],[11.817177,54.729637],[11.816714,54.729549],[11.817481,54.728748],[11.815125,54.728762],[11.816357,54.728725],[11.81617,54.728252],[11.817286,54.728157],[11.818997,54.72923],[11.820364,54.728922],[11.816005,54.726782],[11.815978,54.723954],[11.81519,54.723797],[11.814891,54.723008],[11.81629,54.721875],[11.81863,54.721544],[11.818422,54.720947],[11.819183,54.720555],[11.820989,54.720824],[11.821409,54.720303],[11.822643,54.720113],[11.823207,54.718783],[11.820433,54.717498],[11.820586,54.716835],[11.818303,54.717481],[11.816208,54.717138],[11.816447,54.716763],[11.81207,54.716393],[11.811598,54.715843],[11.810177,54.716094],[11.807994,54.715082],[11.806704,54.713704],[11.807411,54.713352],[11.806805,54.712975],[11.807524,54.711971],[11.80913,54.711474],[11.809684,54.710304],[11.81198,54.709916],[11.810878,54.709219],[11.811785,54.709021],[11.812111,54.708158],[11.810854,54.707547],[11.806979,54.706991],[11.807344,54.706141],[11.806664,54.705614],[11.808914,54.706773],[11.813259,54.707956],[11.8176,54.706534],[11.816751,54.705913],[11.815653,54.70586],[11.815785,54.705309],[11.814,54.705174],[11.815968,54.704898],[11.815976,54.704016],[11.818955,54.703379],[11.818431,54.703017],[11.820454,54.702721],[11.826291,54.700345],[11.825786,54.70011],[11.828022,54.69985],[11.830114,54.698444],[11.833542,54.697567],[11.836192,54.696328],[11.836677,54.696793],[11.837374,54.696283],[11.839976,54.695859],[11.84284,54.695933],[11.845698,54.694311],[11.848402,54.695058],[11.848219,54.695983],[11.848946,54.696213],[11.849979,54.696229],[11.850229,54.695849],[11.851905,54.696463],[11.853181,54.696077],[11.85663,54.694062],[11.85731,54.692795],[11.858621,54.692597],[11.86015,54.691534],[11.858818,54.691333],[11.857863,54.690586],[11.860534,54.68658],[11.85855,54.685129],[11.854683,54.684525],[11.854177,54.68402],[11.85143,54.683975],[11.850893,54.683565],[11.849868,54.683862],[11.845511,54.683673],[11.840681,54.68281],[11.838506,54.682944],[11.838528,54.681429],[11.839368,54.680452],[11.848563,54.677464],[11.852334,54.675269],[11.85159,54.674578],[11.848606,54.674584],[11.847958,54.674017],[11.844008,54.673235],[11.840143,54.671446],[11.839341,54.670543],[11.840146,54.668781],[11.841987,54.667533],[11.845173,54.666344],[11.8482,54.666064],[11.841002,54.66623],[11.835182,54.664879],[11.833411,54.663553],[11.831828,54.663526],[11.829257,54.662441],[11.827689,54.66246],[11.824835,54.660348],[11.823195,54.660324],[11.822281,54.659824],[11.821906,54.658915],[11.817434,54.659149],[11.818325,54.65856],[11.823969,54.65789],[11.827208,54.656041],[11.829416,54.655582],[11.833529,54.652921],[11.834169,54.651534],[11.83136,54.651477],[11.831099,54.651052],[11.830067,54.65109],[11.829804,54.650344],[11.828336,54.650506],[11.825078,54.649569],[11.824036,54.650886],[11.818566,54.651477],[11.817529,54.650027],[11.818583,54.647716],[11.816767,54.646704],[11.813671,54.647134],[11.81345,54.647768],[11.811426,54.648618],[11.808851,54.648305],[11.809006,54.647304],[11.807813,54.646086],[11.806016,54.645821],[11.803784,54.644688],[11.804962,54.643947],[11.808644,54.643374],[11.808428,54.64234],[11.804582,54.643144],[11.802769,54.642667],[11.79917,54.643375],[11.794349,54.645696],[11.788133,54.646868],[11.786836,54.648324],[11.784977,54.649127],[11.779583,54.648734],[11.76921,54.649552],[11.765975,54.650976],[11.75753,54.651074],[11.755319,54.652143],[11.753456,54.651406],[11.749745,54.65084],[11.74815,54.651168],[11.738353,54.651021],[11.732039,54.653044],[11.728792,54.653553],[11.728457,54.655224],[11.730331,54.655493],[11.731432,54.656649],[11.732664,54.65674],[11.734078,54.658633],[11.731118,54.661604],[11.730177,54.661663],[11.730869,54.661951],[11.729635,54.663147],[11.730457,54.663915],[11.726654,54.665833],[11.725692,54.665762],[11.725036,54.665095],[11.724826,54.663877],[11.721666,54.664368],[11.720511,54.663355],[11.721507,54.662638],[11.72037,54.662081],[11.721012,54.661721],[11.720176,54.660699],[11.72262,54.658494],[11.721648,54.657345],[11.723013,54.65682],[11.723339,54.657331],[11.723654,54.657328],[11.724208,54.656592],[11.723751,54.655481],[11.721649,54.655347],[11.719308,54.653548],[11.712058,54.651844],[11.710965,54.652001],[11.708575,54.653575],[11.704608,54.659905],[11.701969,54.661581],[11.691268,54.664114],[11.689714,54.663685],[11.690405,54.6641],[11.689195,54.664358],[11.689312,54.66377],[11.687966,54.664565],[11.683507,54.663456],[11.679168,54.663226],[11.675832,54.661764],[11.674032,54.662099],[11.669596,54.661907],[11.669155,54.662743],[11.669977,54.664469],[11.667393,54.665507],[11.66806,54.665713],[11.667925,54.666546],[11.666536,54.666376],[11.665548,54.667495],[11.664717,54.667173],[11.664958,54.666598],[11.663894,54.66532],[11.662783,54.664923],[11.662564,54.663576],[11.660738,54.663169],[11.660296,54.662217],[11.662406,54.661118],[11.663419,54.661208],[11.662262,54.660287],[11.663523,54.660275],[11.663646,54.659841],[11.661849,54.659062],[11.662083,54.658014],[11.658246,54.657277],[11.657253,54.657996],[11.658349,54.65867],[11.657481,54.65968],[11.655834,54.659896],[11.653244,54.6594],[11.652812,54.658873],[11.654435,54.65909],[11.65375,54.658364],[11.65031,54.657761],[11.649069,54.657961],[11.647014,54.659545],[11.646781,54.660479],[11.644468,54.661625],[11.639659,54.662606],[11.637141,54.662168],[11.634351,54.662399],[11.633534,54.662954],[11.630856,54.663318],[11.627835,54.662574],[11.626687,54.660774],[11.627928,54.66005],[11.62659,54.659422],[11.621079,54.659565],[11.618127,54.65871],[11.612903,54.659639],[11.607739,54.659425],[11.606872,54.661386],[11.604394,54.66166],[11.601228,54.662856],[11.600879,54.66283],[11.600445,54.662505],[11.600205,54.662499],[11.6006,54.662846],[11.600144,54.662639],[11.600084,54.663034],[11.600046,54.662663],[11.599762,54.663086],[11.600024,54.662552],[11.599438,54.663297],[11.597606,54.663879],[11.591063,54.664913],[11.589056,54.664653],[11.589477,54.664091],[11.588499,54.664307],[11.585868,54.663802],[11.582921,54.662763],[11.583317,54.661548],[11.585128,54.661409],[11.587159,54.660476],[11.587301,54.659961],[11.588345,54.660101],[11.588293,54.65922],[11.590782,54.659062],[11.589023,54.657865],[11.584892,54.658528],[11.582353,54.65692],[11.578423,54.656794],[11.5724,54.658083],[11.571073,54.657899],[11.570806,54.658226],[11.564744,54.658858],[11.562558,54.658321],[11.562451,54.659323],[11.5616,54.659504],[11.560654,54.658997],[11.560042,54.655882],[11.562629,54.654697],[11.563761,54.654679],[11.563489,54.654415],[11.56584,54.653458],[11.567562,54.653651],[11.569078,54.651947],[11.561353,54.652174],[11.556805,54.652925],[11.551029,54.651427],[11.548789,54.649246],[11.550645,54.647835],[11.550491,54.645673],[11.549896,54.646547],[11.550053,54.645793],[11.549391,54.645866],[11.550172,54.645593],[11.548853,54.645534],[11.544699,54.642376],[11.544551,54.641818],[11.545274,54.641451],[11.543097,54.639866],[11.539867,54.639739],[11.536711,54.63857],[11.532519,54.638103],[11.529151,54.638405],[11.525813,54.638066],[11.524628,54.638706],[11.521974,54.638809],[11.520639,54.636048],[11.517896,54.635448],[11.514919,54.635621],[11.515847,54.636744],[11.511619,54.636349],[11.511866,54.637156],[11.511217,54.636981],[11.511439,54.636313],[11.509943,54.636589],[11.497021,54.63541],[11.491674,54.630767],[11.489354,54.629593],[11.490317,54.628834],[11.489522,54.628888],[11.48939,54.6283],[11.487184,54.628424],[11.486015,54.627908],[11.47298,54.618257],[11.463007,54.612533],[11.463756,54.611724],[11.461882,54.611881],[11.46059,54.611131],[11.460426,54.610315],[11.462114,54.609954],[11.462488,54.608957],[11.463629,54.608315],[11.472929,54.605644],[11.476912,54.603483],[11.479167,54.603027],[11.479566,54.602144],[11.481879,54.60121],[11.48669,54.601686],[11.488705,54.601262],[11.49166,54.598002],[11.494426,54.598163],[11.4954,54.597833],[11.497589,54.59903],[11.501302,54.599173],[11.503268,54.597788],[11.508128,54.596389],[11.512408,54.594376],[11.523634,54.595579],[11.526049,54.597465],[11.526199,54.598511],[11.529178,54.596432],[11.530524,54.596334],[11.53007,54.596554],[11.530659,54.597028],[11.532667,54.596995],[11.531073,54.595229],[11.528994,54.594947],[11.511318,54.593773],[11.50313,54.594612],[11.49353,54.596566],[11.483628,54.59934],[11.47146,54.605434],[11.461214,54.608684],[11.45198,54.612514],[11.44656,54.614041],[11.436104,54.619834],[11.419565,54.627434],[11.414028,54.63063],[11.407183,54.632884],[11.403894,54.634573],[11.388726,54.635099],[11.386804,54.634313],[11.383938,54.633551],[11.381126,54.633152],[11.37892,54.63306],[11.378188,54.632226],[11.379479,54.633964],[11.379045,54.633145],[11.386365,54.634277],[11.388559,54.636924],[11.376679,54.64027],[11.375632,54.638403],[11.373047,54.639143],[11.373457,54.635872],[11.375161,54.633285],[11.376661,54.634774],[11.375082,54.633114],[11.373257,54.635844],[11.372634,54.639421],[11.363386,54.642747],[11.361939,54.641841],[11.359731,54.64242],[11.359864,54.643545],[11.353232,54.646026],[11.347752,54.64965],[11.346526,54.649753],[11.345568,54.650018],[11.348221,54.649751],[11.354265,54.651112],[11.352907,54.651999],[11.351914,54.651483],[11.351532,54.651736],[11.352759,54.652271],[11.351622,54.652652],[11.352724,54.653328],[11.350545,54.652773],[11.351647,54.653501],[11.35005,54.65325],[11.350802,54.654516],[11.350121,54.654752],[11.347588,54.653707],[11.34675,54.654143],[11.351247,54.656701],[11.349862,54.657485],[11.347469,54.656126],[11.348004,54.655415],[11.347501,54.655097],[11.345831,54.6559],[11.344663,54.655699],[11.345918,54.654333],[11.344707,54.650675],[11.34447,54.651305],[11.334386,54.655237],[11.326753,54.658893],[11.317882,54.66413],[11.319602,54.66682],[11.316936,54.670812],[11.297318,54.685992],[11.285723,54.691113],[11.279093,54.693443],[11.268806,54.699547],[11.263085,54.702109],[11.253816,54.705498],[11.249711,54.705805],[11.251069,54.708095],[11.24883,54.70577],[11.249337,54.704783],[11.248544,54.705491],[11.24376,54.707307],[11.239682,54.708379],[11.234919,54.708753],[11.231059,54.708046],[11.22585,54.708938],[11.209238,54.715591],[11.200255,54.717975],[11.187043,54.71986],[11.155737,54.7286],[11.134132,54.732521],[11.119328,54.736936],[11.105864,54.739443],[11.089187,54.74134],[11.065472,54.745459],[11.053066,54.748461],[11.046051,54.750624],[11.036452,54.752645],[11.023388,54.757295],[11.005573,54.762538],[11.002645,54.764318],[10.997565,54.768783],[10.988606,54.779336],[10.97627,54.791492],[10.97601,54.792682],[10.970017,54.797057],[10.96278,54.804321],[10.956465,54.815184],[10.957003,54.819565],[10.954756,54.82868]]],[[[10.975444,54.795738],[10.975946,54.796239],[10.977019,54.796312],[10.9759,54.79549],[10.975444,54.795738]]],[[[11.124232,57.296899],[11.124906,57.297102],[11.128595,57.293234],[11.128624,57.292586],[11.124232,57.296899]]],[[[11.014065,54.841959],[11.015779,54.850871],[11.01644,54.851701],[11.01851,54.852173],[11.021458,54.850306],[11.023239,54.847895],[11.023428,54.846817],[11.021602,54.846635],[11.02058,54.845732],[11.020736,54.842353],[11.022765,54.842616],[11.0257,54.841728],[11.023223,54.839914],[11.024854,54.838652],[11.022952,54.839449],[11.020542,54.836711],[11.018842,54.830292],[11.020905,54.828828],[11.021548,54.82898],[11.020775,54.828473],[11.018712,54.828746],[11.017081,54.830721],[11.014451,54.837762],[11.014065,54.841959]]],[[[11.078319,55.913299],[11.079642,55.916976],[11.078811,55.919552],[11.079623,55.919769],[11.081895,55.919497],[11.083469,55.918091],[11.085191,55.917532],[11.090168,55.916715],[11.092326,55.915887],[11.098854,55.915563],[11.105111,55.912905],[11.116482,55.911729],[11.116193,55.909984],[11.117833,55.906944],[11.121912,55.903956],[11.12734,55.902345],[11.134031,55.899577],[11.139805,55.898708],[11.146418,55.897007],[11.151406,55.893122],[11.154564,55.891752],[11.156322,55.890395],[11.166224,55.887132],[11.16699,55.885093],[11.170906,55.882802],[11.17451,55.87969],[11.187307,55.8747],[11.191226,55.870976],[11.195298,55.869539],[11.198637,55.867533],[11.205706,55.866314],[11.210685,55.864545],[11.213584,55.863998],[11.214863,55.861702],[11.213937,55.859307],[11.214645,55.857059],[11.219353,55.853587],[11.216886,55.854721],[11.211152,55.859053],[11.205984,55.861356],[11.201156,55.862836],[11.19133,55.864996],[11.183303,55.865115],[11.178587,55.867447],[11.173963,55.86875],[11.161535,55.869237],[11.156156,55.870595],[11.148797,55.874424],[11.143962,55.876162],[11.140588,55.87989],[11.139441,55.880277],[11.137995,55.87965],[11.136992,55.879421],[11.138052,55.880121],[11.137315,55.879978],[11.135978,55.881072],[11.136798,55.880186],[11.135267,55.880046],[11.136178,55.880465],[11.135151,55.880439],[11.135603,55.880912],[11.134232,55.881282],[11.134274,55.880147],[11.136098,55.879459],[11.136322,55.878475],[11.134029,55.879866],[11.133864,55.881079],[11.119935,55.892589],[11.118112,55.895193],[11.115891,55.896819],[11.112525,55.898062],[11.109087,55.89793],[11.103423,55.899413],[11.099597,55.899658],[11.096965,55.900477],[11.095115,55.902283],[11.093023,55.903369],[11.090882,55.903685],[11.090408,55.903283],[11.087943,55.903404],[11.084633,55.904591],[11.08254,55.906809],[11.081691,55.909444],[11.078319,55.913299]]],[[[11.026998,54.876147],[11.0272,54.876628],[11.027255,54.87664],[11.026998,54.876147]]],[[[11.028609,54.876218],[11.028518,54.876373],[11.028709,54.876299],[11.028609,54.876218]]],[[[11.158709,57.26392],[11.158492,57.264081],[11.159242,57.264088],[11.158709,57.26392]]],[[[11.161008,57.263092],[11.16117,57.26312],[11.161148,57.262986],[11.161008,57.263092]]],[[[11.161141,57.263402],[11.161031,57.263427],[11.161142,57.26349],[11.161141,57.263402]]],[[[11.161296,57.263551],[11.161177,57.263775],[11.161209,57.263785],[11.161296,57.263551]]],[[[11.072365,55.665231],[11.072433,55.665305],[11.072463,55.665249],[11.072365,55.665231]]],[[[11.162284,57.269982],[11.162875,57.26974],[11.164043,57.269588],[11.163023,57.269336],[11.162284,57.269982]]],[[[11.16523,57.26797],[11.165466,57.268656],[11.165934,57.269119],[11.16523,57.26797]]],[[[11.033452,54.843871],[11.034512,54.844824],[11.037753,54.845842],[11.036684,54.843859],[11.033452,54.843871]]],[[[11.167694,57.27365],[11.168631,57.273604],[11.168844,57.273496],[11.168296,57.273377],[11.167694,57.27365]]],[[[11.169187,57.278875],[11.170477,57.279461],[11.171145,57.278573],[11.173574,57.278897],[11.176941,57.281078],[11.179458,57.284015],[11.180201,57.284313],[11.179699,57.282664],[11.174476,57.278698],[11.170488,57.278124],[11.169187,57.278875]]],[[[11.169383,57.274463],[11.16926,57.274798],[11.170344,57.275246],[11.169383,57.274463]]],[[[11.170155,57.27401],[11.169923,57.274141],[11.170195,57.274043],[11.170155,57.27401]]],[[[11.16991,57.272284],[11.169922,57.272482],[11.169964,57.272518],[11.16991,57.272284]]],[[[11.041951,54.925928],[11.045246,54.929237],[11.04996,54.931438],[11.052706,54.932161],[11.055655,54.932244],[11.057317,54.931588],[11.053578,54.931886],[11.050849,54.931445],[11.045681,54.928865],[11.045281,54.927764],[11.042828,54.926285],[11.043991,54.925522],[11.042427,54.925293],[11.041951,54.925928]]],[[[11.170387,57.27304],[11.170405,57.273282],[11.170695,57.273474],[11.170387,57.27304]]],[[[11.170822,57.273882],[11.171624,57.274821],[11.171862,57.274829],[11.171312,57.274048],[11.170822,57.273882]]],[[[11.073057,55.474019],[11.074581,55.476818],[11.077392,55.479337],[11.079084,55.482014],[11.081851,55.48204],[11.078881,55.480017],[11.078757,55.47729],[11.079539,55.476923],[11.085085,55.477209],[11.087642,55.476885],[11.088429,55.475422],[11.085559,55.474754],[11.081551,55.47516],[11.079796,55.474784],[11.075982,55.474836],[11.073057,55.474019]]],[[[11.174173,57.278324],[11.174669,57.278667],[11.175029,57.278466],[11.174173,57.278324]]],[[[11.175355,57.279114],[11.175999,57.278957],[11.176802,57.279089],[11.176172,57.278824],[11.175355,57.279114]]],[[[11.175634,57.278265],[11.175741,57.278413],[11.176361,57.278669],[11.175634,57.278265]]],[[[11.085346,55.664914],[11.085392,55.665078],[11.085515,55.664984],[11.085346,55.664914]]],[[[11.086362,55.664133],[11.086405,55.664299],[11.086526,55.664203],[11.086362,55.664133]]],[[[11.04584,54.829589],[11.046135,54.829986],[11.046903,54.830138],[11.04584,54.829589]]],[[[11.089948,55.666781],[11.089944,55.666901],[11.090051,55.666842],[11.089948,55.666781]]],[[[11.090966,55.666656],[11.090956,55.666735],[11.091026,55.666698],[11.090966,55.666656]]],[[[11.091495,55.666469],[11.091494,55.666584],[11.091584,55.666534],[11.091495,55.666469]]],[[[11.183045,57.287578],[11.1856,57.288653],[11.186188,57.288405],[11.185171,57.288284],[11.183978,57.28747],[11.184316,57.286851],[11.185597,57.286823],[11.184836,57.287824],[11.185519,57.288237],[11.188107,57.287085],[11.186095,57.286691],[11.186436,57.286216],[11.185766,57.286147],[11.183954,57.286558],[11.183045,57.287578]]],[[[11.049671,54.848712],[11.05339,54.852783],[11.053252,54.854162],[11.051266,54.856887],[11.05193,54.858748],[11.052968,54.859178],[11.053248,54.857553],[11.054016,54.8571],[11.053414,54.856934],[11.05417,54.85655],[11.053739,54.855772],[11.054182,54.855312],[11.056111,54.855011],[11.054916,54.854662],[11.055051,54.853905],[11.056255,54.853934],[11.055495,54.854306],[11.056496,54.853931],[11.058739,54.854005],[11.059935,54.852483],[11.057513,54.849537],[11.054864,54.84846],[11.054828,54.848065],[11.049671,54.848712]]],[[[11.187272,57.289996],[11.18784,57.290727],[11.190422,57.291317],[11.192584,57.293155],[11.193797,57.29329],[11.189498,57.287893],[11.187907,57.287824],[11.1882,57.289632],[11.187746,57.28907],[11.187272,57.289996]]],[[[11.052484,54.820361],[11.052285,54.821985],[11.05471,54.819116],[11.057281,54.818721],[11.056072,54.818591],[11.054576,54.819064],[11.052484,54.820361]]],[[[11.054035,54.84026],[11.055087,54.841349],[11.058796,54.842728],[11.059017,54.842077],[11.061729,54.84043],[11.06206,54.839182],[11.060603,54.839309],[11.058435,54.838645],[11.05692,54.837723],[11.057071,54.837033],[11.05833,54.836904],[11.057314,54.836715],[11.055058,54.838357],[11.054035,54.84026]]],[[[11.053618,54.83101],[11.054112,54.832201],[11.055443,54.833122],[11.054157,54.831035],[11.054224,54.829919],[11.053618,54.83101]]],[[[11.089549,55.484272],[11.089903,55.484991],[11.090357,55.485153],[11.091154,55.484606],[11.089549,55.484272]]],[[[11.063688,54.806474],[11.064486,54.807187],[11.064998,54.806578],[11.065708,54.807019],[11.066877,54.807276],[11.067303,54.80724],[11.065485,54.806175],[11.064036,54.806029],[11.063688,54.806474]]],[[[11.115695,55.527689],[11.115692,55.527736],[11.115829,55.527714],[11.115695,55.527689]]],[[[11.115692,55.524722],[11.117183,55.525521],[11.118342,55.52525],[11.117533,55.524108],[11.11632,55.524109],[11.115692,55.524722]]],[[[11.120978,55.523173],[11.12104,55.523231],[11.121014,55.523171],[11.120978,55.523173]]],[[[11.121112,55.522496],[11.121128,55.522587],[11.121231,55.522616],[11.121112,55.522496]]],[[[11.121489,55.522942],[11.121449,55.52309],[11.121469,55.523115],[11.121489,55.522942]]],[[[11.084846,54.825338],[11.089284,54.82799],[11.09201,54.827842],[11.094702,54.828423],[11.092782,54.826596],[11.091053,54.826002],[11.085635,54.825346],[11.085491,54.824861],[11.084846,54.825338]]],[[[11.123198,55.527809],[11.123731,55.528244],[11.125109,55.527954],[11.124308,55.527564],[11.123198,55.527809]]],[[[11.12437,55.528813],[11.123923,55.529015],[11.124692,55.528988],[11.12437,55.528813]]],[[[11.121725,55.33089],[11.119496,55.332416],[11.121933,55.330906],[11.121725,55.33089]]],[[[11.140641,55.535416],[11.14076,55.535538],[11.140911,55.535396],[11.140641,55.535416]]],[[[11.142057,55.533579],[11.141915,55.534986],[11.143724,55.534428],[11.143228,55.533783],[11.142057,55.533579]]],[[[11.137526,55.367686],[11.137628,55.367861],[11.137887,55.367863],[11.137526,55.367686]]],[[[11.150654,55.536571],[11.152144,55.537022],[11.152326,55.536938],[11.152038,55.53635],[11.150654,55.536571]]],[[[11.133136,55.159754],[11.144476,55.164033],[11.151914,55.168853],[11.15632,55.17041],[11.158806,55.172031],[11.160857,55.172203],[11.159605,55.171563],[11.159429,55.170768],[11.160114,55.171529],[11.160295,55.170882],[11.161664,55.170594],[11.161818,55.171181],[11.16073,55.171585],[11.160774,55.171648],[11.161907,55.171224],[11.162048,55.170369],[11.164474,55.170366],[11.173604,55.173937],[11.179236,55.17675],[11.17697,55.17167],[11.17755,55.169587],[11.179151,55.168554],[11.179579,55.166901],[11.178059,55.16554],[11.174585,55.163906],[11.168178,55.161871],[11.163147,55.158436],[11.155966,55.149502],[11.152749,55.142268],[11.150854,55.140031],[11.142538,55.146766],[11.142612,55.151018],[11.140819,55.154698],[11.135422,55.158923],[11.133136,55.159754]]],[[[11.187018,55.738411],[11.186751,55.738735],[11.187095,55.738652],[11.187018,55.738411]]],[[[11.169074,55.248651],[11.171308,55.250667],[11.17338,55.251005],[11.175321,55.250767],[11.175803,55.25016],[11.187091,55.24568],[11.190029,55.240725],[11.189253,55.239458],[11.186462,55.239898],[11.18485,55.239672],[11.182336,55.237082],[11.181629,55.236592],[11.180491,55.236292],[11.182185,55.237447],[11.179535,55.238569],[11.178625,55.237851],[11.176519,55.240287],[11.174479,55.238392],[11.1771,55.238643],[11.175262,55.237981],[11.176287,55.238149],[11.177544,55.237682],[11.175463,55.237846],[11.173763,55.237422],[11.174119,55.237075],[11.172951,55.236904],[11.17238,55.236277],[11.173843,55.235672],[11.178612,55.23773],[11.179394,55.236781],[11.179104,55.233807],[11.178459,55.233063],[11.176783,55.232928],[11.176586,55.232179],[11.177734,55.231363],[11.179171,55.233049],[11.180568,55.233478],[11.180335,55.234214],[11.179319,55.234436],[11.18057,55.234442],[11.181005,55.233436],[11.178216,55.23158],[11.178292,55.23019],[11.181802,55.227596],[11.189841,55.224814],[11.193502,55.222539],[11.196173,55.218425],[11.19755,55.211998],[11.198309,55.212019],[11.198031,55.211593],[11.198978,55.21172],[11.198978,55.210931],[11.198517,55.21143],[11.197181,55.211587],[11.197661,55.210142],[11.198609,55.210184],[11.198615,55.210968],[11.19871,55.210964],[11.198698,55.210175],[11.197604,55.210086],[11.197515,55.209362],[11.203295,55.204367],[11.204337,55.201051],[11.206721,55.199029],[11.206764,55.198157],[11.204151,55.194586],[11.200328,55.195022],[11.197295,55.196293],[11.196216,55.195876],[11.196404,55.195225],[11.197865,55.194815],[11.196772,55.194241],[11.196707,55.193608],[11.194832,55.193654],[11.196573,55.193516],[11.197059,55.193745],[11.198819,55.193132],[11.198282,55.19241],[11.198734,55.192027],[11.20364,55.191298],[11.203192,55.190979],[11.203873,55.190331],[11.206338,55.189755],[11.206435,55.189306],[11.205317,55.189491],[11.206775,55.189157],[11.206916,55.188683],[11.205571,55.188946],[11.204358,55.189133],[11.204234,55.18912],[11.20586,55.188104],[11.206611,55.188125],[11.20845,55.186459],[11.209697,55.188954],[11.212018,55.190194],[11.213599,55.190167],[11.215449,55.188041],[11.213193,55.191486],[11.213455,55.191502],[11.214077,55.190505],[11.214489,55.190334],[11.213974,55.191327],[11.215238,55.195455],[11.217297,55.196213],[11.218358,55.198735],[11.219201,55.198578],[11.218069,55.198898],[11.217231,55.198739],[11.216735,55.199313],[11.218832,55.199194],[11.219605,55.198623],[11.219269,55.196275],[11.216074,55.192265],[11.216126,55.185908],[11.212476,55.184771],[11.211645,55.183821],[11.208829,55.184355],[11.205748,55.187475],[11.198388,55.189904],[11.193358,55.192711],[11.181211,55.196056],[11.174418,55.198722],[11.173287,55.203257],[11.172078,55.214836],[11.171734,55.226173],[11.170455,55.231714],[11.171333,55.234352],[11.171192,55.236784],[11.173577,55.238418],[11.174845,55.242127],[11.174148,55.244212],[11.170146,55.246665],[11.169074,55.248651]]],[[[11.163789,54.955889],[11.164195,54.956163],[11.164824,54.955805],[11.164588,54.955747],[11.163789,54.955889]]],[[[11.179834,55.236231],[11.180244,55.236424],[11.180365,55.236438],[11.179834,55.236231]]],[[[11.201144,55.194773],[11.201141,55.194894],[11.201256,55.194898],[11.201144,55.194773]]],[[[11.246149,55.734867],[11.246673,55.735028],[11.24676,55.735211],[11.246758,55.73472],[11.246149,55.734867]]],[[[11.232501,55.244235],[11.23292,55.244385],[11.233515,55.24423],[11.232501,55.244235]]],[[[11.239772,55.247446],[11.239173,55.248605],[11.240557,55.24845],[11.239431,55.248129],[11.239772,55.247446]]],[[[11.244427,55.205842],[11.244484,55.205936],[11.24452,55.205865],[11.244427,55.205842]]],[[[11.279213,55.789295],[11.280847,55.79276],[11.280469,55.793432],[11.281686,55.795057],[11.284466,55.796116],[11.286405,55.795522],[11.286316,55.794489],[11.288761,55.793362],[11.292659,55.792736],[11.293953,55.792114],[11.295233,55.790151],[11.294953,55.788916],[11.292768,55.786495],[11.290259,55.785414],[11.2902,55.784911],[11.294803,55.781668],[11.297907,55.781933],[11.297117,55.781778],[11.297435,55.781496],[11.297447,55.78143],[11.297065,55.781782],[11.29561,55.781611],[11.295547,55.78084],[11.30432,55.776042],[11.303984,55.774953],[11.302807,55.774278],[11.303662,55.771691],[11.302184,55.769419],[11.304424,55.766368],[11.307723,55.764456],[11.306019,55.765309],[11.298793,55.766885],[11.297797,55.768649],[11.294171,55.769464],[11.292739,55.770416],[11.292166,55.771627],[11.292652,55.773145],[11.291543,55.775363],[11.28849,55.777159],[11.286929,55.779387],[11.28506,55.780278],[11.282313,55.784065],[11.280327,55.785442],[11.279213,55.789295]]],[[[11.246911,55.22623],[11.24827,55.224748],[11.248978,55.224294],[11.248158,55.224704],[11.246911,55.22623]]],[[[11.247267,55.221743],[11.247207,55.222083],[11.247552,55.222039],[11.247267,55.221743]]],[[[11.246168,55.203929],[11.24616,55.20403],[11.246255,55.203982],[11.246168,55.203929]]],[[[11.257107,55.1996],[11.257128,55.199697],[11.257196,55.199637],[11.257107,55.1996]]],[[[11.257362,55.199709],[11.257389,55.199807],[11.257456,55.199746],[11.257362,55.199709]]],[[[11.257626,55.199814],[11.257622,55.199915],[11.25771,55.199862],[11.257626,55.199814]]],[[[11.257871,55.199922],[11.257891,55.200019],[11.25796,55.19996],[11.257871,55.199922]]],[[[11.257821,55.198935],[11.25784,55.199031],[11.25792,55.198977],[11.257821,55.198935]]],[[[11.258309,55.198595],[11.258314,55.198692],[11.258389,55.198636],[11.258309,55.198595]]],[[[11.300352,55.745711],[11.300526,55.745757],[11.300531,55.745637],[11.300352,55.745711]]],[[[11.273723,55.23705],[11.27373,55.237187],[11.273854,55.237135],[11.273723,55.23705]]],[[[11.276513,55.239752],[11.277289,55.240283],[11.278104,55.240324],[11.27692,55.23959],[11.276513,55.239752]]],[[[11.297313,55.277322],[11.298851,55.277243],[11.299241,55.27622],[11.297905,55.27648],[11.297313,55.277322]]],[[[11.289562,54.97369],[11.290925,54.974176],[11.289703,54.975738],[11.292917,54.977284],[11.295175,54.975043],[11.294,54.97538],[11.293895,54.975927],[11.293894,54.975248],[11.292492,54.976589],[11.291226,54.976305],[11.290365,54.975422],[11.292212,54.974278],[11.290949,54.973277],[11.29324,54.973557],[11.297269,54.973266],[11.29825,54.972982],[11.298358,54.9721],[11.295094,54.970396],[11.295995,54.970691],[11.295645,54.970227],[11.291555,54.970365],[11.290994,54.970228],[11.294747,54.970075],[11.294431,54.969558],[11.297516,54.969253],[11.295655,54.969128],[11.290676,54.970098],[11.289562,54.97369]]],[[[11.296896,54.975365],[11.297864,54.974662],[11.299954,54.975283],[11.301685,54.974651],[11.299789,54.974949],[11.298514,54.974403],[11.297443,54.974471],[11.297391,54.973847],[11.296896,54.975365]]],[[[11.301991,54.970313],[11.302637,54.970786],[11.308895,54.9721],[11.312109,54.971794],[11.317582,54.96851],[11.31855,54.967258],[11.318343,54.966382],[11.315826,54.965794],[11.31298,54.962866],[11.311424,54.962371],[11.310808,54.961643],[11.307222,54.96216],[11.303949,54.963943],[11.302337,54.963604],[11.303978,54.964037],[11.303981,54.966543],[11.303171,54.969048],[11.301991,54.970313]]],[[[11.302794,54.974243],[11.304818,54.976141],[11.307417,54.97625],[11.306097,54.974815],[11.306375,54.975727],[11.305102,54.975884],[11.302794,54.974243]]],[[[11.356119,55.765989],[11.358028,55.766545],[11.358187,55.766483],[11.356119,55.765989]]],[[[11.376763,55.779162],[11.376785,55.779373],[11.376821,55.779369],[11.376763,55.779162]]],[[[11.342835,55.028782],[11.345503,55.03094],[11.356717,55.036527],[11.364523,55.039169],[11.368277,55.039907],[11.371665,55.039948],[11.372795,55.039774],[11.374868,55.038402],[11.375393,55.036219],[11.37618,55.035762],[11.376648,55.034986],[11.3763,55.034545],[11.376274,55.035346],[11.37528,55.035982],[11.374586,55.035286],[11.375631,55.034932],[11.374477,55.035174],[11.373806,55.034503],[11.374912,55.034102],[11.376003,55.034317],[11.374857,55.033986],[11.373628,55.034317],[11.361357,55.030235],[11.35691,55.029679],[11.349936,55.025748],[11.347225,55.022874],[11.344156,55.023463],[11.342835,55.028782]]],[[[11.349606,54.966359],[11.350437,54.968364],[11.35407,54.967752],[11.358071,54.968434],[11.366191,54.963931],[11.36775,54.962001],[11.368632,54.959508],[11.366666,54.957517],[11.364436,54.95775],[11.366066,54.957065],[11.363866,54.956319],[11.36454,54.956255],[11.363971,54.955997],[11.364273,54.955494],[11.365149,54.955525],[11.366154,54.954852],[11.366391,54.952982],[11.365422,54.951486],[11.369137,54.949564],[11.372942,54.949313],[11.376585,54.949771],[11.37942,54.953638],[11.379019,54.954949],[11.37761,54.954824],[11.377396,54.955404],[11.38027,54.95563],[11.389493,54.953362],[11.391847,54.953436],[11.396229,54.952733],[11.400249,54.9491],[11.401827,54.948873],[11.404291,54.94763],[11.40473,54.948021],[11.405946,54.947766],[11.408423,54.94819],[11.410496,54.949422],[11.411143,54.955146],[11.409872,54.960904],[11.408027,54.962496],[11.409246,54.966674],[11.411036,54.968589],[11.412345,54.96863],[11.414745,54.966842],[11.426627,54.9626],[11.430852,54.962749],[11.436849,54.964583],[11.442368,54.965243],[11.448853,54.964761],[11.456406,54.962248],[11.460422,54.9592],[11.463825,54.955592],[11.469895,54.951596],[11.471076,54.948303],[11.469933,54.943775],[11.469105,54.943004],[11.464769,54.944181],[11.459241,54.943827],[11.451397,54.94454],[11.44588,54.943461],[11.440657,54.943641],[11.435879,54.944361],[11.435525,54.945072],[11.435563,54.944431],[11.433777,54.94459],[11.431774,54.942763],[11.4274,54.94073],[11.423459,54.936432],[11.419931,54.93546],[11.412902,54.930907],[11.405737,54.922592],[11.401359,54.921047],[11.397842,54.925396],[11.389491,54.929573],[11.383775,54.93154],[11.374713,54.935697],[11.373182,54.935015],[11.372849,54.935177],[11.374407,54.93591],[11.372756,54.9358],[11.372423,54.935293],[11.37196,54.9363],[11.371224,54.935637],[11.371758,54.936581],[11.372862,54.936681],[11.372996,54.937514],[11.370253,54.940324],[11.368865,54.94319],[11.366758,54.944505],[11.36436,54.948145],[11.363519,54.951287],[11.364083,54.955111],[11.363232,54.957266],[11.361083,54.958464],[11.359811,54.958431],[11.358664,54.95809],[11.359414,54.958236],[11.35929,54.957663],[11.359964,54.957604],[11.357587,54.957289],[11.356951,54.95642],[11.356469,54.956618],[11.356935,54.956287],[11.35516,54.957143],[11.352478,54.962171],[11.349985,54.964696],[11.349606,54.966359]]],[[[11.371425,55.186901],[11.372658,55.186886],[11.374933,55.187011],[11.372454,55.186751],[11.371425,55.186901]]],[[[11.375773,55.186926],[11.376371,55.186971],[11.376786,55.186861],[11.376623,55.186823],[11.375773,55.186926]]],[[[11.378326,55.188544],[11.379252,55.189615],[11.379393,55.187313],[11.37873,55.187734],[11.378326,55.188544]]],[[[11.365616,54.956445],[11.367013,54.95639],[11.367151,54.956007],[11.366429,54.955864],[11.365616,54.956445]]],[[[11.373118,54.935341],[11.373069,54.935408],[11.373157,54.935381],[11.373118,54.935341]]],[[[11.373242,54.935532],[11.373347,54.935757],[11.373475,54.935714],[11.373242,54.935532]]],[[[11.39848,55.194091],[11.398507,55.194176],[11.398587,55.194146],[11.39848,55.194091]]],[[[11.398787,55.193861],[11.398864,55.194012],[11.398958,55.193978],[11.398787,55.193861]]],[[[11.399485,55.192898],[11.399382,55.193051],[11.399677,55.193066],[11.399485,55.192898]]],[[[11.399873,55.194173],[11.399959,55.194268],[11.399938,55.194162],[11.399873,55.194173]]],[[[11.401043,55.201468],[11.401309,55.201897],[11.402582,55.20199],[11.402335,55.200608],[11.401043,55.201468]]],[[[11.401682,55.192945],[11.402519,55.193776],[11.403373,55.19239],[11.402214,55.192571],[11.401682,55.192945]]],[[[11.507199,56.715315],[11.507701,56.716159],[11.509352,56.717142],[11.511759,56.716983],[11.514442,56.717416],[11.520986,56.72],[11.528254,56.723624],[11.532673,56.72511],[11.538089,56.726116],[11.54561,56.725957],[11.56081,56.723851],[11.570968,56.723797],[11.584919,56.725224],[11.611919,56.730987],[11.623429,56.732661],[11.63415,56.735055],[11.644213,56.736465],[11.650376,56.73785],[11.653771,56.736466],[11.658314,56.735894],[11.656747,56.734604],[11.634991,56.726691],[11.612015,56.715181],[11.604436,56.710273],[11.598496,56.705528],[11.588024,56.695074],[11.585034,56.692801],[11.58139,56.691077],[11.574104,56.689376],[11.559375,56.688047],[11.551176,56.687781],[11.543905,56.688322],[11.538845,56.689589],[11.534548,56.69207],[11.532357,56.69417],[11.521336,56.709291],[11.514021,56.713345],[11.512342,56.713953],[11.509938,56.713569],[11.508062,56.714151],[11.510108,56.713702],[11.51168,56.713929],[11.50969,56.715597],[11.511858,56.713962],[11.514143,56.714466],[11.514447,56.7153],[11.51059,56.715795],[11.509092,56.716669],[11.50756,56.715477],[11.50763,56.714471],[11.507199,56.715315]]],[[[11.438315,55.213606],[11.439114,55.21372],[11.439698,55.213725],[11.438898,55.213202],[11.438315,55.213606]]],[[[11.453502,55.202163],[11.4539,55.204382],[11.45535,55.205145],[11.459451,55.204656],[11.461696,55.205079],[11.462789,55.204862],[11.45958,55.202766],[11.456257,55.201664],[11.453502,55.202163]]],[[[11.443475,54.881658],[11.450317,54.883546],[11.453064,54.883569],[11.453391,54.883206],[11.450383,54.881382],[11.44861,54.881098],[11.443475,54.881658]]],[[[11.463229,55.190094],[11.463479,55.190468],[11.46429,55.190213],[11.463229,55.190094]]],[[[11.470761,55.193178],[11.471528,55.194066],[11.471023,55.19333],[11.471658,55.193047],[11.476309,55.197364],[11.482034,55.199604],[11.48658,55.199949],[11.487017,55.198189],[11.48822,55.199116],[11.49124,55.198469],[11.48981,55.197413],[11.476689,55.192476],[11.472849,55.192372],[11.470761,55.193178]]],[[[11.472047,55.194961],[11.472036,55.195096],[11.472391,55.194817],[11.472047,55.194961]]],[[[11.528352,55.899552],[11.528296,55.899822],[11.528609,55.899713],[11.528352,55.899552]]],[[[11.528284,55.88619],[11.528548,55.88639],[11.528936,55.886363],[11.528284,55.88619]]],[[[11.529399,55.89275],[11.529241,55.892958],[11.529487,55.892902],[11.529399,55.89275]]],[[[11.529213,55.894012],[11.530142,55.894221],[11.530083,55.89494],[11.530592,55.894923],[11.530381,55.893873],[11.529213,55.894012]]],[[[11.529327,55.894376],[11.529543,55.894599],[11.529567,55.894347],[11.529327,55.894376]]],[[[11.529288,55.886074],[11.529688,55.886359],[11.530242,55.886461],[11.530131,55.885728],[11.529288,55.886074]]],[[[11.530125,55.887482],[11.530111,55.887753],[11.530425,55.887624],[11.530125,55.887482]]],[[[11.487647,55.200713],[11.487611,55.200896],[11.487866,55.200786],[11.487647,55.200713]]],[[[11.488156,55.200516],[11.488564,55.2009],[11.488781,55.200477],[11.488156,55.200516]]],[[[11.489149,55.199284],[11.489299,55.199474],[11.489453,55.199318],[11.489149,55.199284]]],[[[11.472319,54.911415],[11.472814,54.913086],[11.473621,54.913288],[11.481811,54.912095],[11.498752,54.91404],[11.505401,54.912997],[11.50551,54.912536],[11.500315,54.909431],[11.500099,54.910258],[11.498517,54.910129],[11.496631,54.911181],[11.495804,54.912368],[11.494604,54.912479],[11.493097,54.911061],[11.48968,54.910477],[11.487486,54.908785],[11.485716,54.908599],[11.484946,54.907316],[11.490117,54.902322],[11.492068,54.902332],[11.497699,54.89947],[11.498809,54.898059],[11.498779,54.896934],[11.505222,54.893874],[11.517607,54.890419],[11.519839,54.887962],[11.519463,54.886282],[11.518412,54.886005],[11.51562,54.886488],[11.512413,54.887999],[11.506979,54.889261],[11.494138,54.886135],[11.487888,54.885656],[11.483836,54.886086],[11.483058,54.885896],[11.483648,54.884014],[11.482687,54.885081],[11.482052,54.884983],[11.482188,54.884447],[11.483133,54.884091],[11.483119,54.883963],[11.48211,54.884418],[11.478097,54.887368],[11.47626,54.897449],[11.477891,54.896662],[11.480788,54.896738],[11.484775,54.899577],[11.489381,54.89895],[11.490834,54.900619],[11.49005,54.90217],[11.485044,54.907013],[11.483075,54.906797],[11.48119,54.906086],[11.481972,54.906086],[11.481905,54.905725],[11.480957,54.905723],[11.47886,54.906989],[11.477179,54.909233],[11.473755,54.909805],[11.472319,54.911415]]],[[[11.464285,54.608769],[11.464305,54.609074],[11.464547,54.608798],[11.464285,54.608769]]],[[[11.497742,54.980542],[11.498278,54.983018],[11.499581,54.984645],[11.503209,54.987068],[11.51129,54.990007],[11.51795,54.991637],[11.519626,54.991588],[11.522282,54.990239],[11.52792,54.988932],[11.54444,54.989528],[11.549258,54.98827],[11.557871,54.983132],[11.567527,54.974137],[11.5677,54.972593],[11.56186,54.967628],[11.552226,54.961824],[11.545772,54.956882],[11.542779,54.955387],[11.540615,54.952523],[11.538468,54.946779],[11.535149,54.951099],[11.525104,54.957226],[11.524572,54.961207],[11.523258,54.963772],[11.51639,54.971747],[11.515803,54.972023],[11.515326,54.971702],[11.513589,54.971677],[11.514767,54.971796],[11.514165,54.9723],[11.514868,54.972021],[11.515223,54.972312],[11.513163,54.972659],[11.513169,54.972048],[11.510868,54.974156],[11.50675,54.975033],[11.500426,54.977738],[11.498279,54.979029],[11.497742,54.980542]]],[[[11.495041,54.840243],[11.495908,54.84105],[11.497052,54.841453],[11.496076,54.840284],[11.495041,54.840243]]],[[[11.49154,54.63007],[11.491535,54.63017],[11.491797,54.630212],[11.49154,54.63007]]],[[[11.492282,54.630404],[11.492284,54.630591],[11.492394,54.630606],[11.492282,54.630404]]],[[[11.502583,54.623477],[11.505906,54.624324],[11.507037,54.625057],[11.511517,54.62552],[11.512629,54.624678],[11.512852,54.62268],[11.510088,54.621927],[11.509182,54.622481],[11.505491,54.622609],[11.502583,54.623477]]],[[[11.508804,54.635689],[11.508453,54.636047],[11.509234,54.635683],[11.508832,54.636163],[11.509866,54.635958],[11.509874,54.63564],[11.508804,54.635689]]],[[[11.51291,54.627155],[11.513949,54.627356],[11.514533,54.626984],[11.513919,54.626678],[11.51291,54.627155]]],[[[11.549265,54.597417],[11.549508,54.597737],[11.549697,54.598768],[11.550118,54.597932],[11.549265,54.597417]]],[[[11.555587,54.596847],[11.555752,54.597027],[11.555683,54.596883],[11.555587,54.596847]]],[[[11.556212,54.596191],[11.556309,54.596413],[11.556301,54.596198],[11.556212,54.596191]]],[[[11.556403,54.596537],[11.556429,54.596917],[11.556726,54.596845],[11.556403,54.596537]]],[[[11.563448,54.658259],[11.563337,54.658332],[11.56353,54.658304],[11.563448,54.658259]]],[[[11.676339,56.204525],[11.675916,56.205199],[11.680517,56.203469],[11.676339,56.204525]]],[[[11.573571,54.652462],[11.578671,54.651108],[11.581695,54.650874],[11.577405,54.650476],[11.575003,54.651236],[11.573571,54.652462]]],[[[11.681511,56.203384],[11.683499,56.202551],[11.684639,56.202675],[11.685513,56.202545],[11.682977,56.202205],[11.681511,56.203384]]],[[[11.666859,55.889889],[11.668044,55.89021],[11.668105,55.891022],[11.668314,55.890137],[11.666859,55.889889]]],[[[11.694354,56.199122],[11.698749,56.199921],[11.700687,56.198741],[11.703508,56.199581],[11.711398,56.199069],[11.713456,56.198497],[11.71394,56.197881],[11.714859,56.198248],[11.714399,56.194817],[11.715962,56.192408],[11.715146,56.192838],[11.711399,56.193205],[11.703745,56.193231],[11.702681,56.193881],[11.700833,56.194071],[11.700131,56.1949],[11.698288,56.195471],[11.694354,56.199122]]],[[[11.591543,54.648498],[11.591841,54.64873],[11.593669,54.647613],[11.596544,54.647557],[11.603372,54.644393],[11.601082,54.643606],[11.597774,54.645904],[11.594231,54.646925],[11.591543,54.648498]]],[[[11.596227,54.65499],[11.596929,54.654399],[11.599252,54.653985],[11.601514,54.655214],[11.601946,54.654252],[11.599354,54.652293],[11.596227,54.65499]]],[[[11.637587,55.174759],[11.6391,55.174585],[11.642813,55.175234],[11.642774,55.175661],[11.642952,55.175773],[11.64299,55.175269],[11.64666,55.175965],[11.646713,55.176504],[11.652663,55.177841],[11.653767,55.176954],[11.656149,55.176246],[11.658236,55.176568],[11.659092,55.175162],[11.661156,55.174861],[11.662441,55.175269],[11.664375,55.174676],[11.664741,55.174289],[11.663773,55.173743],[11.657367,55.172504],[11.657967,55.171429],[11.661026,55.171248],[11.663507,55.171811],[11.666742,55.173456],[11.66831,55.17619],[11.669613,55.17737],[11.670468,55.177349],[11.672921,55.17859],[11.672099,55.178987],[11.673188,55.179744],[11.673854,55.179819],[11.6741,55.179345],[11.67611,55.17985],[11.678173,55.17932],[11.678619,55.179935],[11.679563,55.17981],[11.67957,55.178816],[11.678188,55.177828],[11.678264,55.176765],[11.677513,55.176078],[11.677896,55.174582],[11.677379,55.174135],[11.678202,55.172737],[11.676627,55.171301],[11.676518,55.169353],[11.677412,55.167741],[11.676983,55.167046],[11.677698,55.166518],[11.677517,55.164958],[11.679472,55.163369],[11.679355,55.162368],[11.680676,55.161283],[11.685098,55.160057],[11.686302,55.159005],[11.690596,55.158742],[11.694418,55.157203],[11.696159,55.152638],[11.697297,55.151479],[11.698543,55.15164],[11.699754,55.149648],[11.701579,55.149107],[11.702137,55.148064],[11.701869,55.14902],[11.699806,55.15085],[11.700241,55.151862],[11.703347,55.152212],[11.707327,55.150645],[11.707568,55.149105],[11.710457,55.148043],[11.711523,55.146356],[11.710142,55.146173],[11.708423,55.147064],[11.710267,55.145749],[11.711181,55.146167],[11.712118,55.1448],[11.707545,55.14432],[11.705111,55.144705],[11.707578,55.143988],[11.707204,55.143732],[11.703728,55.144696],[11.70713,55.143641],[11.706055,55.143309],[11.707876,55.14344],[11.706531,55.143183],[11.70752,55.14277],[11.70869,55.14283],[11.709415,55.143211],[11.709796,55.143234],[11.709326,55.142766],[11.710661,55.142855],[11.711499,55.141557],[11.712668,55.141093],[11.711473,55.140865],[11.709462,55.141255],[11.704237,55.143552],[11.694948,55.151212],[11.689829,55.153774],[11.685657,55.157108],[11.679776,55.160452],[11.677461,55.161115],[11.669989,55.161443],[11.662478,55.162326],[11.65291,55.168653],[11.647302,55.175993],[11.639223,55.174545],[11.637587,55.174759]]],[[[11.643372,55.175805],[11.643409,55.175843],[11.643481,55.175828],[11.645587,55.176214],[11.64565,55.176202],[11.643372,55.175805]]],[[[11.630353,54.904028],[11.633008,54.908037],[11.636225,54.909933],[11.644597,54.909345],[11.647494,54.907324],[11.648037,54.905813],[11.644663,54.908739],[11.640144,54.909561],[11.637643,54.908768],[11.637278,54.908077],[11.635649,54.90749],[11.633244,54.907202],[11.630709,54.903949],[11.631208,54.903367],[11.632442,54.903317],[11.635953,54.905029],[11.63518,54.904169],[11.632,54.902984],[11.630616,54.903247],[11.630353,54.904028]]],[[[11.652847,55.178199],[11.653057,55.178638],[11.654051,55.178488],[11.652847,55.178199]]],[[[11.658052,55.17214],[11.659552,55.172366],[11.662207,55.17199],[11.659671,55.171482],[11.658052,55.17214]]],[[[11.65889,55.17721],[11.658914,55.178557],[11.660133,55.178516],[11.661045,55.176816],[11.65889,55.17721]]],[[[11.664788,55.178303],[11.665261,55.178783],[11.6653,55.17816],[11.664788,55.178303]]],[[[11.667829,55.179597],[11.668544,55.180095],[11.66897,55.180043],[11.668717,55.179266],[11.667829,55.179597]]],[[[11.714402,55.852619],[11.714447,55.852949],[11.714611,55.85262],[11.714402,55.852619]]],[[[11.716094,55.850338],[11.71593,55.850554],[11.716221,55.850517],[11.716094,55.850338]]],[[[11.671437,55.178588],[11.671297,55.178941],[11.671788,55.178916],[11.671437,55.178588]]],[[[11.676537,55.189724],[11.678737,55.191546],[11.682155,55.192554],[11.686496,55.191955],[11.687513,55.190884],[11.688697,55.19145],[11.690682,55.190939],[11.685925,55.188964],[11.679914,55.187775],[11.676956,55.188487],[11.676537,55.189724]]],[[[11.678509,55.180031],[11.678501,55.180575],[11.678913,55.180289],[11.678509,55.180031]]],[[[11.718488,55.731941],[11.720531,55.731748],[11.721444,55.73228],[11.721692,55.731486],[11.719338,55.731487],[11.718488,55.731941]]],[[[11.687002,55.17563],[11.689048,55.176844],[11.689266,55.177635],[11.691593,55.177897],[11.689186,55.178884],[11.688888,55.180176],[11.690539,55.18216],[11.690919,55.183693],[11.692561,55.185251],[11.693244,55.188747],[11.698106,55.191559],[11.701515,55.194324],[11.701413,55.20201],[11.705163,55.202351],[11.707376,55.203111],[11.707848,55.201925],[11.708429,55.20199],[11.710661,55.200483],[11.713315,55.199945],[11.716373,55.19799],[11.725306,55.196706],[11.725996,55.196188],[11.730275,55.196118],[11.732602,55.19557],[11.730327,55.192954],[11.73066,55.19072],[11.725872,55.188618],[11.725984,55.188027],[11.725304,55.187953],[11.721265,55.184191],[11.72033,55.178667],[11.716223,55.178184],[11.719136,55.176656],[11.718454,55.174665],[11.719655,55.173225],[11.718552,55.17228],[11.716122,55.171873],[11.712978,55.173546],[11.71104,55.173903],[11.709237,55.173628],[11.705263,55.174781],[11.703658,55.174416],[11.701102,55.174544],[11.696838,55.172283],[11.693134,55.171659],[11.68968,55.172287],[11.687441,55.174139],[11.687002,55.17563]]],[[[11.654718,54.650323],[11.657136,54.654711],[11.658735,54.655984],[11.659319,54.655603],[11.659127,54.653485],[11.656545,54.648963],[11.654718,54.650323]]],[[[11.699451,55.201619],[11.699566,55.20184],[11.700193,55.201852],[11.699451,55.201619]]],[[[11.696381,55.154852],[11.697233,55.155628],[11.699819,55.155658],[11.700241,55.155132],[11.700487,55.155543],[11.701407,55.155464],[11.703399,55.154932],[11.70409,55.154349],[11.700584,55.153043],[11.696381,55.154852]]],[[[11.696973,55.153261],[11.697418,55.153492],[11.698413,55.153014],[11.698028,55.152163],[11.696973,55.153261]]],[[[11.752818,55.932797],[11.753075,55.932822],[11.75273,55.932395],[11.752818,55.932797]]],[[[11.700324,55.149511],[11.700208,55.149775],[11.700448,55.14951],[11.700324,55.149511]]],[[[11.708112,55.14938],[11.708724,55.150032],[11.710597,55.148641],[11.708886,55.148838],[11.708112,55.14938]]],[[[11.695473,54.943792],[11.696738,54.944602],[11.700231,54.944433],[11.701776,54.944885],[11.705879,54.943259],[11.707645,54.943326],[11.706296,54.943061],[11.702173,54.94399],[11.697183,54.943262],[11.695773,54.943372],[11.695473,54.943792]]],[[[11.715609,55.199486],[11.71591,55.200312],[11.717117,55.200706],[11.719676,55.198904],[11.719281,55.19862],[11.716339,55.198824],[11.715609,55.199486]]],[[[11.712141,55.146401],[11.712322,55.14571],[11.712143,55.145264],[11.712269,55.145729],[11.712141,55.146401]]],[[[11.712481,55.135616],[11.713877,55.139228],[11.714386,55.138701],[11.713782,55.138168],[11.713902,55.136411],[11.714406,55.136776],[11.716519,55.142711],[11.716635,55.145514],[11.717528,55.146825],[11.718984,55.147276],[11.721063,55.147105],[11.722678,55.146288],[11.720676,55.144827],[11.72096,55.144357],[11.722048,55.144477],[11.719789,55.143131],[11.719643,55.142378],[11.726222,55.139161],[11.728166,55.136704],[11.72085,55.129722],[11.718684,55.124527],[11.717154,55.123646],[11.71381,55.125189],[11.713891,55.130064],[11.712481,55.135616]]],[[[11.704797,54.932274],[11.705812,54.934228],[11.711662,54.936341],[11.720927,54.944301],[11.722715,54.944288],[11.72606,54.943333],[11.729235,54.941473],[11.732788,54.941365],[11.736361,54.941929],[11.739892,54.946086],[11.739929,54.947075],[11.733942,54.94856],[11.730892,54.948657],[11.730475,54.949243],[11.731041,54.950245],[11.734741,54.953265],[11.739138,54.958028],[11.742337,54.960076],[11.745074,54.960898],[11.747902,54.960793],[11.753975,54.961696],[11.770325,54.961363],[11.773864,54.960229],[11.775038,54.959083],[11.77437,54.95943],[11.774362,54.958673],[11.773285,54.959786],[11.772655,54.959694],[11.770864,54.960921],[11.768295,54.961254],[11.766652,54.960895],[11.773857,54.95909],[11.774159,54.958705],[11.775694,54.958071],[11.777862,54.956427],[11.783116,54.954807],[11.78492,54.953111],[11.785613,54.953109],[11.785785,54.952335],[11.789447,54.949774],[11.789633,54.948395],[11.791414,54.947586],[11.791605,54.946955],[11.793089,54.9466],[11.794368,54.944349],[11.796454,54.943585],[11.798172,54.939371],[11.800889,54.936296],[11.809937,54.938422],[11.810886,54.938484],[11.811524,54.937859],[11.814088,54.938014],[11.815953,54.941728],[11.817595,54.94327],[11.819625,54.944396],[11.822041,54.943838],[11.823519,54.945009],[11.824363,54.9475],[11.826602,54.950632],[11.826301,54.951435],[11.827337,54.952376],[11.829056,54.959809],[11.827693,54.961602],[11.822947,54.963837],[11.821393,54.966349],[11.823201,54.967561],[11.825004,54.96797],[11.830371,54.966605],[11.83621,54.963195],[11.839072,54.959838],[11.842164,54.958544],[11.847806,54.957465],[11.850078,54.957496],[11.852228,54.960541],[11.854465,54.959793],[11.852764,54.956928],[11.859353,54.955107],[11.862377,54.955381],[11.862529,54.956671],[11.86437,54.95686],[11.865586,54.958606],[11.866478,54.958481],[11.865007,54.957386],[11.864724,54.956384],[11.863897,54.956592],[11.863963,54.954725],[11.864082,54.955636],[11.864423,54.954416],[11.864886,54.954605],[11.869078,54.953309],[11.869957,54.953938],[11.870876,54.953632],[11.867628,54.950489],[11.868598,54.949302],[11.878111,54.943728],[11.879754,54.943437],[11.881214,54.943819],[11.881484,54.943682],[11.87998,54.943226],[11.877186,54.943611],[11.875819,54.942532],[11.87509,54.942653],[11.875082,54.941961],[11.873521,54.941696],[11.872928,54.941042],[11.873391,54.939399],[11.876165,54.938388],[11.877037,54.937574],[11.879496,54.93703],[11.87879,54.935947],[11.879886,54.935678],[11.880877,54.934203],[11.882174,54.933926],[11.884086,54.932523],[11.88492,54.932618],[11.886685,54.93186],[11.888014,54.932146],[11.88923,54.931826],[11.888705,54.931807],[11.889907,54.930651],[11.888531,54.929624],[11.888739,54.928845],[11.887463,54.928418],[11.886971,54.926508],[11.889051,54.92297],[11.889647,54.922911],[11.889296,54.922458],[11.898482,54.91964],[11.903937,54.917314],[11.908018,54.917225],[11.910859,54.916688],[11.914324,54.916882],[11.916648,54.916111],[11.918285,54.91635],[11.919309,54.917023],[11.919729,54.919255],[11.917911,54.920188],[11.918484,54.923063],[11.917113,54.923636],[11.916721,54.924545],[11.918066,54.924442],[11.92224,54.922175],[11.923559,54.923087],[11.924674,54.925672],[11.924275,54.930705],[11.925245,54.934483],[11.923992,54.938473],[11.924225,54.93939],[11.925299,54.940018],[11.926052,54.940008],[11.931702,54.936188],[11.933364,54.935821],[11.937483,54.936663],[11.942016,54.936588],[11.952213,54.939639],[11.957642,54.940028],[11.967125,54.938856],[11.97504,54.93677],[11.981312,54.932744],[11.980564,54.930351],[11.98144,54.930008],[11.980416,54.930198],[11.97852,54.929365],[11.978507,54.927613],[11.979158,54.926694],[11.978818,54.925688],[11.980827,54.922798],[11.979791,54.918871],[11.98089,54.917237],[11.98202,54.917162],[11.98089,54.916918],[11.981144,54.915818],[11.982851,54.915484],[11.981785,54.915433],[11.982089,54.914944],[11.983533,54.915313],[11.981975,54.914733],[11.982021,54.913982],[11.98349,54.912548],[11.984887,54.912254],[11.987674,54.908351],[11.988216,54.905778],[11.985183,54.904273],[11.986659,54.904414],[11.987824,54.904018],[11.988821,54.901802],[11.990665,54.900086],[11.996234,54.898266],[12.00065,54.896074],[12.009104,54.895476],[12.015665,54.893923],[12.025669,54.892897],[12.030259,54.891635],[12.037268,54.891382],[12.040015,54.891653],[12.040549,54.892403],[12.04313,54.892052],[12.043697,54.89275],[12.045258,54.892571],[12.044192,54.892628],[12.043673,54.891977],[12.045963,54.891657],[12.046019,54.891329],[12.046639,54.892293],[12.045632,54.892485],[12.046657,54.892356],[12.046393,54.891397],[12.048135,54.890962],[12.049055,54.891682],[12.04848,54.890883],[12.052267,54.889149],[12.054733,54.88963],[12.057388,54.889264],[12.058523,54.888538],[12.0602,54.889023],[12.06079,54.890323],[12.062437,54.890877],[12.073846,54.893332],[12.080631,54.892671],[12.084882,54.891512],[12.091144,54.890579],[12.095258,54.888527],[12.104494,54.887797],[12.107269,54.888212],[12.113939,54.887544],[12.114876,54.887568],[12.11495,54.887944],[12.120716,54.886843],[12.120695,54.881612],[12.121633,54.876742],[12.124232,54.871468],[12.127551,54.867258],[12.132323,54.86312],[12.138041,54.86024],[12.144816,54.853409],[12.14746,54.851698],[12.150661,54.850747],[12.155756,54.847844],[12.158325,54.844522],[12.158703,54.842874],[12.165269,54.835482],[12.165648,54.833951],[12.162442,54.832242],[12.159294,54.828322],[12.149878,54.826422],[12.148058,54.82678],[12.146672,54.82657],[12.144042,54.825141],[12.142064,54.824847],[12.138193,54.822049],[12.139145,54.82315],[12.137431,54.823775],[12.137042,54.823468],[12.138029,54.822565],[12.136562,54.823179],[12.133119,54.821519],[12.129061,54.815339],[12.127931,54.809589],[12.127013,54.808021],[12.116507,54.800206],[12.113327,54.798433],[12.109608,54.797708],[12.108598,54.796927],[12.101254,54.794328],[12.086649,54.791274],[12.083761,54.790156],[12.079612,54.787491],[12.073829,54.78228],[12.066877,54.778513],[12.052112,54.763895],[12.045688,54.761003],[12.039984,54.756457],[12.034616,54.748196],[12.030651,54.739757],[12.027425,54.735665],[12.025476,54.731689],[12.021572,54.728678],[12.017772,54.724438],[12.014972,54.722014],[12.008431,54.719636],[11.987412,54.708159],[11.981011,54.70334],[11.974264,54.696179],[11.971376,54.691411],[11.963073,54.672894],[11.961632,54.665109],[11.960914,54.655386],[11.964011,54.623679],[11.966457,54.610567],[11.968998,54.602327],[11.97404,54.575026],[11.973684,54.564222],[11.973028,54.562344],[11.971615,54.561391],[11.970053,54.559086],[11.963536,54.560828],[11.963532,54.561433],[11.961114,54.562563],[11.947336,54.566694],[11.937285,54.570404],[11.933134,54.571304],[11.928733,54.571091],[11.927207,54.571212],[11.928942,54.571202],[11.930625,54.572003],[11.929271,54.572694],[11.928837,54.571563],[11.929085,54.572684],[11.928053,54.572212],[11.928036,54.57307],[11.926867,54.572264],[11.92683,54.573869],[11.925484,54.573728],[11.925672,54.572789],[11.924827,54.57375],[11.924393,54.573509],[11.924401,54.572044],[11.92554,54.57099],[11.924027,54.572314],[11.924129,54.573632],[11.923513,54.574118],[11.921241,54.5746],[11.917975,54.57461],[11.91807,54.575739],[11.920819,54.579687],[11.919896,54.580345],[11.919792,54.58082],[11.920787,54.579923],[11.923112,54.580141],[11.922833,54.58213],[11.921777,54.58207],[11.921212,54.580647],[11.921035,54.582006],[11.919251,54.581179],[11.92147,54.583529],[11.922032,54.589037],[11.92057,54.59474],[11.916682,54.60256],[11.913394,54.60698],[11.909077,54.610918],[11.905716,54.612968],[11.898344,54.620207],[11.891256,54.630135],[11.87304,54.645113],[11.868969,54.654243],[11.866272,54.657088],[11.867017,54.657722],[11.867382,54.660754],[11.86932,54.665637],[11.872549,54.670277],[11.876354,54.677673],[11.877599,54.678849],[11.877958,54.688512],[11.882581,54.6925],[11.885566,54.693575],[11.886585,54.694443],[11.887215,54.694286],[11.888591,54.694915],[11.891242,54.69868],[11.900116,54.703952],[11.90278,54.708661],[11.910096,54.713317],[11.911198,54.716563],[11.910845,54.717857],[11.90954,54.71884],[11.907125,54.719637],[11.901871,54.718713],[11.882096,54.724582],[11.869879,54.726844],[11.868915,54.727989],[11.869718,54.72971],[11.86917,54.730936],[11.870313,54.732141],[11.874329,54.733886],[11.874812,54.734534],[11.874312,54.736404],[11.87501,54.741368],[11.87855,54.74271],[11.88434,54.747058],[11.883465,54.748638],[11.87699,54.753368],[11.875268,54.754047],[11.874919,54.754991],[11.871352,54.75795],[11.867536,54.759511],[11.869228,54.761145],[11.866877,54.761053],[11.866359,54.762968],[11.861358,54.76964],[11.863307,54.770718],[11.862459,54.771585],[11.861163,54.771686],[11.860368,54.771052],[11.861091,54.770067],[11.860148,54.771237],[11.861115,54.771708],[11.860934,54.772585],[11.861858,54.772337],[11.862391,54.772636],[11.863265,54.771972],[11.863826,54.772324],[11.865957,54.771958],[11.862607,54.772764],[11.861442,54.773525],[11.861739,54.774372],[11.85916,54.776793],[11.852438,54.781252],[11.84923,54.782822],[11.848399,54.782481],[11.848619,54.783271],[11.847516,54.784105],[11.837344,54.786481],[11.835771,54.787828],[11.834234,54.791026],[11.832697,54.79254],[11.832146,54.794915],[11.830929,54.796545],[11.827165,54.797511],[11.820794,54.797973],[11.817271,54.798997],[11.8133,54.799254],[11.812117,54.798892],[11.809063,54.801329],[11.803122,54.80332],[11.799669,54.805447],[11.794484,54.809924],[11.794667,54.811743],[11.795741,54.812519],[11.807021,54.817282],[11.80818,54.821361],[11.814638,54.827783],[11.814597,54.831543],[11.813898,54.832427],[11.808182,54.833317],[11.807153,54.834946],[11.806115,54.835359],[11.801061,54.834453],[11.800243,54.835077],[11.804604,54.836545],[11.807056,54.843097],[11.802398,54.84698],[11.798247,54.847259],[11.796816,54.847932],[11.791439,54.84861],[11.783721,54.853686],[11.772836,54.854309],[11.769412,54.854116],[11.762184,54.856419],[11.760062,54.856304],[11.757038,54.855377],[11.755189,54.855449],[11.755335,54.857327],[11.758097,54.859962],[11.758336,54.860887],[11.75723,54.863209],[11.75453,54.865983],[11.75387,54.869446],[11.751938,54.870208],[11.75119,54.869661],[11.750087,54.870615],[11.749433,54.870482],[11.755422,54.876197],[11.756939,54.879886],[11.756786,54.881615],[11.754533,54.883947],[11.74848,54.885588],[11.746993,54.885364],[11.742555,54.890253],[11.740513,54.89435],[11.740872,54.897514],[11.743311,54.902566],[11.748568,54.907265],[11.754966,54.9119],[11.756319,54.914315],[11.756356,54.914998],[11.755592,54.915347],[11.75632,54.917596],[11.755466,54.919517],[11.750458,54.923652],[11.747155,54.928261],[11.745903,54.929187],[11.744348,54.929531],[11.738073,54.929316],[11.730916,54.930159],[11.721708,54.929589],[11.71679,54.930361],[11.709888,54.929728],[11.707342,54.930328],[11.704797,54.932274]]],[[[11.761032,55.742636],[11.76158,55.742797],[11.761287,55.743362],[11.762238,55.742362],[11.761032,55.742636]]],[[[11.718812,55.083556],[11.721949,55.083503],[11.72258,55.082907],[11.724852,55.082573],[11.720592,55.083035],[11.718812,55.083556]]],[[[11.775878,55.779662],[11.775265,55.78279],[11.776893,55.783123],[11.777424,55.78406],[11.77965,55.785444],[11.782429,55.785975],[11.786465,55.785617],[11.786833,55.785916],[11.785775,55.786853],[11.787961,55.785553],[11.788274,55.786112],[11.789321,55.785453],[11.791965,55.786083],[11.792674,55.787976],[11.79392,55.787724],[11.795806,55.78864],[11.796529,55.790676],[11.795684,55.791812],[11.796501,55.792145],[11.797656,55.791859],[11.798258,55.792557],[11.799124,55.792221],[11.800353,55.792445],[11.799582,55.791662],[11.80052,55.791517],[11.80006,55.790886],[11.800795,55.789203],[11.803187,55.788405],[11.803627,55.787668],[11.805066,55.788311],[11.805257,55.786846],[11.805796,55.786892],[11.806675,55.784924],[11.808274,55.785454],[11.80979,55.783832],[11.811225,55.783249],[11.815661,55.783072],[11.816169,55.782559],[11.816449,55.783413],[11.81733,55.783448],[11.819192,55.785061],[11.819982,55.785128],[11.819966,55.786295],[11.821174,55.786095],[11.820939,55.786905],[11.822024,55.787361],[11.82244,55.788332],[11.822276,55.790356],[11.824236,55.793626],[11.824123,55.794619],[11.824847,55.794923],[11.823657,55.796295],[11.825641,55.796739],[11.827141,55.798541],[11.821874,55.803075],[11.821221,55.805647],[11.82194,55.80736],[11.82433,55.808813],[11.826235,55.809164],[11.829521,55.808623],[11.831684,55.807016],[11.832485,55.805011],[11.834133,55.804178],[11.833395,55.803022],[11.833764,55.801811],[11.835467,55.801264],[11.838058,55.799333],[11.839485,55.799416],[11.838627,55.798639],[11.841666,55.796703],[11.841821,55.793155],[11.845519,55.789913],[11.845902,55.782448],[11.847848,55.78097],[11.848076,55.781607],[11.848143,55.781313],[11.844683,55.774519],[11.840394,55.770107],[11.840005,55.76867],[11.836224,55.76533],[11.833677,55.761727],[11.833303,55.757907],[11.836844,55.756917],[11.836134,55.75701],[11.836262,55.756676],[11.834901,55.757046],[11.833964,55.756358],[11.82427,55.753807],[11.814871,55.75016],[11.814222,55.750732],[11.811176,55.750585],[11.803503,55.756469],[11.802739,55.756497],[11.80156,55.755568],[11.800758,55.755327],[11.800182,55.755444],[11.801412,55.755659],[11.801754,55.756166],[11.800151,55.755898],[11.799215,55.754723],[11.799835,55.755911],[11.802437,55.756951],[11.802097,55.75792],[11.800757,55.758523],[11.792326,55.758382],[11.792758,55.759924],[11.795018,55.759454],[11.795215,55.75995],[11.793252,55.761215],[11.792829,55.76103],[11.79166,55.762737],[11.78702,55.764425],[11.784549,55.765862],[11.78493,55.766233],[11.783485,55.767772],[11.781334,55.773667],[11.775878,55.779662]]],[[[11.726768,55.082456],[11.731229,55.082187],[11.735632,55.081797],[11.727706,55.082317],[11.726768,55.082456]]],[[[11.776909,55.777626],[11.776846,55.777793],[11.77706,55.777729],[11.776909,55.777626]]],[[[11.740439,55.195658],[11.740199,55.195993],[11.740745,55.195864],[11.740439,55.195658]]],[[[11.780964,55.761324],[11.781717,55.761876],[11.784397,55.761385],[11.780964,55.761324]]],[[[11.745364,55.142175],[11.745356,55.142677],[11.745466,55.142103],[11.745364,55.142175]]],[[[11.784852,55.667895],[11.784741,55.668047],[11.785022,55.667869],[11.784852,55.667895]]],[[[11.787911,55.667469],[11.788457,55.667215],[11.788857,55.666443],[11.790051,55.66584],[11.788634,55.666222],[11.787911,55.667469]]],[[[11.749585,55.091341],[11.750037,55.091917],[11.751498,55.092081],[11.757278,55.090574],[11.754999,55.089107],[11.751898,55.089171],[11.750118,55.088721],[11.750183,55.091068],[11.749585,55.091341]]],[[[11.791368,55.67112],[11.792811,55.67105],[11.793098,55.670936],[11.792379,55.670744],[11.791368,55.67112]]],[[[11.794202,55.679452],[11.794102,55.679541],[11.794216,55.679665],[11.794202,55.679452]]],[[[11.799755,55.747394],[11.801031,55.747391],[11.801071,55.746994],[11.802656,55.746653],[11.802775,55.747139],[11.803404,55.747057],[11.803065,55.746799],[11.804217,55.746052],[11.803279,55.745599],[11.800318,55.745977],[11.799755,55.747394]]],[[[11.724764,54.6631],[11.725111,54.663845],[11.726011,54.663525],[11.725813,54.662904],[11.724764,54.6631]]],[[[11.758223,55.118835],[11.758292,55.11892],[11.758486,55.118835],[11.758223,55.118835]]],[[[11.796745,55.663623],[11.797821,55.664048],[11.798124,55.663028],[11.797029,55.662935],[11.796745,55.663623]]],[[[11.798264,55.66981],[11.797711,55.670606],[11.799224,55.671222],[11.798264,55.66981]]],[[[11.8043,55.747197],[11.805063,55.747118],[11.804443,55.746738],[11.8045,55.74694],[11.8043,55.747197]]],[[[11.805211,55.747037],[11.805756,55.747252],[11.806251,55.746786],[11.805624,55.746589],[11.805211,55.747037]]],[[[11.802058,55.672116],[11.802245,55.672618],[11.802624,55.672724],[11.802058,55.672116]]],[[[11.807596,55.745831],[11.807492,55.746026],[11.807634,55.746019],[11.807596,55.745831]]],[[[11.807567,55.745546],[11.808502,55.746536],[11.809602,55.745465],[11.809086,55.745132],[11.807567,55.745546]]],[[[11.80942,55.744911],[11.809425,55.745074],[11.809478,55.745059],[11.80942,55.744911]]],[[[11.809808,55.744892],[11.809854,55.745031],[11.809952,55.745023],[11.809808,55.744892]]],[[[11.809913,55.744645],[11.813603,55.744414],[11.812048,55.746407],[11.813886,55.747281],[11.815685,55.746707],[11.814455,55.745865],[11.817048,55.740906],[11.816583,55.738664],[11.819051,55.736044],[11.817337,55.736617],[11.814775,55.73675],[11.814369,55.737372],[11.812788,55.737094],[11.812248,55.73806],[11.81106,55.738364],[11.812476,55.739928],[11.812838,55.742158],[11.813475,55.742579],[11.814288,55.742461],[11.81446,55.743087],[11.813535,55.743307],[11.813441,55.743009],[11.809913,55.744645]]],[[[11.831719,55.74649],[11.832689,55.746699],[11.837097,55.745711],[11.841271,55.747036],[11.84143,55.748319],[11.84143,55.746964],[11.836828,55.745428],[11.836101,55.743985],[11.835028,55.743657],[11.832165,55.743775],[11.831918,55.744892],[11.833012,55.745653],[11.831719,55.74649]]],[[[11.848934,55.971217],[11.848984,55.971468],[11.849134,55.971474],[11.848934,55.971217]]],[[[11.768799,54.838254],[11.770174,54.839375],[11.771029,54.839629],[11.769008,54.837601],[11.768799,54.838254]]],[[[11.849615,55.971793],[11.849694,55.972024],[11.849788,55.972027],[11.849615,55.971793]]],[[[11.853799,55.80461],[11.854588,55.804736],[11.855018,55.804378],[11.854235,55.80417],[11.853799,55.80461]]],[[[11.855411,55.803776],[11.855468,55.803862],[11.855553,55.80384],[11.855411,55.803776]]],[[[11.857054,55.803065],[11.857993,55.803289],[11.85873,55.802716],[11.858421,55.802524],[11.857054,55.803065]]],[[[11.857551,55.803385],[11.857675,55.803502],[11.857598,55.803363],[11.857551,55.803385]]],[[[11.857556,55.802442],[11.86042,55.802489],[11.860835,55.801489],[11.858626,55.801816],[11.857556,55.802442]]],[[[11.873937,55.983102],[11.873984,55.983199],[11.874168,55.983186],[11.873937,55.983102]]],[[[11.861365,55.803131],[11.862086,55.803563],[11.861456,55.80381],[11.862063,55.804423],[11.862562,55.802665],[11.861365,55.803131]]],[[[11.815414,55.132854],[11.815984,55.132953],[11.816754,55.132423],[11.816039,55.1324],[11.815414,55.132854]]],[[[11.863498,55.801246],[11.864495,55.802029],[11.865851,55.800645],[11.864832,55.80074],[11.863498,55.801246]]],[[[11.878245,55.983853],[11.878613,55.98395],[11.878664,55.983927],[11.878245,55.983853]]],[[[11.865047,55.803861],[11.864944,55.80398],[11.865205,55.804086],[11.865047,55.803861]]],[[[11.867807,55.800056],[11.868027,55.800491],[11.868445,55.800071],[11.867807,55.800056]]],[[[11.873933,55.799713],[11.873957,55.800013],[11.874618,55.799407],[11.873933,55.799713]]],[[[11.885071,55.941663],[11.886491,55.94184],[11.886643,55.941755],[11.886391,55.941619],[11.885071,55.941663]]],[[[11.877449,55.808537],[11.877451,55.808595],[11.877502,55.808567],[11.877449,55.808537]]],[[[11.821065,54.971685],[11.821687,54.971771],[11.824683,54.970103],[11.821394,54.971382],[11.821065,54.971685]]],[[[11.889737,55.915112],[11.892721,55.915603],[11.895401,55.917831],[11.900513,55.916719],[11.897511,55.917083],[11.893478,55.914413],[11.890069,55.91395],[11.889737,55.915112]]],[[[11.813003,54.70862],[11.812917,54.708771],[11.813112,54.70878],[11.813003,54.70862]]],[[[11.808625,54.639631],[11.808628,54.640321],[11.808974,54.640523],[11.808625,54.639631]]],[[[11.83162,54.966441],[11.831945,54.966478],[11.831649,54.966235],[11.83162,54.966441]]],[[[11.816171,54.716343],[11.816283,54.716481],[11.816351,54.716417],[11.816171,54.716343]]],[[[11.818067,54.716941],[11.818126,54.71711],[11.818296,54.717066],[11.818067,54.716941]]],[[[11.82164,54.7173],[11.821605,54.717378],[11.821673,54.717373],[11.82164,54.7173]]],[[[11.827262,54.717999],[11.827552,54.718687],[11.828884,54.718586],[11.829417,54.718045],[11.829935,54.718193],[11.829366,54.717686],[11.830281,54.717398],[11.829454,54.717391],[11.828994,54.716799],[11.828622,54.717162],[11.828048,54.716965],[11.827262,54.717999]]],[[[11.830853,54.715851],[11.832001,54.71707],[11.831616,54.71768],[11.833155,54.717638],[11.834884,54.715527],[11.834904,54.713735],[11.830853,54.715851]]],[[[11.827378,54.579416],[11.826952,54.581102],[11.827179,54.58128],[11.827528,54.579397],[11.830766,54.577481],[11.832508,54.575866],[11.843974,54.570162],[11.852587,54.566591],[11.859134,54.564917],[11.868876,54.563278],[11.872479,54.563493],[11.873117,54.564043],[11.874911,54.563324],[11.881475,54.563167],[11.883744,54.564351],[11.888127,54.56473],[11.888808,54.565157],[11.889574,54.564167],[11.881567,54.56281],[11.870221,54.562606],[11.860273,54.564187],[11.852682,54.566166],[11.83939,54.57186],[11.832544,54.575463],[11.827378,54.579416]]],[[[11.834235,54.6519],[11.834205,54.652024],[11.834295,54.651943],[11.834235,54.6519]]],[[[11.865998,54.995336],[11.866568,54.995661],[11.871842,54.995341],[11.875596,54.997597],[11.874292,54.998415],[11.873906,54.998857],[11.873987,54.999586],[11.874658,55.000101],[11.874078,54.998806],[11.875827,54.997629],[11.871851,54.995227],[11.873503,54.994311],[11.881079,54.998889],[11.886835,54.996772],[11.887407,54.996169],[11.890832,54.995299],[11.891,54.99453],[11.891752,54.994697],[11.890856,54.994297],[11.890892,54.992891],[11.894293,54.989755],[11.894922,54.985038],[11.896641,54.983355],[11.898524,54.979768],[11.8983,54.977189],[11.895831,54.977336],[11.893041,54.976119],[11.892511,54.976127],[11.89571,54.977454],[11.893896,54.978408],[11.89122,54.976493],[11.893071,54.978527],[11.891035,54.980753],[11.889214,54.981821],[11.886305,54.98098],[11.887165,54.981617],[11.886101,54.982324],[11.885382,54.981267],[11.885682,54.98269],[11.884553,54.984761],[11.882687,54.985388],[11.880108,54.98767],[11.878504,54.987504],[11.879158,54.988327],[11.878771,54.989096],[11.874257,54.990111],[11.865998,54.995336]]],[[[11.854045,54.725303],[11.854985,54.726061],[11.856673,54.726239],[11.858389,54.725585],[11.861607,54.725464],[11.862243,54.724992],[11.862312,54.725447],[11.864552,54.725618],[11.865961,54.722879],[11.865572,54.722193],[11.867092,54.721925],[11.867376,54.721337],[11.871862,54.720692],[11.863438,54.721568],[11.855247,54.724267],[11.854045,54.725303]]],[[[11.877987,54.977716],[11.880139,54.978695],[11.882454,54.978524],[11.878701,54.977289],[11.877987,54.977716]]],[[[11.861708,54.730288],[11.862475,54.731081],[11.864425,54.732039],[11.865322,54.7311],[11.862734,54.729108],[11.861708,54.730288]]],[[[11.931327,55.652251],[11.931656,55.652611],[11.931892,55.652824],[11.931915,55.652472],[11.931327,55.652251]]],[[[11.932879,55.654024],[11.934313,55.65483],[11.93535,55.654952],[11.934841,55.654639],[11.932879,55.654024]]],[[[11.933532,55.657664],[11.934808,55.657695],[11.934896,55.657314],[11.934601,55.657179],[11.933532,55.657664]]],[[[11.934129,55.655149],[11.933646,55.655709],[11.934294,55.655763],[11.934129,55.655149]]],[[[11.933936,55.656737],[11.934054,55.656874],[11.934033,55.656632],[11.933936,55.656737]]],[[[11.947465,55.828432],[11.947713,55.828566],[11.947483,55.828367],[11.947465,55.828432]]],[[[11.93474,55.655845],[11.934978,55.656138],[11.935117,55.655956],[11.93474,55.655845]]],[[[11.956675,55.685642],[11.957186,55.686665],[11.959182,55.687393],[11.958821,55.686558],[11.956675,55.685642]]],[[[11.875377,54.562119],[11.884156,54.561583],[11.88049,54.561997],[11.880484,54.56234],[11.887265,54.562241],[11.893073,54.562902],[11.8964,54.562793],[11.899732,54.563598],[11.9014,54.563525],[11.900919,54.562663],[11.900561,54.563125],[11.899773,54.562589],[11.898962,54.562946],[11.896023,54.562162],[11.887402,54.561961],[11.885625,54.561458],[11.875377,54.562119]]],[[[11.887827,54.71353],[11.888017,54.713837],[11.888777,54.714335],[11.889552,54.714511],[11.889914,54.714447],[11.88798,54.713544],[11.888331,54.712235],[11.889079,54.711866],[11.888127,54.712196],[11.887827,54.71353]]],[[[11.888887,54.710292],[11.889208,54.711497],[11.889311,54.71009],[11.888887,54.710292]]],[[[11.963163,55.689287],[11.964076,55.689569],[11.965399,55.689261],[11.966905,55.69065],[11.967448,55.690515],[11.966,55.688845],[11.966684,55.687602],[11.966779,55.684305],[11.966217,55.683931],[11.966687,55.684465],[11.966103,55.687391],[11.965248,55.68838],[11.963163,55.689287]]],[[[11.914595,54.922531],[11.914775,54.922911],[11.914963,54.922401],[11.914595,54.922531]]],[[[11.915291,54.92403],[11.915887,54.924258],[11.916584,54.923675],[11.915973,54.923665],[11.915291,54.92403]]],[[[11.995952,55.964161],[11.998118,55.965278],[11.998211,55.965795],[12.000512,55.965451],[11.998928,55.965314],[11.996148,55.964124],[11.996724,55.962812],[11.995952,55.964161]]],[[[11.897747,54.561771],[11.902705,54.562539],[11.906632,54.563736],[11.907197,54.563391],[11.902635,54.562354],[11.897747,54.561771]]],[[[11.983782,55.697612],[11.983563,55.697764],[11.984075,55.697628],[11.983782,55.697612]]],[[[12.004463,55.961647],[12.004508,55.961979],[12.004591,55.962072],[12.004463,55.961647]]],[[[11.998509,55.863306],[11.998508,55.863485],[11.998675,55.863265],[11.998509,55.863306]]],[[[11.999058,55.863095],[11.999159,55.863186],[11.99911,55.862813],[11.999058,55.863095]]],[[[11.990616,55.710463],[11.99171,55.7123],[11.99227,55.71455],[11.991783,55.712309],[11.990616,55.710463]]],[[[12.006077,55.879746],[12.00653,55.879976],[12.006556,55.87965],[12.006077,55.879746]]],[[[12.006299,55.878644],[12.008018,55.87919],[12.010037,55.87871],[12.011325,55.877742],[12.012571,55.875751],[12.012802,55.872078],[12.012002,55.872993],[12.010777,55.872424],[12.009118,55.873797],[12.00901,55.874262],[12.009951,55.874049],[12.010765,55.874537],[12.009453,55.874481],[12.009826,55.875447],[12.007823,55.876431],[12.006299,55.878644]]],[[[11.997013,55.727023],[11.997499,55.728588],[11.99792,55.72893],[11.997613,55.727792],[11.997013,55.727023]]],[[[11.997329,55.726535],[11.997977,55.725316],[11.997522,55.723864],[11.997749,55.724827],[11.997329,55.726535]]],[[[12.011601,55.88993],[12.011449,55.890107],[12.012034,55.890284],[12.011601,55.88993]]],[[[12.020627,55.908989],[12.020848,55.909128],[12.020822,55.908888],[12.020627,55.908989]]],[[[12.01976,55.854102],[12.020102,55.859249],[12.020262,55.858866],[12.020403,55.854637],[12.01976,55.854102]]],[[[12.009404,55.681279],[12.009917,55.681222],[12.010116,55.680917],[12.01002,55.680457],[12.009572,55.680142],[12.009404,55.681279]]],[[[11.928108,54.572096],[11.928011,54.572154],[11.928137,54.572174],[11.928108,54.572096]]],[[[12.011551,55.6704],[12.011312,55.670649],[12.011664,55.670662],[12.011551,55.6704]]],[[[12.021012,55.717022],[12.017004,55.718164],[12.019424,55.717632],[12.020428,55.717335],[12.021038,55.717065],[12.021208,55.716948],[12.021779,55.716297],[12.022183,55.715474],[12.023273,55.714684],[12.023503,55.714264],[12.023064,55.714385],[12.023096,55.714669],[12.022158,55.715453],[12.021012,55.717022]]],[[[12.028136,55.673433],[12.028396,55.675209],[12.029275,55.67558],[12.029798,55.674815],[12.029704,55.674436],[12.028589,55.675108],[12.028247,55.67377],[12.029198,55.673318],[12.029693,55.674416],[12.02932,55.67284],[12.028136,55.673433]]],[[[12.047206,55.814255],[12.048574,55.814401],[12.050202,55.813114],[12.048475,55.813625],[12.047206,55.814255]]],[[[11.982773,54.95089],[11.983015,54.952691],[11.984734,54.954692],[11.986752,54.955355],[11.990142,54.955488],[11.99294,54.957234],[11.994625,54.955817],[11.996826,54.95556],[11.997521,54.954596],[11.997747,54.950812],[11.997264,54.945368],[11.998694,54.943482],[12.001176,54.942771],[12.000533,54.941701],[12.002019,54.938796],[12.002992,54.938123],[12.007182,54.938113],[12.009421,54.937465],[12.009752,54.93697],[12.007787,54.936198],[12.008549,54.934303],[12.012325,54.933962],[12.014237,54.933176],[12.018707,54.932684],[12.021953,54.933034],[12.025737,54.934636],[12.028094,54.936241],[12.027988,54.936753],[12.028689,54.93693],[12.027751,54.937185],[12.030067,54.937466],[12.03193,54.938494],[12.034521,54.93831],[12.037983,54.938699],[12.039998,54.938257],[12.044,54.938198],[12.055866,54.93868],[12.062664,54.939845],[12.066502,54.939391],[12.070389,54.9374],[12.071675,54.935356],[12.076309,54.931964],[12.078386,54.931384],[12.079242,54.929943],[12.084923,54.928518],[12.086075,54.927892],[12.085157,54.92767],[12.085619,54.926717],[12.088195,54.926258],[12.08674,54.925532],[12.087465,54.922879],[12.087061,54.921511],[12.082104,54.917389],[12.081379,54.91592],[12.080137,54.915835],[12.079125,54.912819],[12.077017,54.911732],[12.075478,54.909819],[12.078952,54.90925],[12.078189,54.909846],[12.078598,54.910694],[12.081456,54.911485],[12.08404,54.90829],[12.09874,54.905752],[12.076969,54.909254],[12.074735,54.908309],[12.072948,54.908141],[12.068039,54.909547],[12.066224,54.909521],[12.059178,54.91171],[12.055941,54.911793],[12.053171,54.912631],[12.05175,54.912402],[12.052047,54.912509],[12.052034,54.91289],[12.051257,54.912393],[12.051327,54.9133],[12.047608,54.913673],[12.044625,54.915052],[12.039596,54.915048],[12.040021,54.915496],[12.034428,54.915695],[12.032086,54.916217],[12.03104,54.917124],[12.028458,54.917233],[12.028133,54.917739],[12.014238,54.918602],[12.006307,54.92043],[12.002458,54.922304],[11.995308,54.929234],[11.995052,54.931903],[11.99385,54.93359],[11.994007,54.935425],[11.994591,54.937012],[11.997053,54.937925],[11.998293,54.939564],[11.998131,54.942581],[11.995216,54.944213],[11.993272,54.944347],[11.99258,54.945184],[11.985931,54.948971],[11.983493,54.949183],[11.982773,54.95089]]],[[[12.050532,55.83424],[12.052313,55.835025],[12.05697,55.835277],[12.057128,55.834872],[12.056395,55.834475],[12.055977,55.833744],[12.055184,55.833435],[12.050994,55.833443],[12.050532,55.83424]]],[[[12.048649,55.799345],[12.048877,55.799634],[12.049023,55.799333],[12.048649,55.799345]]],[[[12.040239,55.679644],[12.041466,55.679814],[12.043219,55.679277],[12.041872,55.679113],[12.042247,55.678892],[12.044466,55.679115],[12.047075,55.678234],[12.04612,55.678146],[12.044074,55.678919],[12.041693,55.678464],[12.040239,55.679644]]],[[[12.056444,55.864171],[12.060552,55.862552],[12.062124,55.862184],[12.060919,55.862366],[12.059019,55.86298],[12.056444,55.864171]]],[[[12.051877,55.798492],[12.05188,55.798843],[12.051927,55.798475],[12.051877,55.798492]]],[[[12.042915,55.677854],[12.045046,55.677906],[12.045316,55.677036],[12.045957,55.677142],[12.046264,55.677549],[12.046953,55.67772],[12.044977,55.676523],[12.042915,55.677854]]],[[[12.053219,55.783043],[12.053405,55.783465],[12.053886,55.783396],[12.053219,55.783043]]],[[[12.056995,55.807174],[12.05866,55.806598],[12.059631,55.805192],[12.062274,55.80355],[12.060071,55.803885],[12.056995,55.807174]]],[[[12.058569,55.798878],[12.05911,55.79928],[12.060158,55.799216],[12.059497,55.799074],[12.059633,55.79845],[12.058569,55.798878]]],[[[12.06132,55.793521],[12.060984,55.793824],[12.061421,55.793768],[12.06132,55.793521]]],[[[12.062462,55.793756],[12.061213,55.79424],[12.063115,55.794776],[12.062462,55.793756]]],[[[12.065243,55.817428],[12.065316,55.817473],[12.065345,55.817459],[12.065243,55.817428]]],[[[12.067823,55.792787],[12.067531,55.793056],[12.067911,55.793016],[12.067823,55.792787]]],[[[12.067907,55.793279],[12.06776,55.793425],[12.067957,55.793399],[12.067907,55.793279]]],[[[12.060938,55.685679],[12.06173,55.686735],[12.062962,55.685512],[12.066802,55.685326],[12.061473,55.685129],[12.060938,55.685679]]],[[[12.06759,55.734689],[12.070577,55.735273],[12.075921,55.738902],[12.074356,55.741435],[12.075431,55.741029],[12.076399,55.74146],[12.075648,55.742614],[12.076226,55.74401],[12.079685,55.743834],[12.080473,55.743017],[12.079679,55.741926],[12.08127,55.740653],[12.084307,55.739576],[12.085549,55.740529],[12.08446,55.739406],[12.085743,55.739251],[12.085753,55.740016],[12.086301,55.739616],[12.085985,55.738691],[12.085028,55.739318],[12.084516,55.73913],[12.086195,55.737847],[12.086393,55.737137],[12.085847,55.737109],[12.085778,55.736994],[12.088159,55.735318],[12.086331,55.734343],[12.085782,55.73343],[12.086626,55.732151],[12.089425,55.731318],[12.089602,55.730377],[12.090561,55.729905],[12.09443,55.729087],[12.095388,55.729125],[12.096105,55.729534],[12.096444,55.729564],[12.097578,55.728366],[12.098667,55.728301],[12.09761,55.724535],[12.096474,55.725052],[12.095621,55.724856],[12.096688,55.725264],[12.096047,55.726836],[12.091192,55.729125],[12.088739,55.729261],[12.08473,55.728734],[12.08339,55.729068],[12.085564,55.728281],[12.084562,55.727375],[12.082674,55.727372],[12.082292,55.726944],[12.080166,55.727494],[12.073124,55.726688],[12.0705,55.727021],[12.07097,55.727632],[12.070128,55.728657],[12.071735,55.728747],[12.072535,55.727783],[12.073388,55.728817],[12.073121,55.729136],[12.072345,55.728735],[12.069829,55.729188],[12.070262,55.732332],[12.068961,55.734295],[12.06759,55.734689]]],[[[12.067768,55.728255],[12.068249,55.7283],[12.068853,55.728299],[12.068509,55.728118],[12.067768,55.728255]]],[[[12.073438,55.794202],[12.073787,55.795653],[12.073875,55.796476],[12.07458,55.794998],[12.073816,55.794699],[12.074431,55.794494],[12.073438,55.794202]]],[[[12.069218,55.729],[12.068913,55.729083],[12.069652,55.729221],[12.069218,55.729]]],[[[12.073354,55.740205],[12.07373,55.740501],[12.074062,55.740171],[12.073354,55.740205]]],[[[12.07518,55.749032],[12.075366,55.750299],[12.075746,55.750463],[12.077204,55.749411],[12.07518,55.749032]]],[[[12.075908,55.747632],[12.077516,55.748385],[12.078094,55.749093],[12.07781,55.748368],[12.075908,55.747632]]],[[[12.077415,55.751592],[12.079336,55.752522],[12.082624,55.75115],[12.079894,55.751621],[12.078644,55.751122],[12.077415,55.751592]]],[[[12.083985,55.748136],[12.084547,55.748222],[12.084601,55.74805],[12.083985,55.748136]]],[[[12.084102,55.751052],[12.084603,55.750792],[12.085358,55.750624],[12.084437,55.750686],[12.084102,55.751052]]],[[[12.08495,55.746021],[12.084629,55.746654],[12.085616,55.74605],[12.08495,55.746021]]],[[[12.085547,55.747389],[12.085456,55.747647],[12.08578,55.747498],[12.085547,55.747389]]],[[[12.085611,55.750793],[12.086521,55.751055],[12.086989,55.750964],[12.086336,55.750736],[12.085611,55.750793]]],[[[12.078189,55.650616],[12.07957,55.650925],[12.079906,55.650226],[12.07853,55.650046],[12.078189,55.650616]]],[[[12.086279,55.751682],[12.08677,55.751835],[12.086883,55.751576],[12.086279,55.751682]]],[[[12.087533,55.750502],[12.089521,55.751142],[12.089798,55.752205],[12.090237,55.751799],[12.091051,55.752132],[12.08944,55.75092],[12.087533,55.750502]]],[[[12.089302,55.752856],[12.089024,55.753147],[12.089385,55.753121],[12.089302,55.752856]]],[[[12.091546,55.755988],[12.094449,55.756607],[12.097095,55.754907],[12.097733,55.753686],[12.095721,55.7522],[12.092087,55.752609],[12.092205,55.753006],[12.093812,55.752985],[12.09491,55.753656],[12.092356,55.754147],[12.092206,55.755636],[12.091546,55.755988]]],[[[12.093916,55.753371],[12.093909,55.753517],[12.094031,55.753514],[12.093916,55.753371]]],[[[12.089345,55.690551],[12.089703,55.691144],[12.091944,55.691647],[12.091308,55.690773],[12.089345,55.690551]]],[[[12.096585,55.74268],[12.096543,55.742749],[12.09667,55.7427],[12.096585,55.74268]]],[[[12.049682,55.132826],[12.052915,55.133612],[12.053721,55.133209],[12.053289,55.132428],[12.054222,55.131811],[12.053762,55.131548],[12.051796,55.132097],[12.050628,55.131893],[12.049682,55.132826]]],[[[12.096132,55.721878],[12.096825,55.722109],[12.097133,55.721422],[12.097005,55.721408],[12.096132,55.721878]]],[[[12.095507,55.697653],[12.095613,55.698014],[12.09607,55.697509],[12.095507,55.697653]]],[[[12.043824,54.955105],[12.044645,54.955584],[12.045984,54.954953],[12.047701,54.95177],[12.055951,54.952409],[12.047349,54.951673],[12.045381,54.952758],[12.043824,54.955105]]],[[[12.102607,55.704228],[12.102325,55.704312],[12.102651,55.704307],[12.102607,55.704228]]],[[[12.058875,55.133804],[12.060315,55.135074],[12.063204,55.13574],[12.065604,55.135754],[12.069257,55.133906],[12.070028,55.132782],[12.069186,55.13216],[12.064596,55.133118],[12.062441,55.13256],[12.060953,55.133028],[12.059728,55.132753],[12.058875,55.133804]]],[[[12.104289,55.704359],[12.104384,55.704453],[12.104337,55.704344],[12.104289,55.704359]]],[[[12.049102,54.891957],[12.046799,54.892278],[12.04912,54.891991],[12.049102,54.891957]]],[[[12.059623,54.952723],[12.06047,54.953306],[12.064268,54.953903],[12.074069,54.95486],[12.080495,54.956938],[12.081822,54.957037],[12.0826,54.956232],[12.082274,54.957082],[12.08331,54.956617],[12.084411,54.95675],[12.092989,54.961021],[12.094479,54.961038],[12.093065,54.960824],[12.094989,54.959953],[12.09717,54.959653],[12.098242,54.959856],[12.098737,54.960757],[12.102071,54.961065],[12.103112,54.961821],[12.104099,54.961135],[12.104057,54.960059],[12.101592,54.957701],[12.101373,54.955962],[12.098974,54.955074],[12.0988,54.955492],[12.096646,54.955594],[12.095812,54.954791],[12.096399,54.952943],[12.099717,54.94887],[12.094856,54.952671],[12.091292,54.953475],[12.088793,54.952844],[12.085416,54.950975],[12.08302,54.95094],[12.075883,54.949471],[12.076273,54.947904],[12.07819,54.947335],[12.076963,54.947034],[12.068278,54.949497],[12.059623,54.952723]]],[[[12.095004,55.129433],[12.095689,55.130222],[12.098338,55.131115],[12.102305,55.131085],[12.10775,55.131718],[12.113614,55.131231],[12.119644,55.131746],[12.120896,55.131362],[12.121917,55.130164],[12.114484,55.130009],[12.11337,55.129026],[12.109575,55.128946],[12.108636,55.128392],[12.108382,55.126401],[12.106464,55.127477],[12.103812,55.127774],[12.101847,55.128606],[12.099472,55.128658],[12.098944,55.128315],[12.095929,55.129534],[12.095004,55.129433]]],[[[12.102586,55.085791],[12.102424,55.085898],[12.10249,55.085913],[12.102586,55.085791]]],[[[12.101284,54.970941],[12.101839,54.972677],[12.103215,54.97366],[12.109181,54.976103],[12.110494,54.977436],[12.112402,54.977862],[12.114972,54.980261],[12.114317,54.982042],[12.111568,54.984428],[12.10659,54.985776],[12.110948,54.984806],[12.113971,54.986191],[12.11555,54.987892],[12.11856,54.988106],[12.1205,54.987832],[12.122942,54.985809],[12.12399,54.985653],[12.129049,54.987517],[12.130362,54.988479],[12.130154,54.989019],[12.131259,54.988818],[12.13228,54.988053],[12.12932,54.985629],[12.129009,54.985946],[12.128447,54.985587],[12.124779,54.982492],[12.124718,54.981894],[12.124,54.981998],[12.121011,54.979668],[12.120954,54.978959],[12.120418,54.979295],[12.119216,54.979055],[12.117095,54.977669],[12.116628,54.976356],[12.117141,54.973045],[12.115954,54.970803],[12.115264,54.970762],[12.113906,54.972223],[12.108042,54.972858],[12.107039,54.972307],[12.107656,54.970238],[12.103715,54.967698],[12.101284,54.970941]]],[[[12.099079,54.905668],[12.104094,54.904977],[12.106944,54.906396],[12.112729,54.906878],[12.11369,54.907459],[12.116396,54.90793],[12.120659,54.908064],[12.120668,54.90883],[12.12258,54.908805],[12.122885,54.909688],[12.122099,54.910558],[12.118093,54.912083],[12.116018,54.916068],[12.112729,54.916633],[12.112009,54.916309],[12.109719,54.917056],[12.109887,54.918493],[12.112079,54.920674],[12.111272,54.921554],[12.111897,54.922673],[12.114801,54.925764],[12.119899,54.933164],[12.124253,54.933562],[12.125621,54.934521],[12.12836,54.935044],[12.13422,54.937949],[12.138102,54.93814],[12.141239,54.940441],[12.145511,54.941636],[12.146993,54.942995],[12.140239,54.943474],[12.135963,54.945491],[12.129985,54.946984],[12.124267,54.950664],[12.121588,54.953561],[12.120173,54.957173],[12.121071,54.958171],[12.127038,54.958322],[12.131549,54.962091],[12.135195,54.962996],[12.138143,54.964839],[12.145473,54.965483],[12.146434,54.966398],[12.145006,54.96816],[12.145372,54.968564],[12.152768,54.97006],[12.158588,54.970475],[12.1624,54.971661],[12.165847,54.971349],[12.167223,54.970724],[12.167271,54.970152],[12.172762,54.968296],[12.177006,54.96809],[12.179715,54.968424],[12.181549,54.967782],[12.18265,54.968262],[12.183619,54.97092],[12.180357,54.972547],[12.177148,54.975992],[12.169819,54.980257],[12.16841,54.982208],[12.168431,54.984794],[12.167471,54.986843],[12.16823,54.986826],[12.169263,54.985758],[12.169973,54.986014],[12.173323,54.985457],[12.173225,54.987184],[12.174228,54.985279],[12.179252,54.985127],[12.188042,54.982806],[12.190125,54.983007],[12.193524,54.982147],[12.193766,54.981468],[12.197285,54.980685],[12.198802,54.979238],[12.202722,54.977851],[12.203683,54.974615],[12.202399,54.970703],[12.20402,54.968299],[12.205671,54.96769],[12.205329,54.967472],[12.206175,54.96732],[12.20651,54.966665],[12.208337,54.966737],[12.208708,54.967879],[12.210031,54.967707],[12.211812,54.968651],[12.21361,54.968517],[12.215395,54.969457],[12.217978,54.969698],[12.223642,54.97156],[12.229891,54.97455],[12.253638,54.977965],[12.260409,54.982342],[12.273282,54.98415],[12.275653,54.983534],[12.277186,54.983685],[12.279175,54.98263],[12.279649,54.982892],[12.278367,54.981543],[12.28046,54.982638],[12.284669,54.980663],[12.284167,54.98002],[12.282608,54.979873],[12.281163,54.979121],[12.279737,54.977602],[12.280185,54.976535],[12.278518,54.975799],[12.278993,54.974862],[12.275082,54.972502],[12.275449,54.970433],[12.272594,54.96759],[12.272389,54.964841],[12.271103,54.964281],[12.269046,54.964346],[12.266815,54.963165],[12.270043,54.961614],[12.273808,54.961191],[12.278232,54.962535],[12.280439,54.964552],[12.280995,54.96409],[12.285593,54.965227],[12.288322,54.96444],[12.29129,54.965146],[12.292696,54.967371],[12.2987,54.96983],[12.300658,54.973642],[12.301963,54.974478],[12.306003,54.975597],[12.30779,54.97703],[12.311901,54.978778],[12.31746,54.979221],[12.322752,54.981741],[12.325587,54.982488],[12.333931,54.983569],[12.338697,54.983425],[12.351953,54.984724],[12.354448,54.986139],[12.352241,54.98696],[12.344733,54.987581],[12.341848,54.986928],[12.34158,54.986437],[12.339074,54.987057],[12.33519,54.98635],[12.33437,54.98668],[12.326259,54.985717],[12.324689,54.986012],[12.322973,54.985507],[12.321792,54.985733],[12.319982,54.984307],[12.313798,54.984143],[12.311346,54.984453],[12.307695,54.985983],[12.304234,54.986535],[12.302326,54.988096],[12.303694,54.989312],[12.303495,54.990743],[12.300859,54.99153],[12.301077,54.990727],[12.300199,54.989956],[12.299361,54.989842],[12.298947,54.990355],[12.298672,54.990098],[12.300089,54.987783],[12.296811,54.98704],[12.295305,54.985964],[12.293314,54.985935],[12.292044,54.984771],[12.290339,54.984972],[12.288951,54.984502],[12.287443,54.983599],[12.287617,54.982897],[12.286254,54.982732],[12.286473,54.982132],[12.28521,54.981196],[12.285526,54.981643],[12.284772,54.981373],[12.285095,54.98165],[12.284589,54.98146],[12.280693,54.983584],[12.281604,54.983674],[12.281483,54.984354],[12.280191,54.984228],[12.280466,54.98376],[12.279496,54.984213],[12.280821,54.984538],[12.279891,54.985219],[12.278782,54.984626],[12.279302,54.984342],[12.278689,54.984604],[12.27916,54.985039],[12.280529,54.985514],[12.280744,54.986174],[12.279784,54.989408],[12.278058,54.991726],[12.272257,54.995378],[12.270617,54.998714],[12.272829,55.001671],[12.278839,55.005956],[12.282822,55.010181],[12.286783,55.01699],[12.285681,55.017842],[12.286157,55.018393],[12.285469,55.020422],[12.284702,55.020689],[12.284235,55.01995],[12.281761,55.020318],[12.28167,55.019586],[12.283023,55.019642],[12.283845,55.018474],[12.284496,55.018489],[12.284529,55.017753],[12.282737,55.017979],[12.283232,55.015684],[12.280335,55.017503],[12.280634,55.018897],[12.278671,55.019857],[12.278291,55.021043],[12.276826,55.02175],[12.27745,55.022699],[12.276095,55.023182],[12.274924,55.024423],[12.272729,55.024122],[12.267245,55.020424],[12.274031,55.025482],[12.272816,55.026216],[12.271515,55.026306],[12.271608,55.025739],[12.270788,55.025852],[12.270071,55.028596],[12.268663,55.028661],[12.267944,55.030319],[12.266316,55.030688],[12.263921,55.032254],[12.26408,55.031428],[12.262374,55.031689],[12.260309,55.032995],[12.260275,55.034369],[12.261831,55.035445],[12.261063,55.035892],[12.260555,55.035335],[12.259284,55.035464],[12.256948,55.036451],[12.255261,55.038685],[12.252849,55.039639],[12.251969,55.039139],[12.252062,55.038519],[12.251298,55.038842],[12.250096,55.038524],[12.248321,55.039365],[12.247107,55.038895],[12.246311,55.03799],[12.247106,55.03684],[12.24636,55.036122],[12.243537,55.035908],[12.238433,55.03666],[12.235888,55.037734],[12.234482,55.039637],[12.234708,55.041044],[12.233776,55.042012],[12.232318,55.042452],[12.233422,55.044179],[12.233092,55.044763],[12.233957,55.044985],[12.233522,55.04542],[12.235394,55.047607],[12.235455,55.049373],[12.236992,55.050114],[12.237999,55.050066],[12.238659,55.050445],[12.238281,55.050783],[12.239545,55.050062],[12.238868,55.050613],[12.239879,55.050933],[12.239677,55.051327],[12.242738,55.052874],[12.252346,55.054596],[12.253318,55.054358],[12.252686,55.054614],[12.252874,55.055624],[12.254154,55.056333],[12.254437,55.057186],[12.256026,55.05805],[12.260113,55.058864],[12.26037,55.059719],[12.258265,55.059891],[12.258801,55.060604],[12.260349,55.060993],[12.26274,55.060741],[12.267233,55.058148],[12.273045,55.055681],[12.279276,55.043609],[12.287158,55.036217],[12.290224,55.034654],[12.298362,55.032202],[12.298984,55.032491],[12.306249,55.029657],[12.311805,55.028297],[12.328317,55.026558],[12.331378,55.027176],[12.337212,55.027032],[12.345056,55.02782],[12.348973,55.027766],[12.360621,55.026095],[12.38201,55.026593],[12.387506,55.027198],[12.396248,55.025365],[12.402937,55.025036],[12.419361,55.02238],[12.423064,55.022445],[12.426348,55.023218],[12.429011,55.023073],[12.435978,55.024338],[12.44398,55.023723],[12.451614,55.022589],[12.456833,55.022332],[12.461649,55.022963],[12.469493,55.020053],[12.480274,55.017369],[12.482966,55.016197],[12.488349,55.015854],[12.496479,55.012924],[12.500083,55.012417],[12.503167,55.012807],[12.506937,55.01143],[12.509531,55.011411],[12.513435,55.009633],[12.522054,55.007614],[12.524564,55.0042],[12.527191,55.001761],[12.528442,55.001361],[12.532967,54.994937],[12.537568,54.990358],[12.5423,54.988117],[12.543729,54.984444],[12.547141,54.980527],[12.548236,54.976558],[12.551363,54.970281],[12.551403,54.967033],[12.552839,54.965331],[12.552479,54.958232],[12.549968,54.954716],[12.540822,54.946309],[12.537081,54.944974],[12.534997,54.945483],[12.530871,54.94429],[12.52538,54.943671],[12.518843,54.944453],[12.5124,54.943442],[12.508835,54.943454],[12.493572,54.946303],[12.485812,54.949022],[12.473382,54.951632],[12.467418,54.952263],[12.466502,54.951281],[12.464593,54.951674],[12.463249,54.951288],[12.464135,54.951729],[12.466514,54.951562],[12.466406,54.952648],[12.467266,54.952507],[12.467412,54.953446],[12.466428,54.953689],[12.465324,54.95205],[12.465403,54.953995],[12.464738,54.954115],[12.464498,54.953272],[12.463949,54.953348],[12.464052,54.954748],[12.462574,54.95519],[12.462098,54.954299],[12.464087,54.952374],[12.464037,54.951943],[12.461944,54.954253],[12.462499,54.955318],[12.461751,54.955621],[12.453134,54.957379],[12.447263,54.957561],[12.444296,54.959017],[12.433517,54.960871],[12.422068,54.962161],[12.416138,54.962292],[12.402746,54.963493],[12.395427,54.9646],[12.38892,54.964745],[12.385073,54.965436],[12.380109,54.965109],[12.373666,54.965404],[12.358333,54.964384],[12.340149,54.960782],[12.335293,54.959568],[12.328728,54.957196],[12.324623,54.95652],[12.315898,54.953497],[12.305412,54.947914],[12.284231,54.938946],[12.270703,54.929105],[12.267526,54.925524],[12.264041,54.922755],[12.2588,54.919313],[12.244334,54.911334],[12.238249,54.904812],[12.233083,54.897614],[12.23057,54.895458],[12.228105,54.894764],[12.220322,54.890437],[12.2106,54.883087],[12.206786,54.881526],[12.203675,54.880936],[12.199887,54.881062],[12.194793,54.879838],[12.186942,54.879393],[12.180209,54.878488],[12.17363,54.879206],[12.16729,54.880798],[12.162893,54.881316],[12.143361,54.880779],[12.141301,54.881933],[12.139805,54.884753],[12.134838,54.889677],[12.133777,54.890199],[12.133335,54.88988],[12.132993,54.889946],[12.133556,54.890316],[12.132788,54.890863],[12.132185,54.890556],[12.132837,54.890146],[12.132142,54.890361],[12.131611,54.891467],[12.126136,54.895456],[12.124469,54.897186],[12.124619,54.898956],[12.125553,54.899679],[12.127879,54.900227],[12.128152,54.899477],[12.129579,54.899097],[12.130852,54.899282],[12.130257,54.899664],[12.130773,54.899873],[12.13189,54.898511],[12.133041,54.898565],[12.134634,54.897787],[12.131816,54.896953],[12.132092,54.896641],[12.135436,54.89556],[12.138281,54.895759],[12.138829,54.896193],[12.142091,54.895689],[12.143659,54.896372],[12.142761,54.897052],[12.141917,54.899516],[12.144725,54.899632],[12.146118,54.898513],[12.148719,54.898708],[12.149082,54.899147],[12.147968,54.900673],[12.144429,54.900968],[12.142809,54.901533],[12.140519,54.901286],[12.139213,54.901584],[12.136472,54.900908],[12.13254,54.902759],[12.130864,54.902287],[12.128738,54.902893],[12.124863,54.901569],[12.120807,54.902217],[12.113539,54.902002],[12.112349,54.901797],[12.111536,54.900671],[12.111223,54.901892],[12.105426,54.90313],[12.103962,54.904777],[12.099079,54.905668]]],[[[12.118777,54.900158],[12.119997,54.900486],[12.120891,54.899568],[12.119379,54.89951],[12.118777,54.900158]]],[[[12.132469,54.899651],[12.132541,54.899865],[12.132638,54.899889],[12.132469,54.899651]]],[[[12.199,55.470863],[12.19904,55.471708],[12.199902,55.47208],[12.199,55.470863]]],[[[12.201001,55.492298],[12.201171,55.492416],[12.201317,55.492304],[12.201001,55.492298]]],[[[12.167292,55.067553],[12.168242,55.067847],[12.170154,55.067455],[12.171387,55.066137],[12.169399,55.066162],[12.167292,55.067553]]],[[[12.201469,55.491662],[12.201808,55.491785],[12.201872,55.491292],[12.201469,55.491662]]],[[[12.202487,55.496946],[12.202976,55.497133],[12.203248,55.497023],[12.202487,55.496946]]],[[[12.202232,55.490789],[12.202484,55.491015],[12.20234,55.490721],[12.202232,55.490789]]],[[[12.202645,55.490414],[12.202708,55.49039],[12.202619,55.490342],[12.202645,55.490414]]],[[[12.203722,55.499226],[12.204072,55.499682],[12.20458,55.499536],[12.203722,55.499226]]],[[[12.20931,55.507219],[12.210772,55.508648],[12.212916,55.508839],[12.211783,55.507142],[12.209763,55.506547],[12.20931,55.507219]]],[[[12.218196,55.518387],[12.218149,55.51861],[12.218393,55.518533],[12.218196,55.518387]]],[[[12.180259,55.046784],[12.185809,55.047474],[12.188517,55.047309],[12.19778,55.048729],[12.198554,55.049315],[12.19663,55.049556],[12.196161,55.050007],[12.200308,55.051456],[12.203091,55.0539],[12.205576,55.054717],[12.209459,55.05737],[12.214032,55.058845],[12.219084,55.059216],[12.221852,55.058622],[12.227375,55.060972],[12.233462,55.060927],[12.237661,55.060343],[12.232649,55.0589],[12.235993,55.058798],[12.236771,55.05837],[12.235286,55.054969],[12.229634,55.05108],[12.229771,55.050567],[12.233658,55.049725],[12.232156,55.049557],[12.228584,55.05029],[12.227893,55.049186],[12.229046,55.047532],[12.228254,55.046667],[12.226593,55.046567],[12.225253,55.044929],[12.225775,55.043264],[12.222538,55.038707],[12.222183,55.036003],[12.220581,55.034263],[12.218991,55.033569],[12.215834,55.033611],[12.214126,55.034398],[12.208709,55.035471],[12.201976,55.03878],[12.201803,55.0393],[12.201025,55.039212],[12.199062,55.040177],[12.194448,55.039895],[12.193964,55.038857],[12.193905,55.03961],[12.193313,55.039609],[12.193531,55.038817],[12.192559,55.039616],[12.187462,55.040441],[12.183154,55.043239],[12.180259,55.046784]]],[[[12.22243,55.074268],[12.230065,55.078249],[12.231113,55.078191],[12.231053,55.078028],[12.22243,55.074268]]],[[[12.22082,55.007657],[12.22147,55.008309],[12.223571,55.007847],[12.22584,55.004696],[12.227286,55.004119],[12.222347,55.005917],[12.221363,55.005337],[12.221951,55.006059],[12.22082,55.007657]]],[[[12.226895,55.043771],[12.228032,55.044479],[12.229086,55.044086],[12.228041,55.043047],[12.226895,55.043771]]],[[[12.233104,55.030905],[12.234476,55.032477],[12.23591,55.032231],[12.237361,55.030966],[12.236749,55.029717],[12.235151,55.028974],[12.23375,55.029563],[12.233104,55.030905]]],[[[12.237687,55.08504],[12.238272,55.085338],[12.239609,55.084516],[12.239128,55.084245],[12.238879,55.084807],[12.237687,55.08504]]],[[[12.24484,55.086977],[12.247173,55.087337],[12.253508,55.086181],[12.252211,55.086615],[12.25209,55.08668],[12.25216,55.086715],[12.260469,55.083519],[12.266989,55.077048],[12.268852,55.076778],[12.270439,55.075616],[12.273122,55.070266],[12.2729,55.068809],[12.271928,55.067859],[12.270412,55.067694],[12.270748,55.068025],[12.267381,55.068298],[12.268849,55.068395],[12.266692,55.070586],[12.260851,55.073117],[12.256913,55.075883],[12.255817,55.077992],[12.256168,55.079114],[12.258986,55.079975],[12.260729,55.079794],[12.261538,55.0811],[12.260594,55.082284],[12.25866,55.083303],[12.257939,55.083174],[12.256054,55.084518],[12.252234,55.085027],[12.250313,55.084864],[12.24969,55.085226],[12.250024,55.085841],[12.247275,55.086216],[12.248964,55.086544],[12.248679,55.086825],[12.24484,55.086977]]],[[[12.24495,55.082728],[12.245124,55.083245],[12.246761,55.083506],[12.247792,55.083042],[12.246869,55.082885],[12.246742,55.083387],[12.24495,55.082728]]],[[[12.248138,55.082548],[12.248095,55.082755],[12.248369,55.082734],[12.248138,55.082548]]],[[[12.25092,55.081745],[12.251324,55.082258],[12.252176,55.082326],[12.254101,55.080521],[12.251966,55.082102],[12.25092,55.081745]]],[[[12.25316,55.080827],[12.251353,55.08052],[12.252201,55.080844],[12.25316,55.080827]]],[[[12.282762,55.014099],[12.282995,55.014779],[12.283358,55.01475],[12.282762,55.014099]]],[[[12.28497,55.018037],[12.284808,55.018176],[12.285216,55.018059],[12.28497,55.018037]]],[[[12.282011,54.981956],[12.281914,54.982079],[12.282075,54.981995],[12.282011,54.981956]]],[[[12.466534,55.599775],[12.466583,55.599869],[12.466636,55.59981],[12.466534,55.599775]]],[[[12.520474,56.085572],[12.520343,56.085648],[12.520757,56.085548],[12.520474,56.085572]]],[[[12.521557,56.085226],[12.521288,56.085343],[12.521688,56.085237],[12.521557,56.085226]]],[[[12.455967,55.321327],[12.455801,55.321388],[12.455981,55.32137],[12.455967,55.321327]]],[[[12.4561,55.32177],[12.455932,55.321831],[12.456113,55.321815],[12.4561,55.32177]]],[[[12.456172,55.322],[12.456154,55.322524],[12.456322,55.322507],[12.456172,55.322]]],[[[12.456381,55.322693],[12.456214,55.322755],[12.456394,55.322737],[12.456381,55.322693]]],[[[12.456515,55.323135],[12.456348,55.323196],[12.456528,55.323179],[12.456515,55.323135]]],[[[12.530633,56.082532],[12.530435,56.082661],[12.530673,56.082533],[12.530633,56.082532]]],[[[12.531368,56.082318],[12.531119,56.08245],[12.531557,56.08232],[12.531368,56.082318]]],[[[12.532217,56.082074],[12.532035,56.082207],[12.532512,56.082042],[12.532217,56.082074]]],[[[12.533235,56.081853],[12.533006,56.081975],[12.533275,56.081861],[12.533235,56.081853]]],[[[12.534071,56.081667],[12.53377,56.081804],[12.534136,56.081687],[12.534071,56.081667]]],[[[12.535012,56.081452],[12.534722,56.081606],[12.535194,56.08146],[12.535012,56.081452]]],[[[12.535978,56.081181],[12.536059,56.081237],[12.536076,56.081187],[12.535978,56.081181]]],[[[12.536889,56.080941],[12.536653,56.081078],[12.536951,56.080941],[12.536889,56.080941]]],[[[12.53777,56.08068],[12.537515,56.080827],[12.537842,56.080695],[12.53777,56.08068]]],[[[12.53833,56.080503],[12.538417,56.080559],[12.538704,56.080425],[12.53833,56.080503]]],[[[12.539515,56.080122],[12.539246,56.08028],[12.539595,56.080129],[12.539515,56.080122]]],[[[12.540264,56.07981],[12.540004,56.080007],[12.540325,56.079818],[12.540264,56.07981]]],[[[12.540917,56.07951],[12.54089,56.079605],[12.541124,56.079454],[12.540917,56.07951]]],[[[12.54179,56.079119],[12.541575,56.079284],[12.541913,56.079109],[12.54179,56.079119]]],[[[12.506574,55.63428],[12.506835,55.634868],[12.507206,55.634888],[12.507301,55.634231],[12.506574,55.63428]]],[[[12.545034,55.640795],[12.545643,55.641601],[12.545784,55.641587],[12.545034,55.640795]]],[[[12.546594,55.649703],[12.547352,55.650832],[12.547772,55.650697],[12.546594,55.649703]]],[[[12.546628,55.647275],[12.547078,55.648445],[12.548603,55.647894],[12.547955,55.647046],[12.546628,55.647275]]],[[[12.548768,55.644635],[12.549725,55.645293],[12.550903,55.644867],[12.549777,55.644268],[12.548768,55.644635]]],[[[12.549819,55.645387],[12.550525,55.64601],[12.551574,55.64546],[12.551008,55.64496],[12.549819,55.645387]]],[[[12.550104,55.644234],[12.551117,55.644789],[12.552591,55.644158],[12.551327,55.643803],[12.550104,55.644234]]],[[[12.550656,55.646089],[12.551743,55.64676],[12.552881,55.646349],[12.551686,55.645549],[12.550656,55.646089]]],[[[12.551223,55.644881],[12.551755,55.645353],[12.55272,55.644697],[12.5524,55.644459],[12.551223,55.644881]]],[[[12.551728,55.642916],[12.551518,55.643147],[12.551851,55.643002],[12.551728,55.642916]]],[[[12.551958,55.647744],[12.553181,55.648968],[12.554984,55.648317],[12.553949,55.648158],[12.554381,55.647842],[12.553804,55.648052],[12.554057,55.647593],[12.551958,55.647744]]],[[[12.551862,55.645445],[12.553261,55.646359],[12.555835,55.647263],[12.554392,55.645541],[12.55281,55.644807],[12.551862,55.645445]]],[[[12.552956,55.649262],[12.554752,55.650413],[12.556775,55.649681],[12.555733,55.649525],[12.556301,55.649321],[12.555268,55.649085],[12.555634,55.648794],[12.554755,55.648771],[12.55519,55.648457],[12.552956,55.649262]]],[[[12.552803,55.644347],[12.552791,55.644596],[12.553016,55.644495],[12.552803,55.644347]]],[[[12.59029,56.009188],[12.590668,56.008783],[12.590413,56.008072],[12.590541,56.00867],[12.59029,56.009188]]],[[[12.562909,55.663286],[12.565294,55.664364],[12.565696,55.664095],[12.565177,55.663486],[12.564763,55.663778],[12.563606,55.663255],[12.563659,55.6628],[12.562909,55.663286]]],[[[12.575989,55.675773],[12.579766,55.677518],[12.583715,55.675983],[12.587416,55.67526],[12.580422,55.672262],[12.575989,55.675773]]],[[[12.58753,55.718536],[12.588011,55.71872],[12.588723,55.71873],[12.58753,55.718536]]],[[[12.583925,55.672567],[12.586302,55.67348],[12.589066,55.675254],[12.590099,55.674603],[12.590506,55.674858],[12.589457,55.675472],[12.591626,55.676309],[12.593953,55.674594],[12.587595,55.67069],[12.583925,55.672567]]],[[[12.589014,55.727368],[12.589758,55.727337],[12.590495,55.727094],[12.590761,55.72658],[12.589014,55.727368]]],[[[12.591181,55.749625],[12.591707,55.74969],[12.592018,55.749622],[12.59214,55.749476],[12.591181,55.749625]]],[[[12.589557,55.726307],[12.58975,55.726575],[12.589673,55.726269],[12.589557,55.726307]]],[[[12.591905,55.74909],[12.59198,55.749177],[12.592038,55.749151],[12.591905,55.74909]]],[[[12.586978,55.67415],[12.587024,55.674266],[12.587082,55.674194],[12.586978,55.67415]]],[[[12.591973,55.676367],[12.595284,55.677854],[12.596003,55.677257],[12.596594,55.677398],[12.595727,55.677972],[12.596646,55.678387],[12.598422,55.677825],[12.594188,55.674809],[12.591973,55.676367]]],[[[12.596576,55.705069],[12.59854,55.705313],[12.599435,55.705348],[12.596728,55.703976],[12.596576,55.705069]]],[[[12.599245,55.707889],[12.602497,55.707364],[12.602934,55.706523],[12.60248,55.706232],[12.599238,55.706911],[12.599245,55.707889]]],[[[12.598847,55.695753],[12.599682,55.702786],[12.601283,55.703969],[12.600514,55.695565],[12.598847,55.695753]]],[[[12.605418,55.761562],[12.605583,55.761193],[12.60546,55.76044],[12.605492,55.761067],[12.605418,55.761562]]],[[[12.59847,55.680547],[12.599397,55.681679],[12.601574,55.681097],[12.600592,55.679963],[12.59847,55.680547]]],[[[12.599202,55.681893],[12.599896,55.682721],[12.6024,55.682053],[12.601688,55.681229],[12.599202,55.681893]]],[[[12.60025,55.68279],[12.600763,55.683377],[12.602508,55.683025],[12.600964,55.683606],[12.601363,55.684063],[12.603602,55.683442],[12.602514,55.682185],[12.60025,55.68279]]],[[[12.600738,55.679563],[12.604212,55.683739],[12.60559,55.683565],[12.605216,55.683013],[12.605838,55.682837],[12.606443,55.683503],[12.607943,55.682903],[12.607158,55.678879],[12.606726,55.678348],[12.605862,55.678413],[12.60656,55.678186],[12.600738,55.679563]]],[[[12.601674,55.687045],[12.601676,55.68708],[12.601706,55.687062],[12.601674,55.687045]]],[[[12.601995,55.688995],[12.602236,55.689001],[12.603083,55.688996],[12.601995,55.688995]]],[[[12.604384,55.688991],[12.603836,55.688996],[12.604383,55.688998],[12.605066,55.689285],[12.604384,55.688991]]],[[[12.606659,55.689553],[12.605276,55.68938],[12.606662,55.689559],[12.607333,55.689465],[12.607861,55.689265],[12.607895,55.689226],[12.606659,55.689553]]],[[[12.611636,55.703689],[12.612758,55.70391],[12.613243,55.704937],[12.612852,55.705634],[12.612552,55.7066],[12.612612,55.707509],[12.612769,55.707812],[12.61329,55.704957],[12.61281,55.703905],[12.614732,55.703714],[12.615332,55.703126],[12.614596,55.702005],[12.616206,55.701734],[12.616352,55.698741],[12.616046,55.698486],[12.616088,55.701684],[12.614514,55.701952],[12.613755,55.701614],[12.611636,55.703689]]],[[[12.604155,55.561215],[12.604201,55.561271],[12.604252,55.561238],[12.604155,55.561215]]],[[[12.605602,55.560879],[12.605723,55.56111],[12.605909,55.560931],[12.605602,55.560879]]],[[[12.636935,55.662779],[12.639551,55.66551],[12.63885,55.664341],[12.641737,55.660505],[12.648199,55.65572],[12.650149,55.654716],[12.65205,55.654612],[12.650389,55.654498],[12.649292,55.653908],[12.648054,55.651933],[12.648868,55.648681],[12.650522,55.648219],[12.650796,55.647877],[12.649761,55.64829],[12.647113,55.648305],[12.642852,55.650898],[12.645822,55.65293],[12.646633,55.654367],[12.642195,55.657509],[12.639609,55.658057],[12.640073,55.658986],[12.636935,55.662779]]],[[[12.648921,55.647886],[12.648304,55.648091],[12.648963,55.648026],[12.648921,55.647886]]],[[[12.663569,55.720669],[12.665085,55.721605],[12.666967,55.721476],[12.668136,55.720734],[12.667992,55.719615],[12.667429,55.719308],[12.665993,55.719109],[12.667468,55.719381],[12.663712,55.720542],[12.664003,55.719695],[12.665538,55.719124],[12.665478,55.719061],[12.66392,55.719658],[12.663569,55.720669]]],[[[12.680784,55.593454],[12.680783,55.59352],[12.680843,55.593485],[12.680784,55.593454]]],[[[12.686654,55.635894],[12.686784,55.636094],[12.686859,55.635874],[12.686654,55.635894]]],[[[12.711621,55.536366],[12.711526,55.536534],[12.711703,55.536562],[12.711621,55.536366]]],[[[12.728951,55.703814],[12.731421,55.704166],[12.734245,55.703186],[12.733485,55.702682],[12.731202,55.703323],[12.72927,55.703218],[12.728951,55.703814]]],[[[12.723739,55.633686],[12.725221,55.633539],[12.726219,55.633643],[12.725266,55.63341],[12.723739,55.633686]]],[[[12.725989,55.610705],[12.726586,55.61134],[12.727896,55.611438],[12.735104,55.608817],[12.743893,55.60677],[12.755982,55.598883],[12.766964,55.593666],[12.776901,55.589824],[12.776947,55.588758],[12.774815,55.588481],[12.766317,55.590983],[12.757582,55.592368],[12.744935,55.601209],[12.736632,55.605596],[12.726412,55.610092],[12.725989,55.610705]]],[[[12.730023,55.651433],[12.738302,55.65027],[12.739224,55.65027],[12.740614,55.651331],[12.73951,55.651784],[12.739498,55.65135],[12.740114,55.651354],[12.73874,55.650813],[12.738894,55.652021],[12.738268,55.652067],[12.738967,55.653009],[12.73953,55.652795],[12.74034,55.65322],[12.739643,55.653683],[12.73929,55.653202],[12.738536,55.653401],[12.73923,55.654112],[12.740256,55.653949],[12.73894,55.654491],[12.739424,55.654945],[12.739387,55.654694],[12.74002,55.654446],[12.739744,55.655485],[12.741076,55.656718],[12.738987,55.656791],[12.738505,55.656468],[12.73923,55.656063],[12.737766,55.656061],[12.737924,55.656448],[12.737189,55.656581],[12.741088,55.657126],[12.74113,55.65766],[12.739466,55.657169],[12.740407,55.65762],[12.741094,55.657734],[12.741757,55.657634],[12.742087,55.658201],[12.74277,55.658133],[12.741762,55.658592],[12.743194,55.658848],[12.742503,55.659446],[12.741346,55.659302],[12.741299,55.659683],[12.744191,55.659632],[12.744867,55.66039],[12.743365,55.661849],[12.743774,55.662182],[12.742752,55.662456],[12.745073,55.662815],[12.742396,55.66336],[12.742423,55.663954],[12.746375,55.663359],[12.745208,55.664049],[12.745562,55.664437],[12.743348,55.663887],[12.743904,55.664503],[12.745683,55.664555],[12.745193,55.665233],[12.743903,55.665108],[12.743532,55.664774],[12.744076,55.664681],[12.742764,55.664072],[12.742123,55.664011],[12.744022,55.66529],[12.742982,55.665327],[12.744507,55.665515],[12.743974,55.665808],[12.744933,55.666021],[12.744992,55.666709],[12.740969,55.667379],[12.744472,55.667273],[12.746023,55.666622],[12.745384,55.667347],[12.747219,55.665898],[12.748609,55.665816],[12.749893,55.666292],[12.749627,55.665945],[12.751087,55.665773],[12.751689,55.666604],[12.750821,55.667381],[12.755373,55.666199],[12.758464,55.669501],[12.758025,55.667777],[12.75933,55.66819],[12.762984,55.668153],[12.762424,55.668478],[12.763491,55.669152],[12.761348,55.669304],[12.760688,55.669611],[12.764774,55.670032],[12.763663,55.670125],[12.764598,55.670293],[12.76408,55.671261],[12.76141,55.67101],[12.762255,55.671684],[12.763664,55.671407],[12.764355,55.671686],[12.766461,55.670968],[12.766429,55.671641],[12.767426,55.671833],[12.768272,55.672745],[12.769635,55.67224],[12.769568,55.671494],[12.772404,55.671042],[12.772999,55.670524],[12.772195,55.670269],[12.772707,55.668673],[12.77255,55.668297],[12.771498,55.668271],[12.774974,55.667018],[12.776491,55.667137],[12.775896,55.664583],[12.776642,55.662535],[12.778951,55.660785],[12.780639,55.651348],[12.779922,55.644818],[12.780371,55.641202],[12.781341,55.640336],[12.784044,55.639601],[12.783524,55.637293],[12.782414,55.6374],[12.781847,55.636991],[12.783968,55.636645],[12.783026,55.635917],[12.782484,55.63626],[12.781658,55.63514],[12.782454,55.634954],[12.781783,55.634408],[12.783473,55.634613],[12.783349,55.633925],[12.7812,55.63223],[12.781201,55.631576],[12.781979,55.63144],[12.781245,55.631366],[12.781968,55.63036],[12.781351,55.629902],[12.78194,55.630025],[12.782763,55.629205],[12.779574,55.62824],[12.778896,55.627522],[12.779096,55.627249],[12.77944,55.627864],[12.782303,55.628179],[12.783739,55.625961],[12.783113,55.623754],[12.784187,55.623897],[12.782799,55.623059],[12.786555,55.622447],[12.786914,55.622707],[12.787851,55.622331],[12.788661,55.620797],[12.789305,55.62053],[12.788453,55.619232],[12.786927,55.61914],[12.787795,55.618293],[12.786506,55.618185],[12.7863,55.619451],[12.787064,55.619869],[12.786565,55.620245],[12.78592,55.620073],[12.785773,55.618512],[12.784914,55.617778],[12.783712,55.617631],[12.785329,55.61685],[12.784283,55.616665],[12.784684,55.615615],[12.785316,55.615792],[12.785468,55.615435],[12.784135,55.614294],[12.785153,55.614608],[12.786441,55.616024],[12.787275,55.615453],[12.78645,55.614921],[12.787351,55.615115],[12.789318,55.614195],[12.789021,55.61341],[12.789695,55.613181],[12.788001,55.612631],[12.78979,55.612834],[12.790259,55.612571],[12.789163,55.612288],[12.793513,55.611897],[12.793243,55.610903],[12.793967,55.61025],[12.792356,55.60988],[12.792054,55.609043],[12.787531,55.609023],[12.786979,55.610049],[12.787762,55.610834],[12.786878,55.611832],[12.786124,55.611037],[12.786204,55.609901],[12.787043,55.608558],[12.784038,55.608056],[12.783842,55.608752],[12.78327,55.608656],[12.783833,55.607685],[12.78332,55.607303],[12.782387,55.607924],[12.783012,55.607155],[12.782172,55.607159],[12.781663,55.6064],[12.780567,55.606571],[12.780094,55.60618],[12.779403,55.606641],[12.777977,55.606851],[12.777375,55.606568],[12.77511,55.608094],[12.775872,55.606722],[12.77447,55.606556],[12.773809,55.605706],[12.7729,55.60574],[12.772474,55.606432],[12.771946,55.605981],[12.771082,55.60616],[12.771451,55.605785],[12.769551,55.605889],[12.768445,55.606326],[12.768595,55.60674],[12.767735,55.606626],[12.767642,55.605728],[12.766741,55.605701],[12.764807,55.60707],[12.763828,55.606459],[12.762787,55.60686],[12.762413,55.607647],[12.763826,55.608045],[12.761937,55.608306],[12.761693,55.608814],[12.762875,55.609872],[12.762114,55.610289],[12.761455,55.610031],[12.760527,55.610737],[12.7611,55.611531],[12.760452,55.611594],[12.760376,55.612151],[12.761767,55.612322],[12.760408,55.612465],[12.760793,55.61423],[12.759611,55.614272],[12.759643,55.615025],[12.758413,55.614445],[12.758067,55.613646],[12.757591,55.61385],[12.757954,55.614996],[12.757447,55.615155],[12.758271,55.616131],[12.757403,55.615864],[12.756507,55.616351],[12.757455,55.616354],[12.757289,55.61705],[12.758099,55.617466],[12.757117,55.617219],[12.7562,55.617728],[12.755316,55.617382],[12.755581,55.616718],[12.755085,55.617479],[12.754268,55.617445],[12.754249,55.616992],[12.754946,55.61692],[12.75423,55.616474],[12.75355,55.616716],[12.753063,55.619078],[12.75377,55.621393],[12.753008,55.62117],[12.752981,55.620543],[12.752143,55.620247],[12.751516,55.620529],[12.750451,55.619925],[12.75105,55.619257],[12.749516,55.619649],[12.747516,55.618615],[12.747604,55.617401],[12.746538,55.618441],[12.747276,55.619471],[12.746608,55.620532],[12.745102,55.621182],[12.745353,55.620805],[12.744302,55.620868],[12.745073,55.619856],[12.74397,55.619684],[12.743843,55.619126],[12.74245,55.619988],[12.743047,55.620762],[12.742364,55.621912],[12.740592,55.621866],[12.740908,55.621283],[12.740292,55.621204],[12.739079,55.622289],[12.738684,55.624199],[12.739774,55.624157],[12.739313,55.623492],[12.739538,55.622746],[12.739546,55.623177],[12.740556,55.623346],[12.741984,55.622651],[12.744314,55.622856],[12.743418,55.622203],[12.74375,55.621963],[12.744565,55.622074],[12.745838,55.623531],[12.742936,55.623274],[12.74324,55.62514],[12.744281,55.625714],[12.743592,55.626832],[12.744337,55.626808],[12.742873,55.62762],[12.743394,55.628023],[12.742325,55.627492],[12.741551,55.627633],[12.740971,55.629309],[12.739831,55.628813],[12.738854,55.629198],[12.739608,55.627258],[12.738239,55.62708],[12.73826,55.627565],[12.737322,55.627682],[12.738322,55.627746],[12.738683,55.628116],[12.738233,55.628386],[12.737917,55.627972],[12.737239,55.629208],[12.736483,55.628845],[12.737268,55.62824],[12.735821,55.62727],[12.736001,55.627544],[12.735294,55.62753],[12.736385,55.628457],[12.735692,55.628794],[12.736301,55.629106],[12.735657,55.629399],[12.736635,55.629685],[12.73607,55.63006],[12.738536,55.630068],[12.738785,55.630601],[12.7402,55.62939],[12.738587,55.631107],[12.738928,55.631264],[12.73908,55.632183],[12.736407,55.632007],[12.736933,55.632454],[12.736445,55.63305],[12.737685,55.633101],[12.73591,55.633702],[12.736309,55.634123],[12.735081,55.634772],[12.73407,55.634169],[12.734375,55.633316],[12.733392,55.633057],[12.733169,55.632479],[12.732667,55.63261],[12.733226,55.633127],[12.732777,55.633855],[12.733487,55.634121],[12.732789,55.634282],[12.733878,55.635844],[12.733436,55.636135],[12.73516,55.635942],[12.735222,55.636399],[12.736066,55.636109],[12.737089,55.636945],[12.736203,55.637874],[12.734753,55.6378],[12.735593,55.638008],[12.735121,55.638268],[12.736281,55.638084],[12.735814,55.638681],[12.734589,55.639082],[12.733761,55.638746],[12.733289,55.639068],[12.734072,55.638992],[12.734037,55.639468],[12.732607,55.639202],[12.733127,55.639495],[12.734039,55.639519],[12.734541,55.639344],[12.735482,55.639967],[12.738179,55.639532],[12.737512,55.640742],[12.738914,55.640537],[12.737506,55.641214],[12.738048,55.641701],[12.73661,55.641344],[12.736657,55.641715],[12.735705,55.641563],[12.735258,55.642224],[12.735788,55.642141],[12.735059,55.642296],[12.735442,55.641792],[12.735042,55.641488],[12.733658,55.642591],[12.733879,55.642879],[12.735586,55.642613],[12.736741,55.641892],[12.737499,55.642177],[12.737295,55.643211],[12.736308,55.642806],[12.73653,55.643306],[12.735592,55.643604],[12.737159,55.643632],[12.736422,55.643973],[12.735323,55.64377],[12.735021,55.644467],[12.736392,55.644107],[12.737556,55.644609],[12.738532,55.644488],[12.739136,55.64514],[12.738413,55.645947],[12.737533,55.645844],[12.737556,55.645366],[12.736723,55.646414],[12.736058,55.646423],[12.737411,55.647508],[12.739394,55.647603],[12.738683,55.649],[12.739336,55.649111],[12.740192,55.64851],[12.741561,55.648987],[12.740279,55.6494],[12.73989,55.649038],[12.739129,55.649516],[12.736575,55.648716],[12.736743,55.649417],[12.73882,55.65014],[12.730023,55.651433]]],[[[12.733712,55.636815],[12.732666,55.637444],[12.733648,55.636984],[12.734225,55.637085],[12.733712,55.636815]]],[[[12.734077,55.64373],[12.734602,55.643843],[12.735282,55.643497],[12.734621,55.643147],[12.734077,55.64373]]],[[[12.737578,55.655478],[12.73563,55.656167],[12.73796,55.655476],[12.737578,55.655478]]],[[[12.734217,55.632364],[12.733773,55.632779],[12.734773,55.632513],[12.734217,55.632364]]],[[[12.73354,55.630602],[12.733455,55.630715],[12.733757,55.630693],[12.73354,55.630602]]],[[[12.734946,55.642889],[12.735058,55.64303],[12.7352,55.642827],[12.734946,55.642889]]],[[[12.734619,55.630372],[12.734477,55.630666],[12.73492,55.630293],[12.734619,55.630372]]],[[[12.735679,55.641084],[12.735532,55.641251],[12.736223,55.641014],[12.735679,55.641084]]],[[[12.736272,55.644994],[12.736464,55.645234],[12.736829,55.644914],[12.736272,55.644994]]],[[[12.73595,55.64466],[12.737227,55.644876],[12.736999,55.645452],[12.738144,55.644831],[12.73595,55.64466]]],[[[12.737496,55.652074],[12.737767,55.652613],[12.738195,55.652613],[12.737496,55.652074]]],[[[12.737613,55.655799],[12.738842,55.655751],[12.73961,55.655321],[12.738872,55.655389],[12.737613,55.655799]]],[[[12.736499,55.640159],[12.736637,55.6404],[12.736752,55.640185],[12.736499,55.640159]]],[[[12.735583,55.629966],[12.735724,55.63049],[12.736487,55.630118],[12.735811,55.630167],[12.735583,55.629966]]],[[[12.735631,55.631044],[12.735825,55.631171],[12.735961,55.631657],[12.736126,55.631206],[12.735631,55.631044]]],[[[12.736088,55.63336],[12.736063,55.633513],[12.736801,55.633229],[12.736088,55.63336]]],[[[12.736857,55.641088],[12.737341,55.641336],[12.737396,55.641258],[12.736857,55.641088]]],[[[12.736947,55.640672],[12.736866,55.64094],[12.737255,55.640764],[12.736947,55.640672]]],[[[12.73609,55.632763],[12.735984,55.632897],[12.736214,55.632792],[12.73609,55.632763]]],[[[12.735914,55.63051],[12.736702,55.630555],[12.737179,55.630206],[12.736634,55.630166],[12.735914,55.63051]]],[[[12.736317,55.626894],[12.736313,55.627069],[12.736438,55.627045],[12.736317,55.626894]]],[[[12.736852,55.63124],[12.737675,55.631851],[12.738747,55.631573],[12.738112,55.631255],[12.738627,55.630759],[12.737614,55.630397],[12.736852,55.63124]]],[[[12.737031,55.627926],[12.73703,55.628054],[12.737239,55.628018],[12.737031,55.627926]]],[[[12.741331,55.666812],[12.741013,55.666994],[12.741804,55.666737],[12.741331,55.666812]]],[[[12.741085,55.657933],[12.740827,55.65803],[12.741474,55.658326],[12.741085,55.657933]]],[[[12.737751,55.626022],[12.738245,55.626132],[12.739078,55.626004],[12.738675,55.625631],[12.737751,55.626022]]],[[[12.738017,55.625439],[12.738878,55.625417],[12.739037,55.624542],[12.738349,55.624597],[12.738017,55.625439]]],[[[12.738704,55.626584],[12.738902,55.626894],[12.739017,55.62663],[12.738704,55.626584]]],[[[12.73902,55.624288],[12.739142,55.624489],[12.739166,55.624296],[12.73902,55.624288]]],[[[12.739424,55.625363],[12.740502,55.625277],[12.740582,55.625017],[12.739992,55.624937],[12.739424,55.625363]]],[[[12.739764,55.624447],[12.739973,55.624558],[12.74022,55.624678],[12.739764,55.624447]]],[[[12.739573,55.626454],[12.740373,55.626971],[12.740799,55.626269],[12.740168,55.625703],[12.739573,55.626454]]],[[[12.740386,55.627021],[12.740059,55.627191],[12.740431,55.62705],[12.740386,55.627021]]],[[[12.740181,55.624327],[12.740019,55.624462],[12.740267,55.624391],[12.740181,55.624327]]],[[[12.740309,55.62539],[12.740651,55.625648],[12.74074,55.625356],[12.740309,55.62539]]],[[[12.740494,55.62858],[12.740607,55.628701],[12.740699,55.628633],[12.740494,55.62858]]],[[[12.740211,55.623752],[12.740224,55.624074],[12.740485,55.624049],[12.740211,55.623752]]],[[[12.744389,55.664611],[12.744906,55.665087],[12.745138,55.66513],[12.744869,55.664728],[12.744389,55.664611]]],[[[12.74072,55.624942],[12.741882,55.624926],[12.741989,55.624054],[12.741032,55.623429],[12.74072,55.624942]]],[[[12.741217,55.625005],[12.741101,55.625291],[12.742006,55.625243],[12.741217,55.625005]]],[[[12.74043,55.619349],[12.740931,55.619773],[12.741321,55.6197],[12.741152,55.619388],[12.74043,55.619349]]],[[[12.741221,55.623122],[12.741392,55.623261],[12.741456,55.623164],[12.741221,55.623122]]],[[[12.742368,55.626451],[12.741979,55.626784],[12.743003,55.626637],[12.742368,55.626451]]],[[[12.741623,55.625382],[12.741708,55.625633],[12.742279,55.625542],[12.741623,55.625382]]],[[[12.741431,55.619791],[12.74129,55.620101],[12.741689,55.620146],[12.741431,55.619791]]],[[[12.74201,55.621383],[12.741912,55.621659],[12.742119,55.621682],[12.74201,55.621383]]],[[[12.742463,55.626931],[12.742424,55.627071],[12.74266,55.627037],[12.742463,55.626931]]],[[[12.742721,55.627116],[12.742676,55.627327],[12.742867,55.627261],[12.742721,55.627116]]],[[[12.742799,55.624604],[12.742764,55.624696],[12.743093,55.624611],[12.742799,55.624604]]],[[[12.742806,55.624787],[12.742934,55.624871],[12.743055,55.62477],[12.742806,55.624787]]],[[[12.74388,55.622187],[12.743669,55.622337],[12.74387,55.622342],[12.74388,55.622187]]],[[[12.74373,55.617945],[12.743812,55.618154],[12.74396,55.618189],[12.74373,55.617945]]],[[[12.7505,55.667692],[12.749078,55.667827],[12.749945,55.667897],[12.7505,55.667692]]],[[[12.744292,55.617272],[12.744396,55.617505],[12.744664,55.617491],[12.744292,55.617272]]],[[[12.745144,55.62316],[12.745167,55.623281],[12.745294,55.6232],[12.745144,55.62316]]],[[[12.750136,55.66654],[12.750199,55.666792],[12.750759,55.666841],[12.750136,55.66654]]],[[[12.751585,55.667896],[12.751401,55.667929],[12.75146,55.668031],[12.75211,55.668292],[12.751585,55.667896]]],[[[12.753206,55.668178],[12.752419,55.668214],[12.753111,55.668394],[12.753206,55.668178]]],[[[12.748004,55.616711],[12.747821,55.616954],[12.748107,55.61698],[12.748004,55.616711]]],[[[12.748094,55.617318],[12.748135,55.617472],[12.748225,55.617383],[12.748094,55.617318]]],[[[12.756409,55.669359],[12.759567,55.669935],[12.761049,55.669853],[12.761589,55.670133],[12.761187,55.669772],[12.759503,55.669858],[12.757144,55.669351],[12.756566,55.66891],[12.756409,55.669359]]],[[[12.755649,55.6149],[12.755191,55.61508],[12.755786,55.61505],[12.755649,55.6149]]],[[[12.761603,55.670471],[12.761423,55.670456],[12.761591,55.670555],[12.761603,55.670471]]],[[[12.761838,55.6701],[12.762066,55.670572],[12.762189,55.670593],[12.762202,55.670286],[12.761838,55.6701]]],[[[12.759838,55.613915],[12.759661,55.614152],[12.759997,55.614063],[12.759838,55.613915]]],[[[12.760046,55.609597],[12.760351,55.609947],[12.760943,55.609905],[12.760647,55.609533],[12.760046,55.609597]]],[[[12.760177,55.608129],[12.760741,55.608368],[12.761205,55.608427],[12.760932,55.608239],[12.760177,55.608129]]],[[[12.761318,55.60988],[12.761155,55.610121],[12.761447,55.609944],[12.761318,55.60988]]],[[[12.761743,55.608498],[12.761591,55.608753],[12.761672,55.608767],[12.761743,55.608498]]],[[[12.764322,55.605973],[12.764894,55.60653],[12.765248,55.606643],[12.765046,55.60632],[12.764322,55.605973]]],[[[12.765429,55.605576],[12.765505,55.605869],[12.765714,55.605801],[12.765429,55.605576]]],[[[12.771889,55.671501],[12.773198,55.671598],[12.774307,55.671401],[12.773118,55.671541],[12.771889,55.671501]]],[[[12.773395,55.670431],[12.774566,55.670571],[12.775441,55.670411],[12.776004,55.670169],[12.773395,55.670431]]],[[[12.7738,55.669395],[12.77449,55.669357],[12.774656,55.669262],[12.774434,55.669321],[12.7738,55.669395]]],[[[12.770581,55.605583],[12.771707,55.605556],[12.771596,55.604981],[12.770824,55.604803],[12.770581,55.605583]]],[[[12.772971,55.605104],[12.772657,55.605398],[12.772679,55.605547],[12.772971,55.605104]]],[[[12.773389,55.605189],[12.773506,55.605327],[12.773575,55.605213],[12.773389,55.605189]]],[[[12.775148,55.606103],[12.77568,55.606038],[12.775701,55.605671],[12.775291,55.605717],[12.775148,55.606103]]],[[[12.776711,55.606123],[12.777077,55.606501],[12.777171,55.606168],[12.776711,55.606123]]],[[[12.776731,55.605523],[12.777475,55.605551],[12.777634,55.605037],[12.776969,55.605001],[12.776731,55.605523]]],[[[12.781281,55.64169],[12.781022,55.641901],[12.780896,55.642119],[12.781281,55.64169]]],[[[12.781134,55.640833],[12.781184,55.640991],[12.781295,55.640849],[12.781134,55.640833]]],[[[12.7791,55.606311],[12.779272,55.606469],[12.779276,55.606319],[12.7791,55.606311]]],[[[12.781329,55.628456],[12.781463,55.628574],[12.781587,55.62847],[12.781329,55.628456]]],[[[12.78159,55.628302],[12.781577,55.628419],[12.78168,55.628338],[12.78159,55.628302]]],[[[12.782885,55.636997],[12.782549,55.637119],[12.782746,55.637176],[12.782885,55.636997]]],[[[12.782387,55.629881],[12.782327,55.630106],[12.782695,55.630046],[12.782387,55.629881]]],[[[12.782854,55.630112],[12.782943,55.630426],[12.783127,55.63037],[12.782854,55.630112]]],[[[12.782751,55.62836],[12.782715,55.628469],[12.782839,55.628458],[12.782751,55.62836]]],[[[12.783017,55.629431],[12.782913,55.629557],[12.783054,55.629558],[12.783017,55.629431]]],[[[12.781361,55.606312],[12.782125,55.606509],[12.782355,55.606426],[12.78189,55.606177],[12.781361,55.606312]]],[[[12.78356,55.605949],[12.783749,55.606188],[12.78392,55.606066],[12.78356,55.605949]]],[[[12.783704,55.605413],[12.784301,55.605679],[12.784037,55.605283],[12.783704,55.605413]]],[[[12.785188,55.617463],[12.785131,55.617604],[12.785324,55.617534],[12.785188,55.617463]]],[[[12.784128,55.604599],[12.783896,55.604827],[12.784059,55.604853],[12.784128,55.604599]]],[[[12.784588,55.604795],[12.784821,55.605205],[12.784998,55.604894],[12.784588,55.604795]]],[[[12.78468,55.604482],[12.785004,55.604658],[12.785061,55.604475],[12.78468,55.604482]]],[[[12.78508,55.60565],[12.785738,55.606207],[12.786959,55.605632],[12.78711,55.604764],[12.785374,55.604667],[12.78508,55.60565]]],[[[12.786906,55.616228],[12.786753,55.616431],[12.787201,55.616455],[12.786906,55.616228]]],[[[12.786126,55.607608],[12.787489,55.608387],[12.787847,55.608217],[12.787127,55.60678],[12.786269,55.607005],[12.786126,55.607608]]],[[[12.786725,55.609654],[12.786877,55.609978],[12.786991,55.609446],[12.786725,55.609654]]],[[[12.788009,55.615369],[12.787869,55.615529],[12.788126,55.615519],[12.788009,55.615369]]],[[[12.789007,55.620862],[12.789105,55.621191],[12.789382,55.621055],[12.789007,55.620862]]],[[[12.788648,55.616192],[12.789504,55.61629],[12.78989,55.616035],[12.789272,55.615916],[12.788648,55.616192]]],[[[12.789187,55.61974],[12.789198,55.619918],[12.789457,55.619782],[12.789187,55.61974]]],[[[12.789261,55.621519],[12.790084,55.621231],[12.789642,55.62037],[12.789622,55.620906],[12.789261,55.621519]]],[[[12.78891,55.606593],[12.788995,55.60699],[12.78938,55.60682],[12.78891,55.606593]]],[[[12.790268,55.621504],[12.791086,55.621555],[12.791843,55.620986],[12.790628,55.621086],[12.790268,55.621504]]],[[[12.790738,55.623565],[12.791077,55.623696],[12.790878,55.623261],[12.790738,55.623565]]],[[[12.790685,55.620877],[12.790638,55.621035],[12.790829,55.620967],[12.790685,55.620877]]],[[[12.789587,55.6075],[12.789483,55.607824],[12.789725,55.607704],[12.789587,55.6075]]],[[[12.789671,55.606064],[12.790463,55.606155],[12.790486,55.60512],[12.790888,55.605741],[12.791855,55.605449],[12.791921,55.606483],[12.794098,55.606437],[12.794851,55.605968],[12.793363,55.60535],[12.79467,55.605502],[12.795309,55.606059],[12.795888,55.605604],[12.797195,55.605839],[12.794989,55.606276],[12.796025,55.606679],[12.79899,55.606253],[12.798207,55.605851],[12.791057,55.604867],[12.790116,55.605119],[12.789671,55.606064]]],[[[12.790114,55.606974],[12.790558,55.607217],[12.790249,55.606931],[12.790114,55.606974]]],[[[12.790949,55.612575],[12.791906,55.612619],[12.791705,55.613156],[12.792222,55.613186],[12.792262,55.612929],[12.792813,55.612809],[12.793136,55.612831],[12.791323,55.612304],[12.790949,55.612575]]],[[[12.791853,55.612132],[12.791696,55.612349],[12.792,55.612229],[12.791853,55.612132]]],[[[12.792539,55.61314],[12.793829,55.613284],[12.793913,55.613102],[12.792825,55.612864],[12.792539,55.61314]]],[[[12.79242,55.609182],[12.792335,55.60931],[12.792426,55.609322],[12.79242,55.609182]]],[[[12.792824,55.608585],[12.793224,55.608838],[12.793437,55.608683],[12.793332,55.608552],[12.792824,55.608585]]],[[[12.793044,55.609493],[12.793741,55.609683],[12.794332,55.609506],[12.794127,55.609281],[12.793044,55.609493]]],[[[12.793501,55.609761],[12.793844,55.610101],[12.794076,55.610113],[12.794157,55.609783],[12.793501,55.609761]]],[[[12.793947,55.614072],[12.795355,55.61447],[12.796334,55.614154],[12.795608,55.614232],[12.793947,55.614072]]],[[[12.793961,55.611673],[12.793852,55.611835],[12.794165,55.611774],[12.793961,55.611673]]],[[[12.793854,55.611113],[12.794526,55.611215],[12.795529,55.610499],[12.794341,55.610232],[12.793854,55.611113]]],[[[12.794583,55.613848],[12.794804,55.614047],[12.795185,55.613853],[12.794583,55.613848]]],[[[12.794511,55.609845],[12.794367,55.610024],[12.794529,55.61002],[12.794511,55.609845]]],[[[12.794267,55.608632],[12.794859,55.608762],[12.795031,55.608391],[12.794842,55.608536],[12.794267,55.608632]]],[[[12.794904,55.609536],[12.794935,55.610135],[12.795604,55.609783],[12.794904,55.609536]]],[[[12.795377,55.609388],[12.795563,55.609543],[12.795959,55.609274],[12.795377,55.609388]]],[[[12.795809,55.609963],[12.796145,55.610139],[12.796424,55.610004],[12.795809,55.609963]]],[[[12.796895,55.610855],[12.796945,55.611003],[12.797125,55.610914],[12.796895,55.610855]]],[[[12.797323,55.610587],[12.796946,55.610767],[12.797839,55.610738],[12.797323,55.610587]]],[[[12.797228,55.607331],[12.798352,55.60732],[12.79868,55.607072],[12.797694,55.607068],[12.797228,55.607331]]],[[[12.79813,55.610257],[12.798175,55.610535],[12.798457,55.610322],[12.79813,55.610257]]],[[[12.798616,55.606814],[12.799837,55.607199],[12.799927,55.606433],[12.799884,55.606619],[12.798616,55.606814]]],[[[12.800031,55.609332],[12.799731,55.609551],[12.799868,55.609572],[12.800031,55.609332]]],[[[12.800373,55.608464],[12.800256,55.608735],[12.800501,55.60867],[12.800373,55.608464]]],[[[12.800498,55.608359],[12.801751,55.608484],[12.802081,55.608352],[12.801519,55.608192],[12.800498,55.608359]]],[[[12.800875,55.608536],[12.801051,55.608898],[12.801753,55.608651],[12.800875,55.608536]]],[[[12.801959,55.610709],[12.802061,55.610921],[12.802039,55.610712],[12.801959,55.610709]]],[[[12.802787,55.609134],[12.803179,55.608638],[12.803517,55.6099],[12.805121,55.609474],[12.802905,55.60816],[12.802787,55.609134]]],[[[12.805973,55.611724],[12.806496,55.611686],[12.806789,55.611581],[12.806528,55.611612],[12.805973,55.611724]]],[[[12.807375,55.610765],[12.807754,55.611497],[12.808488,55.611157],[12.807375,55.610765]]],[[[12.808371,55.612228],[12.808345,55.612343],[12.808529,55.612306],[12.808371,55.612228]]],[[[12.810252,55.612548],[12.810472,55.612819],[12.810917,55.612851],[12.810252,55.612548]]],[[[12.811023,55.614165],[12.81092,55.614297],[12.811098,55.614216],[12.811023,55.614165]]],[[[12.812142,55.616633],[12.812297,55.616818],[12.812474,55.616804],[12.812142,55.616633]]],[[[12.813111,55.616956],[12.813158,55.617257],[12.813553,55.617395],[12.813111,55.616956]]],[[[12.813951,55.617035],[12.814705,55.618965],[12.815153,55.620756],[12.814577,55.617445],[12.813951,55.617035]]],[[[12.814177,55.617783],[12.81413,55.617888],[12.814195,55.617892],[12.814177,55.617783]]],[[[12.814205,55.618001],[12.814204,55.618075],[12.81425,55.618033],[12.814205,55.618001]]],[[[12.814465,55.611781],[12.816967,55.613145],[12.81766,55.614327],[12.817101,55.613152],[12.815608,55.611793],[12.814465,55.611781]]],[[[12.820837,55.601566],[12.822072,55.600914],[12.822593,55.600778],[12.821669,55.600939],[12.820837,55.601566]]],[[[14.680701,55.094822],[14.685579,55.102721],[14.694313,55.106648],[14.690815,55.104423],[14.692312,55.104069],[14.69424,55.105027],[14.6936,55.104185],[14.691775,55.103496],[14.692533,55.103264],[14.693601,55.104124],[14.693544,55.103249],[14.694165,55.104452],[14.69628,55.104688],[14.699424,55.107004],[14.700883,55.110592],[14.700174,55.112256],[14.70142,55.112763],[14.702554,55.114295],[14.702181,55.116059],[14.698864,55.121645],[14.703143,55.124915],[14.705968,55.128005],[14.706992,55.130174],[14.707678,55.135168],[14.70679,55.142143],[14.705694,55.146306],[14.704228,55.148422],[14.705182,55.149625],[14.704591,55.15075],[14.705652,55.154219],[14.704028,55.16068],[14.706386,55.165015],[14.706246,55.16857],[14.705425,55.169824],[14.704994,55.173698],[14.702578,55.177466],[14.702379,55.18107],[14.701987,55.181593],[14.700401,55.181656],[14.700437,55.183432],[14.701487,55.183612],[14.701818,55.186069],[14.699976,55.186842],[14.698254,55.188709],[14.698745,55.189108],[14.698572,55.188575],[14.700235,55.186924],[14.701842,55.18628],[14.701295,55.187727],[14.702388,55.186986],[14.702867,55.18423],[14.702856,55.185429],[14.703801,55.185742],[14.70297,55.186114],[14.703694,55.186017],[14.704048,55.186591],[14.703145,55.186958],[14.70433,55.187133],[14.704205,55.187566],[14.702551,55.187365],[14.703049,55.187945],[14.701911,55.188596],[14.703383,55.1879],[14.70347,55.189083],[14.70194,55.188914],[14.701353,55.188095],[14.701568,55.188926],[14.699867,55.188789],[14.703218,55.189547],[14.703727,55.19044],[14.702039,55.193199],[14.701992,55.195229],[14.701093,55.196589],[14.706246,55.205976],[14.705566,55.208577],[14.706689,55.211487],[14.706187,55.212008],[14.707281,55.211826],[14.707444,55.212103],[14.706636,55.21214],[14.707673,55.212317],[14.708645,55.213409],[14.70835,55.214882],[14.709245,55.215296],[14.710873,55.218866],[14.711399,55.222353],[14.710821,55.222843],[14.711846,55.222352],[14.71231,55.222888],[14.711371,55.222875],[14.714375,55.225164],[14.71757,55.22911],[14.720504,55.233417],[14.720463,55.235363],[14.721605,55.235669],[14.721409,55.236617],[14.727958,55.241522],[14.731186,55.244666],[14.730469,55.245089],[14.729356,55.244479],[14.728313,55.244505],[14.727935,55.244845],[14.728055,55.246432],[14.728476,55.244671],[14.729469,55.24486],[14.729344,55.245579],[14.731972,55.245331],[14.735183,55.248163],[14.7353,55.249033],[14.735832,55.24821],[14.736758,55.248775],[14.735811,55.248649],[14.740498,55.252189],[14.746145,55.261367],[14.752507,55.268227],[14.751626,55.269246],[14.752406,55.270286],[14.752099,55.271093],[14.753193,55.27165],[14.753154,55.272084],[14.752202,55.272398],[14.752837,55.272993],[14.752373,55.273175],[14.754145,55.27406],[14.753871,55.274603],[14.755509,55.276484],[14.754905,55.277273],[14.755907,55.27668],[14.757431,55.277762],[14.756981,55.278589],[14.755087,55.279065],[14.755507,55.277724],[14.754831,55.277539],[14.754485,55.279869],[14.752013,55.281864],[14.751244,55.28655],[14.751734,55.287425],[14.752557,55.287576],[14.752079,55.28798],[14.756047,55.290367],[14.759863,55.290846],[14.760826,55.292037],[14.761944,55.292391],[14.761441,55.292632],[14.762902,55.292823],[14.762594,55.293508],[14.763347,55.293685],[14.762548,55.293972],[14.764262,55.294587],[14.764408,55.295733],[14.765406,55.295533],[14.767586,55.297056],[14.769386,55.29697],[14.769437,55.29804],[14.770726,55.297978],[14.77031,55.298253],[14.771091,55.298183],[14.771206,55.298498],[14.771817,55.298277],[14.771515,55.298681],[14.772486,55.298511],[14.772902,55.299239],[14.77464,55.298529],[14.774806,55.298852],[14.775864,55.298225],[14.775896,55.297548],[14.776359,55.297882],[14.777462,55.296925],[14.777776,55.297126],[14.778222,55.296825],[14.777375,55.296494],[14.779174,55.295434],[14.778924,55.293879],[14.777164,55.291947],[14.778023,55.291935],[14.777152,55.291411],[14.778002,55.291456],[14.777311,55.290804],[14.77852,55.28973],[14.78074,55.289427],[14.782063,55.289715],[14.782839,55.288831],[14.782844,55.289847],[14.783133,55.288864],[14.784776,55.28874],[14.785862,55.287336],[14.787089,55.287756],[14.787959,55.287291],[14.788269,55.28782],[14.789276,55.287461],[14.788945,55.287069],[14.790242,55.287161],[14.789718,55.286824],[14.79108,55.286255],[14.791129,55.285729],[14.79284,55.285277],[14.794208,55.285532],[14.793275,55.284961],[14.793739,55.284485],[14.794714,55.284541],[14.794899,55.284188],[14.795547,55.284628],[14.795859,55.284079],[14.794854,55.282228],[14.796673,55.282241],[14.796634,55.281417],[14.798131,55.281212],[14.797353,55.281232],[14.797267,55.281032],[14.798183,55.280848],[14.798608,55.281498],[14.798562,55.280947],[14.799278,55.281305],[14.799807,55.280934],[14.799881,55.281376],[14.800666,55.28117],[14.800708,55.27953],[14.801895,55.279079],[14.802202,55.2795],[14.80251,55.278887],[14.800921,55.279173],[14.80131,55.278162],[14.802296,55.277872],[14.801658,55.278722],[14.802537,55.278069],[14.80372,55.278285],[14.803475,55.278908],[14.804468,55.277731],[14.806147,55.277028],[14.806374,55.275728],[14.805103,55.275076],[14.806737,55.273806],[14.807146,55.274023],[14.806656,55.272914],[14.807534,55.2722],[14.809,55.27244],[14.80904,55.271884],[14.81016,55.271733],[14.810036,55.270857],[14.811509,55.270026],[14.811237,55.269145],[14.81159,55.269583],[14.811616,55.269038],[14.812395,55.26923],[14.812328,55.267628],[14.81437,55.267546],[14.814906,55.266568],[14.815693,55.266567],[14.815213,55.265897],[14.816074,55.265457],[14.815936,55.264725],[14.817045,55.264402],[14.815567,55.262721],[14.815491,55.262066],[14.816407,55.261678],[14.816092,55.260489],[14.818198,55.260395],[14.817172,55.259438],[14.818075,55.25928],[14.817819,55.258806],[14.818636,55.258871],[14.818237,55.258381],[14.818897,55.257369],[14.820907,55.255979],[14.822301,55.255736],[14.82248,55.254495],[14.825066,55.25253],[14.830151,55.25149],[14.835134,55.249554],[14.835815,55.249697],[14.835148,55.2493],[14.836896,55.248829],[14.834709,55.24939],[14.834244,55.248974],[14.835335,55.24855],[14.835787,55.248785],[14.835838,55.248021],[14.836923,55.24764],[14.837266,55.248203],[14.838193,55.247791],[14.839323,55.248163],[14.838651,55.24807],[14.837299,55.248326],[14.838569,55.248255],[14.838154,55.248786],[14.837511,55.248487],[14.83691,55.248458],[14.838038,55.248863],[14.836074,55.250095],[14.835879,55.250674],[14.838674,55.248693],[14.840151,55.248689],[14.841292,55.247791],[14.842303,55.247983],[14.84264,55.247302],[14.845753,55.247746],[14.846074,55.247137],[14.846452,55.247527],[14.848015,55.246828],[14.84813,55.247155],[14.848204,55.247181],[14.848461,55.246278],[14.849987,55.246152],[14.851548,55.244826],[14.851562,55.243506],[14.852386,55.243489],[14.852725,55.2429],[14.853896,55.242922],[14.85455,55.241761],[14.856768,55.242062],[14.856811,55.241728],[14.857384,55.24186],[14.856941,55.241335],[14.858215,55.241333],[14.858721,55.241879],[14.859001,55.240978],[14.861483,55.240997],[14.861566,55.240653],[14.863297,55.24064],[14.864845,55.24119],[14.864653,55.240906],[14.866512,55.240593],[14.866384,55.240198],[14.866841,55.239622],[14.868404,55.239975],[14.870554,55.238571],[14.87179,55.239015],[14.871836,55.238753],[14.872484,55.238584],[14.87219,55.238704],[14.872266,55.239005],[14.872875,55.238112],[14.875628,55.237358],[14.875498,55.23621],[14.876156,55.235439],[14.877367,55.235151],[14.877755,55.23543],[14.877763,55.234733],[14.878606,55.235155],[14.878145,55.234364],[14.878953,55.234632],[14.879994,55.234029],[14.879967,55.233464],[14.879176,55.233424],[14.87936,55.232632],[14.88104,55.231049],[14.882026,55.230968],[14.882245,55.229964],[14.883109,55.229782],[14.884067,55.228295],[14.893295,55.226171],[14.894037,55.225621],[14.894966,55.225911],[14.894901,55.225471],[14.898406,55.224826],[14.89845,55.224293],[14.898823,55.224564],[14.89894,55.224208],[14.899956,55.224299],[14.900312,55.223769],[14.901996,55.223657],[14.904593,55.222698],[14.907118,55.222553],[14.913222,55.220618],[14.916447,55.221202],[14.916505,55.220749],[14.921052,55.219881],[14.923691,55.218335],[14.92709,55.217389],[14.928075,55.216647],[14.928569,55.216929],[14.928484,55.21587],[14.929805,55.214855],[14.93247,55.214027],[14.935743,55.211686],[14.939268,55.210528],[14.945741,55.20933],[14.953691,55.211018],[14.955953,55.212049],[14.957715,55.213616],[14.960248,55.213726],[14.960949,55.214239],[14.965313,55.214127],[14.966213,55.214893],[14.966574,55.21442],[14.967298,55.214798],[14.965222,55.215541],[14.969048,55.215246],[14.969357,55.214397],[14.970888,55.214057],[14.970616,55.213193],[14.97181,55.213102],[14.971027,55.212509],[14.972745,55.211967],[14.973143,55.212204],[14.972486,55.212626],[14.971867,55.212506],[14.97273,55.213256],[14.972749,55.212559],[14.973442,55.212782],[14.973154,55.212289],[14.974092,55.212421],[14.973625,55.212032],[14.975137,55.212021],[14.977277,55.21108],[14.978275,55.210293],[14.97741,55.209129],[14.978384,55.209131],[14.97863,55.208166],[14.980548,55.207842],[14.979937,55.205871],[14.981433,55.205584],[14.981816,55.204421],[14.982774,55.204651],[14.982402,55.204029],[14.98275,55.204228],[14.982921,55.205102],[14.982772,55.203984],[14.984379,55.204246],[14.983195,55.20349],[14.983258,55.201358],[14.983767,55.200563],[14.987139,55.199465],[14.98728,55.19831],[14.988245,55.197848],[14.988089,55.196998],[14.988857,55.197143],[14.988255,55.196723],[14.989056,55.196032],[14.98845,55.194945],[14.989207,55.193998],[14.993539,55.191859],[14.995849,55.191705],[15.002228,55.187737],[15.005159,55.187361],[15.004918,55.186907],[15.007084,55.185929],[15.00714,55.184983],[15.010329,55.183959],[15.010537,55.183128],[15.01146,55.183116],[15.012466,55.181919],[15.013452,55.181955],[15.013649,55.180408],[15.015298,55.180432],[15.018673,55.178955],[15.020566,55.176691],[15.021768,55.176318],[15.022818,55.176625],[15.023482,55.175962],[15.02544,55.175666],[15.025564,55.175223],[15.026534,55.174927],[15.026893,55.175311],[15.02755,55.174516],[15.031529,55.174339],[15.032121,55.173774],[15.03268,55.173882],[15.032603,55.173396],[15.034346,55.173596],[15.034756,55.173219],[15.038924,55.172896],[15.040985,55.1723],[15.040787,55.171791],[15.04235,55.171745],[15.042465,55.170523],[15.044163,55.170246],[15.045708,55.169207],[15.045329,55.168878],[15.047013,55.168479],[15.050357,55.166367],[15.050143,55.16702],[15.050793,55.16685],[15.051258,55.165889],[15.05162,55.166273],[15.052288,55.165864],[15.052892,55.166089],[15.056208,55.164044],[15.056423,55.16431],[15.056867,55.16313],[15.057403,55.163309],[15.058141,55.162501],[15.059031,55.162612],[15.060647,55.160284],[15.060988,55.160582],[15.062221,55.160024],[15.065687,55.160528],[15.067132,55.160141],[15.069938,55.158338],[15.071822,55.158165],[15.071754,55.157208],[15.073071,55.155839],[15.074104,55.155694],[15.074849,55.156209],[15.076808,55.154635],[15.077067,55.155414],[15.078126,55.154746],[15.07909,55.155139],[15.081123,55.153712],[15.083383,55.153707],[15.084293,55.152985],[15.085837,55.153091],[15.086501,55.152534],[15.08731,55.152623],[15.088627,55.152068],[15.087811,55.151422],[15.088578,55.150631],[15.097701,55.149695],[15.101907,55.148403],[15.104467,55.148347],[15.104723,55.14761],[15.105387,55.148067],[15.106861,55.147924],[15.107291,55.14722],[15.108279,55.147283],[15.107253,55.146286],[15.109182,55.145937],[15.109372,55.146267],[15.109412,55.145871],[15.110172,55.146136],[15.111337,55.14563],[15.111665,55.145989],[15.109674,55.146206],[15.109163,55.146572],[15.110255,55.146452],[15.110534,55.14694],[15.113594,55.145627],[15.11514,55.146409],[15.114802,55.145625],[15.115445,55.145434],[15.114421,55.145222],[15.115381,55.144963],[15.115745,55.14402],[15.117526,55.143474],[15.120194,55.143809],[15.120721,55.143546],[15.121168,55.14403],[15.121587,55.143436],[15.122999,55.143838],[15.123602,55.143522],[15.127838,55.143457],[15.129179,55.144406],[15.129374,55.144118],[15.130306,55.14451],[15.131661,55.144369],[15.13233,55.144861],[15.132941,55.143872],[15.134282,55.144119],[15.13445,55.143783],[15.135914,55.143789],[15.136229,55.144274],[15.137695,55.144209],[15.139121,55.143171],[15.138426,55.143168],[15.13873,55.142626],[15.13941,55.142565],[15.137644,55.142232],[15.13962,55.141231],[15.139499,55.139458],[15.140285,55.139487],[15.139737,55.138932],[15.140644,55.139228],[15.140485,55.139835],[15.140871,55.139361],[15.14445,55.14093],[15.14587,55.140201],[15.145359,55.139757],[15.146095,55.139353],[15.145696,55.138878],[15.146351,55.138948],[15.145864,55.137919],[15.146498,55.138015],[15.145865,55.137854],[15.14636,55.137082],[15.145792,55.136471],[15.146457,55.135988],[15.14463,55.13664],[15.144084,55.136032],[15.144745,55.135297],[15.144693,55.136123],[15.145389,55.135923],[15.145715,55.13413],[15.146192,55.134309],[15.146141,55.133893],[15.147032,55.133942],[15.147588,55.133476],[15.149503,55.133644],[15.15038,55.132389],[15.152116,55.133118],[15.15324,55.132855],[15.15375,55.133515],[15.154584,55.132801],[15.153983,55.132426],[15.154669,55.131359],[15.152558,55.130975],[15.152879,55.130428],[15.154254,55.130509],[15.152615,55.129336],[15.153993,55.129036],[15.152389,55.127976],[15.152968,55.127683],[15.154613,55.128029],[15.154262,55.127159],[15.152914,55.127519],[15.153661,55.127036],[15.152838,55.126808],[15.152845,55.126277],[15.154513,55.125557],[15.154285,55.12506],[15.155241,55.124203],[15.154503,55.123633],[15.155789,55.123915],[15.1555,55.123383],[15.1557,55.123133],[15.154524,55.122734],[15.155063,55.122476],[15.154652,55.122083],[15.153327,55.122455],[15.152332,55.12236],[15.15219,55.121853],[15.151753,55.122073],[15.151357,55.121185],[15.152003,55.121018],[15.151442,55.121018],[15.151149,55.121506],[15.149821,55.121098],[15.149281,55.120722],[15.149872,55.120013],[15.149166,55.119912],[15.148328,55.120673],[15.147123,55.120326],[15.148143,55.119348],[15.147604,55.118922],[15.148844,55.118731],[15.14661,55.118194],[15.148362,55.117866],[15.147622,55.117522],[15.148444,55.117138],[15.147657,55.117241],[15.148036,55.116843],[15.145076,55.115448],[15.145614,55.114987],[15.14384,55.114375],[15.143233,55.113093],[15.14417,55.111852],[15.146433,55.11144],[15.145372,55.111168],[15.145727,55.110425],[15.143797,55.109003],[15.144036,55.108127],[15.144692,55.107854],[15.145343,55.108123],[15.144815,55.107563],[15.14579,55.107488],[15.147099,55.107511],[15.147055,55.107844],[15.14582,55.107792],[15.14537,55.108311],[15.14719,55.107997],[15.148818,55.107536],[15.149226,55.106775],[15.148564,55.105513],[15.149246,55.105684],[15.149201,55.105239],[15.146666,55.105244],[15.145465,55.104191],[15.146341,55.103057],[15.145935,55.102528],[15.147729,55.101248],[15.147151,55.100013],[15.148546,55.097985],[15.14984,55.098219],[15.149708,55.098608],[15.150486,55.098484],[15.150336,55.09815],[15.14955,55.098088],[15.149105,55.097814],[15.148628,55.097826],[15.148694,55.09731],[15.150271,55.096422],[15.150043,55.096126],[15.151377,55.094687],[15.153622,55.094649],[15.153199,55.093562],[15.155613,55.092768],[15.156313,55.091571],[15.155206,55.090861],[15.154725,55.089527],[15.153158,55.089206],[15.153679,55.088185],[15.154747,55.087876],[15.154629,55.087292],[15.155527,55.087308],[15.156299,55.086583],[15.156231,55.085727],[15.155117,55.085275],[15.156049,55.084812],[15.155975,55.084094],[15.156619,55.08445],[15.156089,55.083746],[15.15629,55.083318],[15.156672,55.084083],[15.156839,55.083984],[15.156818,55.082299],[15.155864,55.080907],[15.156033,55.080529],[15.152935,55.078471],[15.150964,55.075189],[15.147353,55.074679],[15.139813,55.070178],[15.137735,55.06841],[15.137286,55.064213],[15.13787,55.06399],[15.137696,55.064292],[15.139357,55.064576],[15.137285,55.063611],[15.136332,55.063691],[15.135621,55.065701],[15.135102,55.063641],[15.136607,55.063314],[15.135955,55.063033],[15.134955,55.063394],[15.135289,55.063065],[15.134597,55.062819],[15.135121,55.062128],[15.135564,55.062915],[15.135825,55.062984],[15.135826,55.061351],[15.135207,55.06131],[15.13543,55.05997],[15.136049,55.059992],[15.136131,55.059473],[15.135514,55.059434],[15.136211,55.057359],[15.13616,55.057735],[15.136425,55.057371],[15.136384,55.057765],[15.137675,55.057836],[15.137582,55.058387],[15.136719,55.058343],[15.137571,55.058449],[15.137491,55.058924],[15.136631,55.05888],[15.137481,55.058986],[15.137387,55.059534],[15.13653,55.059496],[15.136527,55.063028],[15.136815,55.062496],[15.137902,55.062612],[15.138133,55.063422],[15.141293,55.064899],[15.139457,55.063873],[15.139711,55.060924],[15.138255,55.059365],[15.138413,55.056956],[15.130019,55.055354],[15.129742,55.05552],[15.128803,55.055315],[15.128124,55.056223],[15.128571,55.055245],[15.128044,55.055847],[15.127951,55.056236],[15.127881,55.056392],[15.127796,55.0564],[15.127819,55.055853],[15.127039,55.055813],[15.12744,55.055489],[15.125107,55.054172],[15.124097,55.052508],[15.124812,55.051979],[15.123886,55.051344],[15.124726,55.050945],[15.123649,55.050624],[15.123181,55.049806],[15.1243,55.049649],[15.123397,55.048997],[15.12448,55.048067],[15.123784,55.047678],[15.124746,55.04772],[15.123747,55.046201],[15.119317,55.043546],[15.114196,55.041233],[15.113214,55.041241],[15.113301,55.040611],[15.11268,55.040812],[15.111771,55.039527],[15.11159,55.040104],[15.111293,55.03946],[15.111253,55.03977],[15.11048,55.039619],[15.109532,55.038755],[15.110205,55.035682],[15.112848,55.032261],[15.1172,55.028841],[15.120952,55.027359],[15.121764,55.026521],[15.122883,55.026506],[15.11961,55.025343],[15.119492,55.024757],[15.119063,55.024994],[15.118353,55.024661],[15.116817,55.020937],[15.117304,55.019534],[15.120015,55.016867],[15.119848,55.015007],[15.12052,55.014481],[15.112968,55.011624],[15.107633,55.009022],[15.098876,55.001665],[15.09003,54.99313],[15.085734,54.990012],[15.081508,54.988114],[15.076694,54.987019],[15.069514,54.988244],[15.043341,54.994333],[15.032768,54.995542],[15.027974,54.994688],[15.023073,54.99506],[15.021535,54.99459],[15.019196,54.99554],[15.012869,54.996776],[15.009951,54.996644],[15.007573,54.997544],[14.998079,54.998381],[14.991885,54.999783],[14.989922,54.999738],[14.989341,54.999465],[14.989829,54.999227],[14.989253,54.999364],[14.988927,54.999831],[14.984093,55.000118],[14.981036,55.001703],[14.971974,55.003825],[14.966298,55.004032],[14.963553,55.003584],[14.95726,55.005817],[14.95518,55.006141],[14.948446,55.00984],[14.935514,55.01497],[14.930633,55.015887],[14.924465,55.014378],[14.922712,55.016016],[14.912941,55.021149],[14.907623,55.022803],[14.90528,55.022168],[14.904625,55.022968],[14.903952,55.022494],[14.905303,55.021957],[14.903926,55.022232],[14.903516,55.022859],[14.901765,55.023227],[14.897491,55.025939],[14.886327,55.03148],[14.881679,55.032839],[14.876718,55.033602],[14.872485,55.035405],[14.867716,55.0362],[14.86287,55.038174],[14.852249,55.040301],[14.850623,55.040294],[14.841336,55.042718],[14.836008,55.042656],[14.83362,55.042034],[14.832012,55.040986],[14.817934,55.046127],[14.814916,55.046771],[14.808128,55.050615],[14.808748,55.050448],[14.808111,55.050657],[14.806881,55.05083],[14.806742,55.050984],[14.804445,55.051311],[14.801992,55.05247],[14.798336,55.053352],[14.789983,55.054091],[14.776877,55.052234],[14.765711,55.057696],[14.761903,55.0583],[14.756372,55.061378],[14.751393,55.062279],[14.750296,55.063301],[14.746311,55.063253],[14.744608,55.063629],[14.740985,55.066716],[14.736296,55.067997],[14.735801,55.069747],[14.734082,55.070755],[14.734156,55.071287],[14.728087,55.077088],[14.722273,55.080163],[14.719833,55.080446],[14.718548,55.081092],[14.715693,55.080963],[14.71375,55.081618],[14.711915,55.080998],[14.712008,55.081292],[14.707509,55.082632],[14.70543,55.083484],[14.702718,55.087155],[14.700718,55.088428],[14.695371,55.086478],[14.692445,55.08621],[14.688709,55.086861],[14.684116,55.088991],[14.689794,55.086749],[14.694697,55.088004],[14.691128,55.089762],[14.69223,55.090689],[14.689757,55.092248],[14.682358,55.092978],[14.681399,55.093468],[14.68907,55.092463],[14.686433,55.095049],[14.688564,55.094273],[14.689111,55.093078],[14.690941,55.095182],[14.692601,55.095874],[14.691671,55.094301],[14.692526,55.094002],[14.691637,55.094195],[14.691393,55.09385],[14.693146,55.093098],[14.69385,55.093428],[14.692851,55.094048],[14.692969,55.094109],[14.693839,55.093542],[14.695599,55.094107],[14.695523,55.094586],[14.693435,55.095417],[14.694283,55.095958],[14.697144,55.094784],[14.697452,55.095374],[14.698461,55.095394],[14.697965,55.097013],[14.696092,55.09816],[14.696029,55.098514],[14.696648,55.098423],[14.696067,55.098764],[14.695343,55.098346],[14.696108,55.098023],[14.696079,55.097929],[14.694878,55.098386],[14.692543,55.098108],[14.694809,55.098794],[14.694002,55.099836],[14.693161,55.099861],[14.692743,55.099051],[14.691112,55.099773],[14.691209,55.097512],[14.689884,55.098154],[14.689677,55.099688],[14.688001,55.099611],[14.687303,55.097236],[14.688594,55.096621],[14.685774,55.097515],[14.685434,55.095662],[14.684986,55.096992],[14.682537,55.097322],[14.681116,55.09457],[14.680701,55.094822]]],[[[14.696969,55.095962],[14.697041,55.096302],[14.697042,55.09582],[14.696969,55.095962]]],[[[14.752743,55.271824],[14.752678,55.271915],[14.752915,55.271904],[14.752743,55.271824]]],[[[14.761634,55.292821],[14.76187,55.293099],[14.762061,55.293082],[14.761634,55.292821]]],[[[14.765671,55.296004],[14.765759,55.296092],[14.765798,55.296037],[14.765671,55.296004]]],[[[14.765814,55.296131],[14.765655,55.296201],[14.765909,55.296206],[14.765814,55.296131]]],[[[14.769213,55.297566],[14.769137,55.297775],[14.769247,55.297771],[14.769213,55.297566]]],[[[14.770846,55.298357],[14.770845,55.298481],[14.770994,55.298477],[14.770846,55.298357]]],[[[14.777305,55.297211],[14.777243,55.297455],[14.77745,55.297163],[14.777305,55.297211]]],[[[14.777963,55.292022],[14.778157,55.29221],[14.778307,55.291958],[14.777963,55.292022]]],[[[14.78408,55.288888],[14.784066,55.288991],[14.784239,55.288978],[14.78408,55.288888]]],[[[14.784154,55.289234],[14.78421,55.289322],[14.784294,55.28931],[14.784154,55.289234]]],[[[14.792847,55.285462],[14.792844,55.285596],[14.793087,55.285532],[14.792847,55.285462]]],[[[14.796427,55.284122],[14.796365,55.284139],[14.796375,55.284249],[14.796427,55.284122]]],[[[14.796822,55.28238],[14.796973,55.282494],[14.797128,55.282365],[14.796822,55.28238]]],[[[14.797826,55.281338],[14.798002,55.281381],[14.798065,55.281326],[14.797826,55.281338]]],[[[14.804785,55.277747],[14.804699,55.277919],[14.804931,55.277839],[14.804785,55.277747]]],[[[14.805743,55.277402],[14.805869,55.277669],[14.80593,55.277406],[14.805743,55.277402]]],[[[14.805873,55.274734],[14.805828,55.274873],[14.80605,55.274759],[14.805873,55.274734]]],[[[14.80621,55.274564],[14.806297,55.274666],[14.806328,55.274454],[14.80621,55.274564]]],[[[14.807416,55.273816],[14.807239,55.273959],[14.807335,55.274026],[14.807416,55.273816]]],[[[14.808219,55.27244],[14.808288,55.272493],[14.808477,55.272549],[14.808219,55.27244]]],[[[14.780965,55.050765],[14.780318,55.05117],[14.780871,55.050838],[14.781189,55.051145],[14.780965,55.050765]]],[[[14.816066,55.26555],[14.816061,55.265692],[14.816131,55.265545],[14.816066,55.26555]]],[[[14.848643,55.246622],[14.84883,55.246908],[14.848951,55.246825],[14.848643,55.246622]]],[[[14.853193,55.24316],[14.853153,55.243252],[14.853329,55.243222],[14.853193,55.24316]]],[[[14.85352,55.243066],[14.853491,55.243184],[14.853665,55.243201],[14.85352,55.243066]]],[[[14.853898,55.2431],[14.853788,55.243214],[14.853965,55.243222],[14.853898,55.2431]]],[[[14.856568,55.242133],[14.856447,55.242258],[14.856627,55.242233],[14.856568,55.242133]]],[[[14.85689,55.242204],[14.856744,55.242269],[14.856797,55.242291],[14.85689,55.242204]]],[[[14.857453,55.241602],[14.857465,55.241667],[14.857632,55.241741],[14.85776,55.241735],[14.857453,55.241602]]],[[[14.858202,55.241784],[14.857947,55.241941],[14.858064,55.241951],[14.858202,55.241784]]],[[[14.866628,55.240334],[14.866769,55.240413],[14.866733,55.2403],[14.866628,55.240334]]],[[[14.86898,55.23963],[14.869237,55.239834],[14.869221,55.239643],[14.86898,55.23963]]],[[[14.870183,55.239132],[14.870379,55.239179],[14.870315,55.239074],[14.870183,55.239132]]],[[[14.872094,55.238747],[14.872006,55.238915],[14.872028,55.238933],[14.872094,55.238747]]],[[[14.874825,55.238157],[14.874948,55.238297],[14.875073,55.238216],[14.874825,55.238157]]],[[[14.875776,55.236787],[14.876032,55.236835],[14.876048,55.236766],[14.875776,55.236787]]],[[[14.880537,55.233713],[14.880295,55.233778],[14.880551,55.233803],[14.880537,55.233713]]],[[[14.961164,55.214339],[14.961089,55.214646],[14.961322,55.214404],[14.961164,55.214339]]],[[[14.962208,55.214363],[14.962049,55.214474],[14.962127,55.214499],[14.962208,55.214363]]],[[[14.971167,55.213441],[14.97134,55.213872],[14.972045,55.213694],[14.971892,55.213487],[14.971167,55.213441]]],[[[14.988645,55.197845],[14.988603,55.197968],[14.988643,55.197958],[14.988645,55.197845]]],[[[15.001572,55.188972],[15.001467,55.189032],[15.001606,55.188989],[15.001572,55.188972]]],[[[15.005089,55.187478],[15.005223,55.187598],[15.005367,55.187569],[15.005089,55.187478]]],[[[15.006734,55.186298],[15.006648,55.186496],[15.006882,55.186478],[15.006734,55.186298]]],[[[15.007326,55.186028],[15.007358,55.18628],[15.007581,55.186289],[15.007326,55.186028]]],[[[15.019504,55.179372],[15.019582,55.179491],[15.019657,55.179402],[15.019504,55.179372]]],[[[15.055799,55.164602],[15.055997,55.164853],[15.056261,55.164406],[15.055799,55.164602]]],[[[15.072921,55.15698],[15.072884,55.157344],[15.073005,55.15736],[15.072921,55.15698]]],[[[15.076899,55.155716],[15.077452,55.155708],[15.077329,55.155484],[15.077244,55.155493],[15.076899,55.155716]]],[[[15.077914,55.155113],[15.077843,55.155201],[15.078092,55.155137],[15.077914,55.155113]]],[[[15.096054,55.150132],[15.096061,55.150231],[15.096273,55.15017],[15.096054,55.150132]]],[[[15.096303,55.149973],[15.096405,55.150132],[15.096779,55.150034],[15.096303,55.149973]]],[[[15.09895,55.149817],[15.099872,55.149514],[15.099866,55.149197],[15.0996,55.149177],[15.09895,55.149817]]],[[[15.100324,55.149248],[15.100092,55.149412],[15.10045,55.149425],[15.100324,55.149248]]],[[[15.111907,55.146599],[15.111292,55.146872],[15.111969,55.146882],[15.111907,55.146599]]],[[[15.112158,55.146388],[15.11212,55.14649],[15.112216,55.146468],[15.112158,55.146388]]],[[[15.112125,55.146282],[15.112246,55.146364],[15.112282,55.146285],[15.112125,55.146282]]],[[[15.112428,55.14662],[15.112535,55.146812],[15.113031,55.146525],[15.112428,55.14662]]],[[[15.112422,55.146371],[15.112519,55.146507],[15.112739,55.146351],[15.112422,55.146371]]],[[[15.115407,55.146453],[15.114774,55.146696],[15.115506,55.146481],[15.115407,55.146453]]],[[[15.117297,55.143982],[15.117224,55.144121],[15.117451,55.143979],[15.117297,55.143982]]],[[[15.117318,55.144318],[15.117354,55.144446],[15.117473,55.14437],[15.117318,55.144318]]],[[[15.124036,55.143763],[15.123937,55.143867],[15.124119,55.143874],[15.124036,55.143763]]],[[[15.126698,55.143774],[15.126614,55.143854],[15.126999,55.143777],[15.126698,55.143774]]],[[[15.126577,55.143613],[15.126577,55.14375],[15.12677,55.143707],[15.126577,55.143613]]],[[[15.13106,55.144607],[15.131102,55.144728],[15.131248,55.14465],[15.13106,55.144607]]],[[[15.131393,55.144771],[15.131558,55.144989],[15.131852,55.144939],[15.131393,55.144771]]],[[[15.124309,55.049734],[15.124182,55.04988],[15.124395,55.049795],[15.124309,55.049734]]],[[[15.12451,55.048501],[15.124669,55.048663],[15.124807,55.048581],[15.12451,55.048501]]],[[[15.121569,55.025156],[15.122143,55.025148],[15.121751,55.025409],[15.122639,55.025457],[15.122831,55.025101],[15.122097,55.024965],[15.122566,55.025396],[15.122252,55.025127],[15.121569,55.025156]]],[[[15.122749,55.025752],[15.123456,55.025098],[15.123047,55.024562],[15.123251,55.025075],[15.122749,55.025752]]],[[[15.127925,55.05566],[15.127887,55.055807],[15.128001,55.055641],[15.127925,55.05566]]],[[[15.128242,55.05536],[15.128242,55.055502],[15.128284,55.055355],[15.128242,55.05536]]],[[[15.129747,55.055285],[15.128766,55.055216],[15.129808,55.055349],[15.129747,55.055285]]],[[[15.173928,55.329842],[15.173976,55.329987],[15.174057,55.32996],[15.173928,55.329842]]],[[[15.174708,55.330013],[15.174202,55.33053],[15.174816,55.330733],[15.174708,55.330013]]],[[[15.17422,55.324503],[15.175482,55.325268],[15.178605,55.325038],[15.178656,55.325577],[15.17915,55.325061],[15.179324,55.32552],[15.180084,55.324629],[15.180266,55.325363],[15.180828,55.325047],[15.180932,55.323815],[15.180326,55.323861],[15.17975,55.322804],[15.178329,55.323063],[15.177465,55.322761],[15.175395,55.323116],[15.175664,55.323781],[15.17422,55.324503]]],[[[15.145625,55.135684],[15.145714,55.135876],[15.145759,55.135675],[15.145625,55.135684]]],[[[15.175913,55.329854],[15.175789,55.33006],[15.175966,55.330071],[15.175913,55.329854]]],[[[15.145834,55.115284],[15.14585,55.115445],[15.14593,55.115422],[15.145834,55.115284]]],[[[15.144979,55.10959],[15.14516,55.109692],[15.145178,55.109569],[15.144979,55.10959]]],[[[15.146441,55.115603],[15.146224,55.11579],[15.146692,55.115796],[15.146441,55.115603]]],[[[15.145634,55.109654],[15.14556,55.110061],[15.146029,55.110069],[15.145634,55.109654]]],[[[15.149706,55.134235],[15.149561,55.134526],[15.149976,55.134376],[15.149706,55.134235]]],[[[15.14971,55.133624],[15.149671,55.133749],[15.149861,55.133706],[15.14971,55.133624]]],[[[15.150053,55.133734],[15.15002,55.133897],[15.150174,55.133868],[15.150053,55.133734]]],[[[15.147995,55.120192],[15.14798,55.120278],[15.148154,55.120326],[15.147995,55.120192]]],[[[15.150421,55.133023],[15.15032,55.13313],[15.150429,55.133129],[15.150421,55.133023]]],[[[15.14835,55.118237],[15.148242,55.118364],[15.148471,55.118289],[15.14835,55.118237]]],[[[15.14627,55.102891],[15.146259,55.102934],[15.146293,55.102924],[15.14627,55.102891]]],[[[15.18167,55.32096],[15.181881,55.321537],[15.182189,55.320891],[15.18167,55.32096]]],[[[15.148628,55.108202],[15.148524,55.108331],[15.148906,55.108271],[15.148628,55.108202]]],[[[15.148876,55.108412],[15.148849,55.108546],[15.149054,55.108422],[15.148876,55.108412]]],[[[15.150529,55.120178],[15.151567,55.119941],[15.151663,55.119769],[15.151071,55.119879],[15.150529,55.120178]]],[[[15.182287,55.32052],[15.18189,55.320868],[15.182142,55.320816],[15.182287,55.32052]]],[[[15.149358,55.107064],[15.149383,55.107258],[15.149605,55.107177],[15.149358,55.107064]]],[[[15.182469,55.321198],[15.18239,55.321322],[15.182517,55.321297],[15.182469,55.321198]]],[[[15.148887,55.105094],[15.148877,55.105141],[15.148931,55.105128],[15.148887,55.105094]]],[[[15.149068,55.105731],[15.149054,55.105806],[15.14912,55.105819],[15.149068,55.105731]]],[[[15.183222,55.322106],[15.184023,55.322365],[15.184173,55.322727],[15.185372,55.322495],[15.184493,55.3217],[15.185618,55.320509],[15.185011,55.319502],[15.185653,55.3188],[15.184391,55.319434],[15.184308,55.319124],[15.183613,55.319323],[15.183222,55.322106]]],[[[15.183661,55.322416],[15.183711,55.322546],[15.183821,55.322467],[15.183661,55.322416]]],[[[15.149546,55.097621],[15.149596,55.097714],[15.149646,55.097636],[15.149546,55.097621]]],[[[15.149838,55.098008],[15.149888,55.098062],[15.149903,55.098019],[15.149838,55.098008]]],[[[15.15058,55.095928],[15.150593,55.096049],[15.150677,55.095925],[15.15058,55.095928]]],[[[15.18619,55.318966],[15.186574,55.322713],[15.187803,55.323616],[15.189651,55.323386],[15.189176,55.323225],[15.189165,55.32308],[15.191443,55.323167],[15.191175,55.322305],[15.191856,55.321741],[15.190977,55.321005],[15.192067,55.32112],[15.192335,55.320098],[15.19275,55.320405],[15.193276,55.320114],[15.191858,55.319462],[15.192347,55.318931],[15.19158,55.318991],[15.19077,55.317565],[15.189806,55.317796],[15.189231,55.317257],[15.187527,55.317579],[15.187592,55.318304],[15.18619,55.318966]]],[[[15.155818,55.123139],[15.156011,55.123653],[15.156458,55.12357],[15.155818,55.123139]]],[[[15.151437,55.075524],[15.151379,55.075681],[15.151503,55.075722],[15.151437,55.075524]]],[[[15.19025,55.323436],[15.190263,55.323778],[15.190534,55.323508],[15.19025,55.323436]]],[[[15.151979,55.075892],[15.151773,55.076048],[15.15192,55.076103],[15.151979,55.075892]]],[[[15.19063,55.323548],[15.190682,55.323652],[15.190747,55.323518],[15.19063,55.323548]]],[[[15.152421,55.076745],[15.152678,55.07718],[15.152994,55.077368],[15.153263,55.076805],[15.152421,55.076745]]],[[[15.153181,55.078402],[15.153303,55.078492],[15.153265,55.078389],[15.153181,55.078402]]],[[[15.153166,55.077465],[15.15326,55.077532],[15.153231,55.077442],[15.153166,55.077465]]],[[[15.153357,55.078401],[15.153411,55.078478],[15.153526,55.078388],[15.153357,55.078401]]],[[[15.153379,55.077066],[15.153329,55.07719],[15.153437,55.07716],[15.153379,55.077066]]],[[[15.191675,55.322235],[15.191513,55.322457],[15.191998,55.32253],[15.191675,55.322235]]],[[[15.19179,55.318472],[15.19162,55.318609],[15.191795,55.318589],[15.19179,55.318472]]],[[[15.193076,55.319514],[15.193101,55.319664],[15.193245,55.319576],[15.193076,55.319514]]],[[[15.156391,55.081034],[15.156518,55.081355],[15.156574,55.081347],[15.156391,55.081034]]],[[[15.156936,55.084161],[15.156765,55.08442],[15.156951,55.084418],[15.156936,55.084161]]],[[[15.156991,55.083458],[15.157156,55.083636],[15.157248,55.083524],[15.156991,55.083458]]],[[[15.156998,55.083844],[15.157112,55.083963],[15.157189,55.083901],[15.156998,55.083844]]],[[[15.15711,55.083285],[15.157159,55.083364],[15.157359,55.083234],[15.15711,55.083285]]],[[[15.196824,55.318288],[15.197166,55.318477],[15.197369,55.318229],[15.196824,55.318288]]],[[[15.196763,55.318619],[15.196863,55.318789],[15.197052,55.31865],[15.196763,55.318619]]],[[[15.197279,55.318623],[15.197344,55.318791],[15.197364,55.318633],[15.197279,55.318623]]]]}}]}