{"type":"FeatureCollection","features":[{"type":"Feature","geometry":{"type":"Point","coordinates":[10.0319,57.068]},"properties":{"nametext":"HESTESKOEN","bathingwat":"DKBW1009"}},{"type":"Feature","geometry":{"type":"Point","coordinates":[10.5289,55.8016]},"properties":{"nametext":"KOLBY KÅS V. CAMPINGPLADS","bathingwat":"DKBW1015"}},{"type":"Feature","geometry":{"type":"Point","coordinates":[11.9318,54.5713]},"properties":{"nametext":"GEDSER SYD, 100 M. FRA MOLEN","bathingwat":"DKBW102"}},{"type":"Feature","geometry":{"type":"Point","coordinates":[9.5897,56.1439]},"properties":{"nametext":"DE SMÅ FISK","bathingwat":"DKBW1021"}},{"type":"Feature","geometry":{"type":"Point","coordinates":[9.9409,56.0397]},"properties":{"nametext":"NÆSSET","bathingwat":"DKBW1028"}},{"type":"Feature","geometry":{"type":"Point","coordinates":[9.8931,56.0167]},"properties":{"nametext":"SKANDERBORG SØ CAMPING","bathingwat":"DKBW1031"}},{"type":"Feature","geometry":{"type":"Point","coordinates":[10.2481,56.1895]},"properties":{"nametext":"FORTEVEJ (BELLEVUE)","bathingwat":"DKBW1038"}},{"type":"Feature","geometry":{"type":"Point","coordinates":[9.9595,54.8524]},"properties":{"nametext":"SØNDERKOBBEL","bathingwat":"DKBW1049"}},{"type":"Feature","geometry":{"type":"Point","coordinates":[11.8572,55.0123]},"properties":{"nametext":"KLINTEPARKEN","bathingwat":"DKBW105"}},{"type":"Feature","geometry":{"type":"Point","coordinates":[10.0092,54.8668]},"properties":{"nametext":"DREJBY STRAND (KERNELAND)","bathingwat":"DKBW1073"}},{"type":"Feature","geometry":{"type":"Point","coordinates":[11.2913,55.7472]},"properties":{"nametext":"VESTERLYNG, NORD","bathingwat":"DKBW1094"}},{"type":"Feature","geometry":{"type":"Point","coordinates":[11.3379,55.7549]},"properties":{"nametext":"HAVNSØ STRAND, VEST","bathingwat":"DKBW1096"}},{"type":"Feature","geometry":{"type":"Point","coordinates":[11.346,55.7568]},"properties":{"nametext":"HAVNSØ STRAND, ØST","bathingwat":"DKBW1097"}},{"type":"Feature","geometry":{"type":"Point","coordinates":[11.4846,55.846]},"properties":{"nametext":"HOEVE STRAND VED SKOVEN","bathingwat":"DKBW1109"}},{"type":"Feature","geometry":{"type":"Point","coordinates":[11.6481,55.8026]},"properties":{"nametext":"EGENÆSVEJ","bathingwat":"DKBW1111"}},{"type":"Feature","geometry":{"type":"Point","coordinates":[9.3668,55.1907]},"properties":{"nametext":"VEDSTED SØ","bathingwat":"DKBW1113"}},{"type":"Feature","geometry":{"type":"Point","coordinates":[9.4474,55.0205]},"properties":{"nametext":"ENSTEDVÆRKET SYD","bathingwat":"DKBW1115"}},{"type":"Feature","geometry":{"type":"Point","coordinates":[11.1734,55.4965]},"properties":{"nametext":"MULLERUP STRAND","bathingwat":"DKBW1126"}},{"type":"Feature","geometry":{"type":"Point","coordinates":[9.4796,55.0482]},"properties":{"nametext":"DYRHAVE","bathingwat":"DKBW1136"}},{"type":"Feature","geometry":{"type":"Point","coordinates":[11.0448,55.6878]},"properties":{"nametext":"REFSNÆSSKOLENS    BADEBRO","bathingwat":"DKBW1157"}},{"type":"Feature","geometry":{"type":"Point","coordinates":[11.8375,55.69]},"properties":{"nametext":"BRAMSNÆS STRAND, NAGELS RENDE","bathingwat":"DKBW116"}},{"type":"Feature","geometry":{"type":"Point","coordinates":[9.5263,55.1049]},"properties":{"nametext":"LODDENHØJ","bathingwat":"DKBW1161"}},{"type":"Feature","geometry":{"type":"Point","coordinates":[11.2369,55.2781]},"properties":{"nametext":"EGERUP STRAND","bathingwat":"DKBW1184"}},{"type":"Feature","geometry":{"type":"Point","coordinates":[11.6038,55.9493]},"properties":{"nametext":"KLINTSØ STRANDEN","bathingwat":"DKBW1210"}},{"type":"Feature","geometry":{"type":"Point","coordinates":[10.0396,55.8426]},"properties":{"nametext":"ALRØ DAMPSKIBSBRO","bathingwat":"DKBW1214"}},{"type":"Feature","geometry":{"type":"Point","coordinates":[12.1741,54.9863]},"properties":{"nametext":"KOSTER FÆRGEGÅRD","bathingwat":"DKBW1217"}},{"type":"Feature","geometry":{"type":"Point","coordinates":[8.3293,55.5393]},"properties":{"nametext":"RØDHÆTTE","bathingwat":"DKBW1238"}},{"type":"Feature","geometry":{"type":"Point","coordinates":[12.3632,55.5936]},"properties":{"nametext":"STRANDPARKEN, HUNDIGEVEJ","bathingwat":"DKBW126"}},{"type":"Feature","geometry":{"type":"Point","coordinates":[10.5951,55.8917]},"properties":{"nametext":"SÆLVIGBUGTEN UD FOR CAMPINGPLADS","bathingwat":"DKBW1266"}},{"type":"Feature","geometry":{"type":"Point","coordinates":[8.1153,55.6276]},"properties":{"nametext":"VEJERS STRAND, VED ÅLESTRØMMEN","bathingwat":"DKBW1296"}},{"type":"Feature","geometry":{"type":"Point","coordinates":[9.6413,55.4319]},"properties":{"nametext":"SKIBELUND","bathingwat":"DKBW1318"}},{"type":"Feature","geometry":{"type":"Point","coordinates":[9.637,55.51]},"properties":{"nametext":"SKÆRBÆK, STRANDPARKEN","bathingwat":"DKBW1322"}},{"type":"Feature","geometry":{"type":"Point","coordinates":[14.6959,55.1047]},"properties":{"nametext":"NØRREKÅS","bathingwat":"DKBW1331"}},{"type":"Feature","geometry":{"type":"Point","coordinates":[12.1997,55.45]},"properties":{"nametext":"SØNDRE STRAND","bathingwat":"DKBW140"}},{"type":"Feature","geometry":{"type":"Point","coordinates":[9.4668,54.8421]},"properties":{"nametext":"KOLLUND ØSTERSKOV STRAND","bathingwat":"DKBW1402"}},{"type":"Feature","geometry":{"type":"Point","coordinates":[9.6825,55.4679]},"properties":{"nametext":"GAMMEL ÅLBO, CAMPING","bathingwat":"DKBW1403"}},{"type":"Feature","geometry":{"type":"Point","coordinates":[9.5985,55.4254]},"properties":{"nametext":"FRISTRAND","bathingwat":"DKBW1411"}},{"type":"Feature","geometry":{"type":"Point","coordinates":[9.5957,56.1389]},"properties":{"nametext":"SEJS LADEPLADS","bathingwat":"DKBW1023"}},{"type":"Feature","geometry":{"type":"Point","coordinates":[9.9928,56.0623]},"properties":{"nametext":"STILLING BADEBRO","bathingwat":"DKBW1027"}},{"type":"Feature","geometry":{"type":"Point","coordinates":[9.5169,56.0202]},"properties":{"nametext":"BRYRUP SØBAD","bathingwat":"DKBW1033"}},{"type":"Feature","geometry":{"type":"Point","coordinates":[10.341,56.2393]},"properties":{"nametext":"SKÆRING STRANDPARK","bathingwat":"DKBW1052"}},{"type":"Feature","geometry":{"type":"Point","coordinates":[11.7188,55.1227]},"properties":{"nametext":"SVINØ CAMPING","bathingwat":"DKBW107"}},{"type":"Feature","geometry":{"type":"Point","coordinates":[11.1745,55.8804]},"properties":{"nametext":"KONGSTRUP STR.,SEJERØ","bathingwat":"DKBW1101"}},{"type":"Feature","geometry":{"type":"Point","coordinates":[9.4237,55.0332]},"properties":{"nametext":"SØNDERSTRAND NORD","bathingwat":"DKBW1118"}},{"type":"Feature","geometry":{"type":"Point","coordinates":[11.9867,54.9732]},"properties":{"nametext":"KASTANIEGÅRDEN","bathingwat":"DKBW112"}},{"type":"Feature","geometry":{"type":"Point","coordinates":[11.79,55.7863]},"properties":{"nametext":"ORØ STRAND","bathingwat":"DKBW1134"}},{"type":"Feature","geometry":{"type":"Point","coordinates":[11.1078,55.744]},"properties":{"nametext":"SALTBÆK BADEBRO","bathingwat":"DKBW1156"}},{"type":"Feature","geometry":{"type":"Point","coordinates":[11.1144,55.3428]},"properties":{"nametext":"GRANSKOVEN","bathingwat":"DKBW1167"}},{"type":"Feature","geometry":{"type":"Point","coordinates":[11.7396,55.4816]},"properties":{"nametext":"LL. HARALDSTED SØ","bathingwat":"DKBW1179"}},{"type":"Feature","geometry":{"type":"Point","coordinates":[11.2148,55.3981]},"properties":{"nametext":"NÆSBY STRAND","bathingwat":"DKBW1189"}},{"type":"Feature","geometry":{"type":"Point","coordinates":[11.4047,55.952]},"properties":{"nametext":"ØSTERVANG SJ. ODDE","bathingwat":"DKBW1197"}},{"type":"Feature","geometry":{"type":"Point","coordinates":[11.6678,55.8167]},"properties":{"nametext":"ABILDØRE STR., ØST","bathingwat":"DKBW1206"}},{"type":"Feature","geometry":{"type":"Point","coordinates":[8.3763,55.4156]},"properties":{"nametext":"RINDBY STRAND","bathingwat":"DKBW1246"}},{"type":"Feature","geometry":{"type":"Point","coordinates":[8.1342,56.5829]},"properties":{"nametext":"VEJLBY","bathingwat":"DKBW1255"}},{"type":"Feature","geometry":{"type":"Point","coordinates":[8.1378,55.6718]},"properties":{"nametext":"BØRSMOSE STRAND","bathingwat":"DKBW1299"}},{"type":"Feature","geometry":{"type":"Point","coordinates":[11.2878,55.9847]},"properties":{"nametext":"YDERBY LYNG, HYLDEBO STRANDVEJ","bathingwat":"DKBW1343"}},{"type":"Feature","geometry":{"type":"Point","coordinates":[12.1993,55.4761]},"properties":{"nametext":"NORDSTRANDEN","bathingwat":"DKBW137"}},{"type":"Feature","geometry":{"type":"Point","coordinates":[11.8596,55.7355]},"properties":{"nametext":"VELLERUP VIG, HEMMINGSHAGE","bathingwat":"DKBW1374"}},{"type":"Feature","geometry":{"type":"Point","coordinates":[11.6472,55.9394]},"properties":{"nametext":"TOPVEJ, VESTERLYNG","bathingwat":"DKBW1384"}},{"type":"Feature","geometry":{"type":"Point","coordinates":[12.238,55.2357]},"properties":{"nametext":"VEMMETOFTE STRAND","bathingwat":"DKBW1"}},{"type":"Feature","geometry":{"type":"Point","coordinates":[11.6933,55.6335]},"properties":{"nametext":"MAGLESØ, TRAKTØRSTEDET","bathingwat":"DKBW1415"}},{"type":"Feature","geometry":{"type":"Point","coordinates":[11.0919,55.7385]},"properties":{"nametext":"SVENSTRUP OVERDREV","bathingwat":"DKBW1419"}},{"type":"Feature","geometry":{"type":"Point","coordinates":[9.378,56.019]},"properties":{"nametext":"HAMPEN SØ, P-PLADS","bathingwat":"DKBW1442"}},{"type":"Feature","geometry":{"type":"Point","coordinates":[12.4434,55.8602]},"properties":{"nametext":"SJÆLSØ, ESKEMOSE SKOV","bathingwat":"DKBW1465"}},{"type":"Feature","geometry":{"type":"Point","coordinates":[12.2338,55.5356]},"properties":{"nametext":"VED ØSTRE STRANDVEJ","bathingwat":"DKBW147"}},{"type":"Feature","geometry":{"type":"Point","coordinates":[10.7352,56.2088]},"properties":{"nametext":"BOESLUM STRAND","bathingwat":"DKBW1478"}},{"type":"Feature","geometry":{"type":"Point","coordinates":[9.8358,55.3812]},"properties":{"nametext":"HUSBY STRAND","bathingwat":"DKBW1480"}},{"type":"Feature","geometry":{"type":"Point","coordinates":[8.1217,56.474]},"properties":{"nametext":"HØFTE Q FJALTRING","bathingwat":"DKBW1515"}},{"type":"Feature","geometry":{"type":"Point","coordinates":[12.3115,55.4002]},"properties":{"nametext":"VED VEJS ENDE","bathingwat":"DKBW152"}},{"type":"Feature","geometry":{"type":"Point","coordinates":[9.9225,57.0514]},"properties":{"nametext":"HAVNEBAD AALBORG, 20 M FRA KAJKANT","bathingwat":"DKBW1553"}},{"type":"Feature","geometry":{"type":"Point","coordinates":[11.1592,55.3153]},"properties":{"nametext":"ALHØJVÆNGE","bathingwat":"DKBW1572"}},{"type":"Feature","geometry":{"type":"Point","coordinates":[11.163,55.1703]},"properties":{"nametext":"OMØ","bathingwat":"DKBW1577"}},{"type":"Feature","geometry":{"type":"Point","coordinates":[12.5749,55.8337]},"properties":{"nametext":"ØRESUND  STRUCKMANNPARKEN","bathingwat":"DKBW1582"}},{"type":"Feature","geometry":{"type":"Point","coordinates":[11.8801,55.9437]},"properties":{"nametext":"ST. KARLSMINDEVEJ","bathingwat":"DKBW1587"}},{"type":"Feature","geometry":{"type":"Point","coordinates":[8.5942,57.0289]},"properties":{"nametext":"NORS SØ","bathingwat":"DKBW1596"}},{"type":"Feature","geometry":{"type":"Point","coordinates":[12.622,55.565]},"properties":{"nametext":"SØVANG","bathingwat":"DKBW16"}},{"type":"Feature","geometry":{"type":"Point","coordinates":[8.153,56.6295]},"properties":{"nametext":"LANGERHUSE","bathingwat":"DKBW160"}},{"type":"Feature","geometry":{"type":"Point","coordinates":[12.4671,56.0932]},"properties":{"nametext":"200 M ØST FOR UDLØB FRA NORDKYSTENS R/A","bathingwat":"DKBW1612"}},{"type":"Feature","geometry":{"type":"Point","coordinates":[11.9078,55.9139]},"properties":{"nametext":"HJORTEVEJ","bathingwat":"DKBW1621"}},{"type":"Feature","geometry":{"type":"Point","coordinates":[10.521,55.3199]},"properties":{"nametext":"LILLE IBJERG SØ","bathingwat":"DKBW1626"}},{"type":"Feature","geometry":{"type":"Point","coordinates":[11.1108,55.3467]},"properties":{"nametext":"FÆRGEHAVNEN","bathingwat":"DKBW1631"}},{"type":"Feature","geometry":{"type":"Point","coordinates":[11.8484,54.7825]},"properties":{"nametext":"NORDRE BÅDELAUG, KRAGHAVE","bathingwat":"DKBW1653"}},{"type":"Feature","geometry":{"type":"Point","coordinates":[14.8358,55.2492]},"properties":{"nametext":"TEJN HAVN, ISVÆRKET","bathingwat":"DKBW1778"}},{"type":"Feature","geometry":{"type":"Point","coordinates":[8.3306,55.8751]},"properties":{"nametext":"SKULDBØL STRAND","bathingwat":"DKBW183"}},{"type":"Feature","geometry":{"type":"Point","coordinates":[8.2211,56.3639]},"properties":{"nametext":"NISSUM FJORD, NØRBYGÅRD","bathingwat":"DKBW185"}},{"type":"Feature","geometry":{"type":"Point","coordinates":[12.5458,55.6514]},"properties":{"nametext":"TEGLHOLM BRYGGE BADEZONE","bathingwat":"DKBW1906"}},{"type":"Feature","geometry":{"type":"Point","coordinates":[8.2836,56.5848]},"properties":{"nametext":"GJELLERODDE","bathingwat":"DKBW201"}},{"type":"Feature","geometry":{"type":"Point","coordinates":[8.2971,56.5678]},"properties":{"nametext":"LEM VIG BADEBRO V.CAMPINGPL.","bathingwat":"DKBW202"}},{"type":"Feature","geometry":{"type":"Point","coordinates":[9.1884,56.5109]},"properties":{"nametext":"BIRKE SØ","bathingwat":"DKBW229"}},{"type":"Feature","geometry":{"type":"Point","coordinates":[9.5858,56.3143]},"properties":{"nametext":"TANGE SØ, MARINA","bathingwat":"DKBW235"}},{"type":"Feature","geometry":{"type":"Point","coordinates":[12.588,55.7436]},"properties":{"nametext":"CHARLOTTENLUND STRANDPARK","bathingwat":"DKBW24"}},{"type":"Feature","geometry":{"type":"Point","coordinates":[8.8251,56.9111]},"properties":{"nametext":"SØBUGTEN","bathingwat":"DKBW241"}},{"type":"Feature","geometry":{"type":"Point","coordinates":[8.638,56.8838]},"properties":{"nametext":"VILDSUND ØST","bathingwat":"DKBW242"}},{"type":"Feature","geometry":{"type":"Point","coordinates":[8.6664,56.8062]},"properties":{"nametext":"DRAGSTRUP VIG","bathingwat":"DKBW246"}},{"type":"Feature","geometry":{"type":"Point","coordinates":[8.775,56.6936]},"properties":{"nametext":"SILLERSLEV SOMMERHUSOMRÅDE","bathingwat":"DKBW250"}},{"type":"Feature","geometry":{"type":"Point","coordinates":[8.9177,56.7028]},"properties":{"nametext":"HARRE VIG STRAND","bathingwat":"DKBW258"}},{"type":"Feature","geometry":{"type":"Point","coordinates":[11.5102,54.7647]},"properties":{"nametext":"MARIBO SØBADEANSTALT","bathingwat":"DKBW27"}},{"type":"Feature","geometry":{"type":"Point","coordinates":[8.7284,56.6242]},"properties":{"nametext":"ÅLBÆK STRAND","bathingwat":"DKBW275"}},{"type":"Feature","geometry":{"type":"Point","coordinates":[15.0381,54.9943]},"properties":{"nametext":"JOMFRUGÅRD","bathingwat":"DKBW334"}},{"type":"Feature","geometry":{"type":"Point","coordinates":[15.113,55.0326]},"properties":{"nametext":"BALKA STRAND","bathingwat":"DKBW337"}},{"type":"Feature","geometry":{"type":"Point","coordinates":[12.5723,55.8477]},"properties":{"nametext":"ØRESUND, SYD FOR VEDBÆK HAVN","bathingwat":"DKBW34"}},{"type":"Feature","geometry":{"type":"Point","coordinates":[15.1534,55.1308]},"properties":{"nametext":"HULLEHAVN","bathingwat":"DKBW341"}},{"type":"Feature","geometry":{"type":"Point","coordinates":[14.7904,55.0538]},"properties":{"nametext":"ARNAGER BUGT","bathingwat":"DKBW356"}},{"type":"Feature","geometry":{"type":"Point","coordinates":[12.5474,55.9755]},"properties":{"nametext":"BABYLONESKOVEN","bathingwat":"DKBW366"}},{"type":"Feature","geometry":{"type":"Point","coordinates":[12.4368,55.8086]},"properties":{"nametext":"FURESØEN KINABUGTENS BADEANLÆG","bathingwat":"DKBW37"}},{"type":"Feature","geometry":{"type":"Point","coordinates":[12.2349,56.1207]},"properties":{"nametext":"SMIDSTRUP STRAND","bathingwat":"DKBW383"}},{"type":"Feature","geometry":{"type":"Point","coordinates":[12.2613,56.1252]},"properties":{"nametext":"TINKERUP STRAND","bathingwat":"DKBW384"}},{"type":"Feature","geometry":{"type":"Point","coordinates":[12.3893,56.1008]},"properties":{"nametext":"DRONNINGMØLLE STRAND","bathingwat":"DKBW389"}},{"type":"Feature","geometry":{"type":"Point","coordinates":[12.009,56.0311]},"properties":{"nametext":"STÆNGEHUS, TISVILDE HEGN","bathingwat":"DKBW392"}},{"type":"Feature","geometry":{"type":"Point","coordinates":[11.8638,55.9425]},"properties":{"nametext":"VEST FOR LYNÆS HAVN","bathingwat":"DKBW419"}},{"type":"Feature","geometry":{"type":"Point","coordinates":[12.4639,54.9546]},"properties":{"nametext":"KLINTHOLM VEST","bathingwat":"DKBW42"}},{"type":"Feature","geometry":{"type":"Point","coordinates":[11.8854,55.9856]},"properties":{"nametext":"STRAND VED GRÅSTENVEJ","bathingwat":"DKBW422"}},{"type":"Feature","geometry":{"type":"Point","coordinates":[12.0559,55.793]},"properties":{"nametext":"SKULDELEV HAVN VED BADEBRO","bathingwat":"DKBW435"}},{"type":"Feature","geometry":{"type":"Point","coordinates":[9.8894,55.2748]},"properties":{"nametext":"MARIENDAL","bathingwat":"DKBW444"}},{"type":"Feature","geometry":{"type":"Point","coordinates":[12.6586,55.5811]},"properties":{"nametext":"AMAGER SYDSTRAND","bathingwat":"DKBW14"}},{"type":"Feature","geometry":{"type":"Point","coordinates":[9.615,55.4298]},"properties":{"nametext":"BJERT STRAND","bathingwat":"DKBW1405"}},{"type":"Feature","geometry":{"type":"Point","coordinates":[9.5935,55.4194]},"properties":{"nametext":"MOSVIG","bathingwat":"DKBW1414"}},{"type":"Feature","geometry":{"type":"Point","coordinates":[8.9552,56.1661]},"properties":{"nametext":"HOLING SØ","bathingwat":"DKBW1428"}},{"type":"Feature","geometry":{"type":"Point","coordinates":[8.1318,55.9751]},"properties":{"nametext":"VESTERHAVET, ÅRGAB","bathingwat":"DKBW1430"}},{"type":"Feature","geometry":{"type":"Point","coordinates":[9.6963,57.3631]},"properties":{"nametext":"NY STRANDVEJ, UD FOR NEDKØRSLEN","bathingwat":"DKBW1472"}},{"type":"Feature","geometry":{"type":"Point","coordinates":[12.227,55.5283]},"properties":{"nametext":"SOLRØD STRANDPARK","bathingwat":"DKBW148"}},{"type":"Feature","geometry":{"type":"Point","coordinates":[10.5019,57.201]},"properties":{"nametext":"VOERSÅ DÆMNING VED SANDBANKE","bathingwat":"DKBW1522"}},{"type":"Feature","geometry":{"type":"Point","coordinates":[12.6445,55.6585]},"properties":{"nametext":"AMAGER STRANDPARK, ØRESUND","bathingwat":"DKBW1526"}},{"type":"Feature","geometry":{"type":"Point","coordinates":[10.8354,55.0287]},"properties":{"nametext":"HELLETOFTE N","bathingwat":"DKBW1546"}},{"type":"Feature","geometry":{"type":"Point","coordinates":[12.55,55.8759]},"properties":{"nametext":"CHRISTIANSGAVE","bathingwat":"DKBW1563"}},{"type":"Feature","geometry":{"type":"Point","coordinates":[11.1697,55.3085]},"properties":{"nametext":"SØSKÆR","bathingwat":"DKBW1574"}},{"type":"Feature","geometry":{"type":"Point","coordinates":[12.5539,55.6465]},"properties":{"nametext":"SLUSEHOLMEN HAVNEBAD","bathingwat":"DKBW1578"}},{"type":"Feature","geometry":{"type":"Point","coordinates":[9.3235,55.7199]},"properties":{"nametext":"ENGELSHOLM SØ","bathingwat":"DKBW1584"}},{"type":"Feature","geometry":{"type":"Point","coordinates":[12.4585,55.8157]},"properties":{"nametext":"FURESØEN, BADEBRO VED HOLTE ROKLUB","bathingwat":"DKBW1588"}},{"type":"Feature","geometry":{"type":"Point","coordinates":[8.1155,56.5254]},"properties":{"nametext":"FERRING","bathingwat":"DKBW159"}},{"type":"Feature","geometry":{"type":"Point","coordinates":[12.1952,56.1127]},"properties":{"nametext":"UDSHOLT STRAND V. FYRRESTIEN","bathingwat":"DKBW1613"}},{"type":"Feature","geometry":{"type":"Point","coordinates":[10.6377,55.8184]},"properties":{"nametext":"BALLEN, NORD FOR HAVN","bathingwat":"DKBW1619"}},{"type":"Feature","geometry":{"type":"Point","coordinates":[11.5372,55.425]},"properties":{"nametext":"PARNAS","bathingwat":"DKBW1625"}},{"type":"Feature","geometry":{"type":"Point","coordinates":[11.6996,55.5004]},"properties":{"nametext":"GYRSTINGE SØ","bathingwat":"DKBW1658"}},{"type":"Feature","geometry":{"type":"Point","coordinates":[9.7028,56.0018]},"properties":{"nametext":"FYEL BADESØ","bathingwat":"DKBW1663"}},{"type":"Feature","geometry":{"type":"Point","coordinates":[12.5762,55.6691]},"properties":{"nametext":"KALVEBOD BØLGE BADEZONE","bathingwat":"DKBW1667"}},{"type":"Feature","geometry":{"type":"Point","coordinates":[11.4051,54.6338]},"properties":{"nametext":"HOLEBY ØSTERSØBAD","bathingwat":"DKBW17"}},{"type":"Feature","geometry":{"type":"Point","coordinates":[8.4193,56.6663]},"properties":{"nametext":"LYNGS DRAG","bathingwat":"DKBW204"}},{"type":"Feature","geometry":{"type":"Point","coordinates":[8.5541,56.5779]},"properties":{"nametext":"SUNDDRAGET ODDESUND","bathingwat":"DKBW211"}},{"type":"Feature","geometry":{"type":"Point","coordinates":[8.4011,56.2802]},"properties":{"nametext":"LYSTLUND SØ","bathingwat":"DKBW215"}},{"type":"Feature","geometry":{"type":"Point","coordinates":[8.5401,56.5978]},"properties":{"nametext":"SERUP STRAND","bathingwat":"DKBW219"}},{"type":"Feature","geometry":{"type":"Point","coordinates":[8.7316,56.6818]},"properties":{"nametext":"SILLERSLEV HAVN","bathingwat":"DKBW244"}},{"type":"Feature","geometry":{"type":"Point","coordinates":[8.8734,56.7632]},"properties":{"nametext":"GLYNGØRE","bathingwat":"DKBW261"}},{"type":"Feature","geometry":{"type":"Point","coordinates":[9.1749,56.7075]},"properties":{"nametext":"SUNDSØRE STRAND","bathingwat":"DKBW280"}},{"type":"Feature","geometry":{"type":"Point","coordinates":[8.9779,56.8131]},"properties":{"nametext":"FURSUND","bathingwat":"DKBW283"}},{"type":"Feature","geometry":{"type":"Point","coordinates":[11.4781,54.8869]},"properties":{"nametext":"ASKØ, VEST FOR AKSØ HAVN","bathingwat":"DKBW29"}},{"type":"Feature","geometry":{"type":"Point","coordinates":[8.5806,56.8229]},"properties":{"nametext":"SKYUM ØSTERSTRAND","bathingwat":"DKBW290"}},{"type":"Feature","geometry":{"type":"Point","coordinates":[12.0459,55.9011]},"properties":{"nametext":"ST. HAVELSE STRANDVEJ","bathingwat":"DKBW373"}},{"type":"Feature","geometry":{"type":"Point","coordinates":[12.4534,56.0944]},"properties":{"nametext":"100 METER SV FOR UDLØB AF VESTERBÆK","bathingwat":"DKBW399"}},{"type":"Feature","geometry":{"type":"Point","coordinates":[12.4218,55.6128]},"properties":{"nametext":"KBS, UD FOR HYLDETANGEN","bathingwat":"DKBW4"}},{"type":"Feature","geometry":{"type":"Point","coordinates":[12.5476,56.0767]},"properties":{"nametext":"LANGEBRO, ÅLSGÅRDE","bathingwat":"DKBW402"}},{"type":"Feature","geometry":{"type":"Point","coordinates":[11.9016,55.9442]},"properties":{"nametext":"SØLAGER VED CAMPINGPLADS","bathingwat":"DKBW418"}},{"type":"Feature","geometry":{"type":"Point","coordinates":[9.88,55.2667]},"properties":{"nametext":"ASSENS NÆS BADEBRO (BF)","bathingwat":"DKBW445"}},{"type":"Feature","geometry":{"type":"Point","coordinates":[9.9098,55.2358]},"properties":{"nametext":"SALTOFTE STRAND","bathingwat":"DKBW447"}},{"type":"Feature","geometry":{"type":"Point","coordinates":[10.0415,55.1341]},"properties":{"nametext":"HELNÆS FISKERHUSE","bathingwat":"DKBW455"}},{"type":"Feature","geometry":{"type":"Point","coordinates":[10.0793,55.5689]},"properties":{"nametext":"BOGENSE SØBAD","bathingwat":"DKBW457"}},{"type":"Feature","geometry":{"type":"Point","coordinates":[11.0882,54.8333]},"properties":{"nametext":"HESTEHOVEDET","bathingwat":"DKBW50"}},{"type":"Feature","geometry":{"type":"Point","coordinates":[10.8077,55.1881]},"properties":{"nametext":"BØSØRE N","bathingwat":"DKBW501"}},{"type":"Feature","geometry":{"type":"Point","coordinates":[11.7953,54.6451]},"properties":{"nametext":"HOLTEN STRAND","bathingwat":"DKBW51"}},{"type":"Feature","geometry":{"type":"Point","coordinates":[10.5191,54.844]},"properties":{"nametext":"ERIKS HALE","bathingwat":"DKBW518"}},{"type":"Feature","geometry":{"type":"Point","coordinates":[9.7811,55.5426]},"properties":{"nametext":"DÆMNINGEN/RØJLEMOSE Ø","bathingwat":"DKBW526"}},{"type":"Feature","geometry":{"type":"Point","coordinates":[9.7308,55.4892]},"properties":{"nametext":"STRANDEN VED MIDDELFART MARINA","bathingwat":"DKBW541"}},{"type":"Feature","geometry":{"type":"Point","coordinates":[10.8086,55.3296]},"properties":{"nametext":"STRANDALLEEN 42","bathingwat":"DKBW549"}},{"type":"Feature","geometry":{"type":"Point","coordinates":[10.5091,55.027]},"properties":{"nametext":"LEHNSKOV","bathingwat":"DKBW579"}},{"type":"Feature","geometry":{"type":"Point","coordinates":[11.6225,55.1822]},"properties":{"nametext":"VESTERHAVE - UNDERSTATION DKBW1432 SANDSTIEN-VESTERHAVE","bathingwat":"DKBW58"}},{"type":"Feature","geometry":{"type":"Point","coordinates":[10.7114,55.0447]},"properties":{"nametext":"SMØRMOSEN S","bathingwat":"DKBW589"}},{"type":"Feature","geometry":{"type":"Point","coordinates":[10.6254,54.8232]},"properties":{"nametext":"RISTINGE N","bathingwat":"DKBW608"}},{"type":"Feature","geometry":{"type":"Point","coordinates":[9.6438,56.1291]},"properties":{"nametext":"LUDVIGSLYST","bathingwat":"DKBW1024"}},{"type":"Feature","geometry":{"type":"Point","coordinates":[9.6167,56.167]},"properties":{"nametext":"SCHOUBYS SØ","bathingwat":"DKBW1026"}},{"type":"Feature","geometry":{"type":"Point","coordinates":[9.495,56.1145]},"properties":{"nametext":"GJESSØ","bathingwat":"DKBW1034"}},{"type":"Feature","geometry":{"type":"Point","coordinates":[10.2319,56.1759]},"properties":{"nametext":"DEN PERMANENTE","bathingwat":"DKBW1036"}},{"type":"Feature","geometry":{"type":"Point","coordinates":[11.9705,54.6894]},"properties":{"nametext":"MARIELYST, STRANDVEJ.","bathingwat":"DKBW104"}},{"type":"Feature","geometry":{"type":"Point","coordinates":[11.8304,55.0524]},"properties":{"nametext":"SKAVERUP STRAND","bathingwat":"DKBW106"}},{"type":"Feature","geometry":{"type":"Point","coordinates":[11.8731,55.0049]},"properties":{"nametext":"ORE CAMPING","bathingwat":"DKBW109"}},{"type":"Feature","geometry":{"type":"Point","coordinates":[9.6089,55.6931]},"properties":{"nametext":"MUNKEBJERG","bathingwat":"DKBW1090"}},{"type":"Feature","geometry":{"type":"Point","coordinates":[11.3775,55.7769]},"properties":{"nametext":"SANDDOBBERNE","bathingwat":"DKBW1103"}},{"type":"Feature","geometry":{"type":"Point","coordinates":[9.4574,55.0175]},"properties":{"nametext":"HOSTRUPSKOV","bathingwat":"DKBW1114"}},{"type":"Feature","geometry":{"type":"Point","coordinates":[11.6967,55.7201]},"properties":{"nametext":"HOLBÆK SØBAD","bathingwat":"DKBW1141"}},{"type":"Feature","geometry":{"type":"Point","coordinates":[11.7067,55.7915]},"properties":{"nametext":"KISSERUP STRAND","bathingwat":"DKBW1143"}},{"type":"Feature","geometry":{"type":"Point","coordinates":[11.8257,55.7977]},"properties":{"nametext":"SALVIG, ORØ","bathingwat":"DKBW1145"}},{"type":"Feature","geometry":{"type":"Point","coordinates":[9.5154,55.1104]},"properties":{"nametext":"BARSØ LANDING","bathingwat":"DKBW1162"}},{"type":"Feature","geometry":{"type":"Point","coordinates":[11.1275,55.3368]},"properties":{"nametext":"STRANDVEJEN STRAND","bathingwat":"DKBW1168"}},{"type":"Feature","geometry":{"type":"Point","coordinates":[11.185,55.3041]},"properties":{"nametext":"KLARSKOVGÅRD BADEBRO","bathingwat":"DKBW1170"}},{"type":"Feature","geometry":{"type":"Point","coordinates":[11.866,55.5218]},"properties":{"nametext":"HVIDSØ, JYSTRUP","bathingwat":"DKBW1180"}},{"type":"Feature","geometry":{"type":"Point","coordinates":[11.4993,55.9378]},"properties":{"nametext":"BURVÆNGET","bathingwat":"DKBW1198"}},{"type":"Feature","geometry":{"type":"Point","coordinates":[11.5188,55.8687]},"properties":{"nametext":"HØNSINGE LYNG","bathingwat":"DKBW1200"}},{"type":"Feature","geometry":{"type":"Point","coordinates":[11.7017,55.8666]},"properties":{"nametext":"UNNERØD HUSE","bathingwat":"DKBW1201"}},{"type":"Feature","geometry":{"type":"Point","coordinates":[11.6726,55.8794]},"properties":{"nametext":"STRANDHUSE","bathingwat":"DKBW1204"}},{"type":"Feature","geometry":{"type":"Point","coordinates":[9.7527,55.6254]},"properties":{"nametext":"BØGESKOV, OFFENTLIG STRAND","bathingwat":"DKBW1226"}},{"type":"Feature","geometry":{"type":"Point","coordinates":[8.3088,55.5548]},"properties":{"nametext":"SYD FOR MARBÆKGAARD","bathingwat":"DKBW1236"}},{"type":"Feature","geometry":{"type":"Point","coordinates":[8.3469,55.5275]},"properties":{"nametext":"KYSTSANATORIET","bathingwat":"DKBW1240"}},{"type":"Feature","geometry":{"type":"Point","coordinates":[8.2571,55.6377]},"properties":{"nametext":"ÅL PRÆSTESØ","bathingwat":"DKBW1247"}},{"type":"Feature","geometry":{"type":"Point","coordinates":[11.3722,55.8388]},"properties":{"nametext":"SYD FOR BROKKENHØJ","bathingwat":"DKBW1279"}},{"type":"Feature","geometry":{"type":"Point","coordinates":[10.8292,55.3044]},"properties":{"nametext":"FYNS BADESTRAND","bathingwat":"DKBW1289"}},{"type":"Feature","geometry":{"type":"Point","coordinates":[9.6967,55.705]},"properties":{"nametext":"DAUGÅRD STRAND - BADEBRO","bathingwat":"DKBW1333"}},{"type":"Feature","geometry":{"type":"Point","coordinates":[12.0922,55.7615]},"properties":{"nametext":"RÅDALSGÅRD","bathingwat":"DKBW134"}},{"type":"Feature","geometry":{"type":"Point","coordinates":[9.9478,55.8332]},"properties":{"nametext":"SEJET NØRREMARK","bathingwat":"DKBW1341"}},{"type":"Feature","geometry":{"type":"Point","coordinates":[11.2163,54.7123]},"properties":{"nametext":"HUMMINGEN STRAND","bathingwat":"DKBW1348"}},{"type":"Feature","geometry":{"type":"Point","coordinates":[10.0194,55.7632]},"properties":{"nametext":"AS VIG","bathingwat":"DKBW1385"}},{"type":"Feature","geometry":{"type":"Point","coordinates":[12.2055,55.4864]},"properties":{"nametext":"ØLSEMAGLE REVLE SYD","bathingwat":"DKBW139"}},{"type":"Feature","geometry":{"type":"Point","coordinates":[12.3216,56.1229]},"properties":{"nametext":"STRANDBAKKERNE","bathingwat":"DKBW1409"}},{"type":"Feature","geometry":{"type":"Point","coordinates":[9.5949,55.4202]},"properties":{"nametext":"BINDERUP STRAND","bathingwat":"DKBW1410"}},{"type":"Feature","geometry":{"type":"Point","coordinates":[10.9841,55.7269]},"properties":{"nametext":"ULSTRUP, CAMPINGPLADSEN","bathingwat":"DKBW1418"}},{"type":"Feature","geometry":{"type":"Point","coordinates":[10.8202,55.0079]},"properties":{"nametext":"ÅSØ STRAND","bathingwat":"DKBW1425"}},{"type":"Feature","geometry":{"type":"Point","coordinates":[12.0298,55.6685]},"properties":{"nametext":"KATTINGE VIG","bathingwat":"DKBW143"}},{"type":"Feature","geometry":{"type":"Point","coordinates":[9.2771,55.5823]},"properties":{"nametext":"SKÆRSØ, SØVEJ","bathingwat":"DKBW1441"}},{"type":"Feature","geometry":{"type":"Point","coordinates":[10.2525,55.981]},"properties":{"nametext":"SAKSILD STRAND","bathingwat":"DKBW1453"}},{"type":"Feature","geometry":{"type":"Point","coordinates":[12.405,55.6122]},"properties":{"nametext":"VALLENSBÆK STRAND, VED SKRUBBEN","bathingwat":"DKBW1464"}},{"type":"Feature","geometry":{"type":"Point","coordinates":[12.3529,55.7786]},"properties":{"nametext":"NORDLIGE SØNDERSØ","bathingwat":"DKBW1477"}},{"type":"Feature","geometry":{"type":"Point","coordinates":[9.6056,55.1934]},"properties":{"nametext":"HEJSAGER STRAND, FERIEHJEMMET PINNEBERG","bathingwat":"DKBW1486"}},{"type":"Feature","geometry":{"type":"Point","coordinates":[9.7284,55.2597]},"properties":{"nametext":"ÅRØ ODDE","bathingwat":"DKBW1487"}},{"type":"Feature","geometry":{"type":"Point","coordinates":[9.1685,57.1384]},"properties":{"nametext":"KLIM","bathingwat":"DKBW1501"}},{"type":"Feature","geometry":{"type":"Point","coordinates":[10.3457,56.2545]},"properties":{"nametext":"STUDSTRUP STRAND, FISKERHØJ","bathingwat":"DKBW1509"}},{"type":"Feature","geometry":{"type":"Point","coordinates":[9.8358,56.0499]},"properties":{"nametext":"DAKBJERG","bathingwat":"DKBW1512"}},{"type":"Feature","geometry":{"type":"Point","coordinates":[9.374,56.1775]},"properties":{"nametext":"BØLLING SØ","bathingwat":"DKBW1536"}},{"type":"Feature","geometry":{"type":"Point","coordinates":[9.5005,56.4999]},"properties":{"nametext":"RØDDING SØ","bathingwat":"DKBW1554"}},{"type":"Feature","geometry":{"type":"Point","coordinates":[9.2892,54.9669]},"properties":{"nametext":"UGE FISKESØ","bathingwat":"DKBW1567"}},{"type":"Feature","geometry":{"type":"Point","coordinates":[12.5023,55.6274]},"properties":{"nametext":"LODSPARKEN","bathingwat":"DKBW1590"}},{"type":"Feature","geometry":{"type":"Point","coordinates":[12.5959,55.787]},"properties":{"nametext":"TAARBÆK HAVN","bathingwat":"DKBW1593"}},{"type":"Feature","geometry":{"type":"Point","coordinates":[9.9746,55.2156]},"properties":{"nametext":"Å Å N","bathingwat":"DKBW450"}},{"type":"Feature","geometry":{"type":"Point","coordinates":[10.0367,55.1258]},"properties":{"nametext":"HELNÆS SOMMERLAND NØ","bathingwat":"DKBW453"}},{"type":"Feature","geometry":{"type":"Point","coordinates":[9.9561,55.5188]},"properties":{"nametext":"VARBJERG STRAND Ø","bathingwat":"DKBW468"}},{"type":"Feature","geometry":{"type":"Point","coordinates":[10.1978,55.0677]},"properties":{"nametext":"DREJET","bathingwat":"DKBW481"}},{"type":"Feature","geometry":{"type":"Point","coordinates":[10.3197,55.0617]},"properties":{"nametext":"NAB","bathingwat":"DKBW487"}},{"type":"Feature","geometry":{"type":"Point","coordinates":[12.0283,54.9374]},"properties":{"nametext":"BOGØ, SKÅNINGSBRO","bathingwat":"DKBW49"}},{"type":"Feature","geometry":{"type":"Point","coordinates":[10.6684,55.4602]},"properties":{"nametext":"NORDSTRANDEN","bathingwat":"DKBW508"}},{"type":"Feature","geometry":{"type":"Point","coordinates":[9.8532,55.5211]},"properties":{"nametext":"VEJLBY FED","bathingwat":"DKBW524"}},{"type":"Feature","geometry":{"type":"Point","coordinates":[10.4569,55.5663]},"properties":{"nametext":"HASMARK","bathingwat":"DKBW570"}},{"type":"Feature","geometry":{"type":"Point","coordinates":[10.5652,55.0398]},"properties":{"nametext":"TANKEFULD","bathingwat":"DKBW580"}},{"type":"Feature","geometry":{"type":"Point","coordinates":[10.6549,54.8019]},"properties":{"nametext":"HESSELBJERG STRAND","bathingwat":"DKBW607"}},{"type":"Feature","geometry":{"type":"Point","coordinates":[10.8431,54.9497]},"properties":{"nametext":"LØKKEBY STRAND M","bathingwat":"DKBW611"}},{"type":"Feature","geometry":{"type":"Point","coordinates":[10.8849,55.1102]},"properties":{"nametext":"STOENSE HAVN","bathingwat":"DKBW622"}},{"type":"Feature","geometry":{"type":"Point","coordinates":[10.405,57.1129]},"properties":{"nametext":"GERÅ STRAND","bathingwat":"DKBW649"}},{"type":"Feature","geometry":{"type":"Point","coordinates":[9.1902,56.7]},"properties":{"nametext":"HVALPSUND STRAND","bathingwat":"DKBW657"}},{"type":"Feature","geometry":{"type":"Point","coordinates":[9.227,56.685]},"properties":{"nametext":"LOVNS STRAND","bathingwat":"DKBW659"}},{"type":"Feature","geometry":{"type":"Point","coordinates":[10.275,56.8239]},"properties":{"nametext":"OFFENTLIG STRAND DOKKEDALVEJ 102","bathingwat":"DKBW699"}},{"type":"Feature","geometry":{"type":"Point","coordinates":[12.153,55.2094]},"properties":{"nametext":"CAFE HJORTHOLM","bathingwat":"DKBW7"}},{"type":"Feature","geometry":{"type":"Point","coordinates":[10.6695,56.2183]},"properties":{"nametext":"VIBÆK STRAND","bathingwat":"DKBW720"}},{"type":"Feature","geometry":{"type":"Point","coordinates":[10.6055,56.2276]},"properties":{"nametext":"LYNGSBÆK-FEMMØLLER STRAND","bathingwat":"DKBW723"}},{"type":"Feature","geometry":{"type":"Point","coordinates":[9.4599,54.8385]},"properties":{"nametext":"KOLLUND BADESTRAND","bathingwat":"DKBW741"}},{"type":"Feature","geometry":{"type":"Point","coordinates":[9.7311,54.8865]},"properties":{"nametext":"GAMMELMARK CAMPING","bathingwat":"DKBW762"}},{"type":"Feature","geometry":{"type":"Point","coordinates":[11.2574,54.7035]},"properties":{"nametext":"KRAMNITZE","bathingwat":"DKBW78"}},{"type":"Feature","geometry":{"type":"Point","coordinates":[10.9205,56.4029]},"properties":{"nametext":"600 M. S. FOR GRENÅEN","bathingwat":"DKBW789"}},{"type":"Feature","geometry":{"type":"Point","coordinates":[10.9219,56.4005]},"properties":{"nametext":"GRENÅ STRAND","bathingwat":"DKBW790"}},{"type":"Feature","geometry":{"type":"Point","coordinates":[11.5204,56.7099]},"properties":{"nametext":"ANHOLT, VESTERSTRAND","bathingwat":"DKBW794"}},{"type":"Feature","geometry":{"type":"Point","coordinates":[9.9508,57.5909]},"properties":{"nametext":"HUSMODERSTRANDEN","bathingwat":"DKBW803"}},{"type":"Feature","geometry":{"type":"Point","coordinates":[9.8265,57.4938]},"properties":{"nametext":"FERIEBYEN 50 M NORD FOR KNOLDEBÆK","bathingwat":"DKBW805"}},{"type":"Feature","geometry":{"type":"Point","coordinates":[9.7976,57.4782]},"properties":{"nametext":"LØNSTRUP, N FOR NORDLIG HØFDE","bathingwat":"DKBW809"}},{"type":"Feature","geometry":{"type":"Point","coordinates":[9.6524,56.6471]},"properties":{"nametext":"SNÆBUM SØ","bathingwat":"DKBW816"}},{"type":"Feature","geometry":{"type":"Point","coordinates":[10.5849,56.5172]},"properties":{"nametext":"50 M. V. FOR MØLLEBÆK","bathingwat":"DKBW832"}},{"type":"Feature","geometry":{"type":"Point","coordinates":[9.5036,55.1393]},"properties":{"nametext":"GÅSEVIG","bathingwat":"DKBW850"}},{"type":"Feature","geometry":{"type":"Point","coordinates":[9.4972,55.1537]},"properties":{"nametext":"VILSTRUP STRAND","bathingwat":"DKBW852"}},{"type":"Feature","geometry":{"type":"Point","coordinates":[12.412,55.3698]},"properties":{"nametext":"BØGESKOVEN","bathingwat":"DKBW86"}},{"type":"Feature","geometry":{"type":"Point","coordinates":[9.7135,55.2608]},"properties":{"nametext":"ÅRØSUND BADEHOTEL","bathingwat":"DKBW866"}},{"type":"Feature","geometry":{"type":"Point","coordinates":[10.2756,56.0169]},"properties":{"nametext":"KYSING NÆS","bathingwat":"DKBW916"}},{"type":"Feature","geometry":{"type":"Point","coordinates":[10.2592,55.934]},"properties":{"nametext":"HØLKEN STRAND","bathingwat":"DKBW921"}},{"type":"Feature","geometry":{"type":"Point","coordinates":[10.4296,57.5963]},"properties":{"nametext":"500M NORD FOR AALBÆK","bathingwat":"DKBW932"}},{"type":"Feature","geometry":{"type":"Point","coordinates":[9.7482,56.1023]},"properties":{"nametext":"BIRKHEDE CAMPING","bathingwat":"DKBW939"}},{"type":"Feature","geometry":{"type":"Point","coordinates":[8.4759,55.1454]},"properties":{"nametext":"LAKOLK","bathingwat":"DKBW950"}},{"type":"Feature","geometry":{"type":"Point","coordinates":[10.4046,56.2917]},"properties":{"nametext":"UGELBØLLE STRAND","bathingwat":"DKBW963"}},{"type":"Feature","geometry":{"type":"Point","coordinates":[10.4273,56.295]},"properties":{"nametext":"FØLLE STRAND","bathingwat":"DKBW965"}},{"type":"Feature","geometry":{"type":"Point","coordinates":[10.5484,57.2632]},"properties":{"nametext":"STORE NØRREKLIT","bathingwat":"DKBW992"}},{"type":"Feature","geometry":{"type":"Point","coordinates":[9.8884,54.8657]},"properties":{"nametext":"SØNDERBY","bathingwat":"DKBW999"}},{"type":"Feature","geometry":{"type":"Point","coordinates":[9.5386,56.1282]},"properties":{"nametext":"VESTERLUND","bathingwat":"DKBW1020"}},{"type":"Feature","geometry":{"type":"Point","coordinates":[9.8514,56.0457]},"properties":{"nametext":"VÆDEBRO","bathingwat":"DKBW1030"}},{"type":"Feature","geometry":{"type":"Point","coordinates":[9.78,54.9044]},"properties":{"nametext":"TOØREN","bathingwat":"DKBW1079"}},{"type":"Feature","geometry":{"type":"Point","coordinates":[9.6803,56.0117]},"properties":{"nametext":"NEDENSKOV SØ, NEDENSKOVVEJ","bathingwat":"DKBW1082"}},{"type":"Feature","geometry":{"type":"Point","coordinates":[9.8454,54.9366]},"properties":{"nametext":"MADESKOVEN","bathingwat":"DKBW1089"}},{"type":"Feature","geometry":{"type":"Point","coordinates":[11.8887,54.6319]},"properties":{"nametext":"SKELBY STRAND","bathingwat":"DKBW100"}},{"type":"Feature","geometry":{"type":"Point","coordinates":[10.2259,56.1211]},"properties":{"nametext":"BALLEHAGE","bathingwat":"DKBW1055"}},{"type":"Feature","geometry":{"type":"Point","coordinates":[10.2362,56.1098]},"properties":{"nametext":"BLOMMEHAVEN CAMPING","bathingwat":"DKBW1056"}},{"type":"Feature","geometry":{"type":"Point","coordinates":[9.8001,54.897]},"properties":{"nametext":"SØNDERBORG BADESTRAND","bathingwat":"DKBW1078"}},{"type":"Feature","geometry":{"type":"Point","coordinates":[9.6682,56.0484]},"properties":{"nametext":"BLID SØ","bathingwat":"DKBW1081"}},{"type":"Feature","geometry":{"type":"Point","coordinates":[10.7178,56.5309]},"properties":{"nametext":"200 M. Ø. F. BØNNERUP HAVN","bathingwat":"DKBW1092"}},{"type":"Feature","geometry":{"type":"Point","coordinates":[11.1188,55.8931]},"properties":{"nametext":"AASEN, SEJERØ","bathingwat":"DKBW1099"}},{"type":"Feature","geometry":{"type":"Point","coordinates":[11.3538,55.7613]},"properties":{"nametext":"NEKSELØVEJ","bathingwat":"DKBW1102"}},{"type":"Feature","geometry":{"type":"Point","coordinates":[11.382,55.7867]},"properties":{"nametext":"VRAGET","bathingwat":"DKBW1104"}},{"type":"Feature","geometry":{"type":"Point","coordinates":[9.4646,55.0478]},"properties":{"nametext":"AVBÆK","bathingwat":"DKBW1120"}},{"type":"Feature","geometry":{"type":"Point","coordinates":[11.1394,55.5171]},"properties":{"nametext":"DALBY STRAND","bathingwat":"DKBW1127"}},{"type":"Feature","geometry":{"type":"Point","coordinates":[11.1517,55.5471]},"properties":{"nametext":"BJERGE OS BROVEJEN","bathingwat":"DKBW1130"}},{"type":"Feature","geometry":{"type":"Point","coordinates":[9.4983,55.0464]},"properties":{"nametext":"SKARREV","bathingwat":"DKBW1137"}},{"type":"Feature","geometry":{"type":"Point","coordinates":[11.7057,55.7338]},"properties":{"nametext":"HØRBY VEST","bathingwat":"DKBW1142"}},{"type":"Feature","geometry":{"type":"Point","coordinates":[11.0694,55.6617]},"properties":{"nametext":"ASNÆSVÆRKET","bathingwat":"DKBW1148"}},{"type":"Feature","geometry":{"type":"Point","coordinates":[11.0541,55.685]},"properties":{"nametext":"KYSTTOFTEN","bathingwat":"DKBW1151"}},{"type":"Feature","geometry":{"type":"Point","coordinates":[11.1516,55.32]},"properties":{"nametext":"CERESENGEN STRAND","bathingwat":"DKBW1169"}},{"type":"Feature","geometry":{"type":"Point","coordinates":[11.7159,55.9532]},"properties":{"nametext":"TELEGRAFVEJEN","bathingwat":"DKBW1175"}},{"type":"Feature","geometry":{"type":"Point","coordinates":[9.8504,55.6253]},"properties":{"nametext":"TRELDE NÆS, KULVIG","bathingwat":"DKBW1183"}},{"type":"Feature","geometry":{"type":"Point","coordinates":[11.2436,55.2594]},"properties":{"nametext":"KOBÆK STRAND","bathingwat":"DKBW1185"}},{"type":"Feature","geometry":{"type":"Point","coordinates":[11.5448,55.3752]},"properties":{"nametext":"TYSTRUP SØ","bathingwat":"DKBW1196"}},{"type":"Feature","geometry":{"type":"Point","coordinates":[8.1697,55.8155]},"properties":{"nametext":"NYMINDEGAB STRAND","bathingwat":"DKBW1219"}},{"type":"Feature","geometry":{"type":"Point","coordinates":[9.7692,55.5606]},"properties":{"nametext":"ØSTERSTRAND, ROKLUB","bathingwat":"DKBW1250"}},{"type":"Feature","geometry":{"type":"Point","coordinates":[11.7707,55.7491]},"properties":{"nametext":"BOGNÆS BADEBRO","bathingwat":"DKBW1256"}},{"type":"Feature","geometry":{"type":"Point","coordinates":[12.3138,55.5806]},"properties":{"nametext":"GREVE BADEHOTEL","bathingwat":"DKBW127"}},{"type":"Feature","geometry":{"type":"Point","coordinates":[9.7859,55.5794]},"properties":{"nametext":"ØSTERSTRAND, HYBYLUND","bathingwat":"DKBW1274"}},{"type":"Feature","geometry":{"type":"Point","coordinates":[11.685,55.7865]},"properties":{"nametext":"TOBJERG SOMMERLAND","bathingwat":"DKBW1284"}},{"type":"Feature","geometry":{"type":"Point","coordinates":[11.7447,55.7868]},"properties":{"nametext":"LØSERUP STRAND,NORD","bathingwat":"DKBW1287"}},{"type":"Feature","geometry":{"type":"Point","coordinates":[12.2595,55.556]},"properties":{"nametext":"KARLSTRUP STRANDPARK","bathingwat":"DKBW130"}},{"type":"Feature","geometry":{"type":"Point","coordinates":[9.9181,55.8571]},"properties":{"nametext":"HUSODDE","bathingwat":"DKBW1350"}},{"type":"Feature","geometry":{"type":"Point","coordinates":[9.8875,55.8613]},"properties":{"nametext":"STRANDPARKEN","bathingwat":"DKBW1359"}},{"type":"Feature","geometry":{"type":"Point","coordinates":[10.2741,55.7471]},"properties":{"nametext":"ENDELAVE, SØNDERMØLLE","bathingwat":"DKBW1371"}},{"type":"Feature","geometry":{"type":"Point","coordinates":[10.0035,55.7002]},"properties":{"nametext":"STRANDHUSE","bathingwat":"DKBW1378"}},{"type":"Feature","geometry":{"type":"Point","coordinates":[8.7159,56.5785]},"properties":{"nametext":"GYLDENDAL","bathingwat":"DKBW1381"}},{"type":"Feature","geometry":{"type":"Point","coordinates":[10.0189,55.7785]},"properties":{"nametext":"SØNDERBY STRAND","bathingwat":"DKBW1386"}},{"type":"Feature","geometry":{"type":"Point","coordinates":[10.043,55.7916]},"properties":{"nametext":"PØT STRAND","bathingwat":"DKBW1388"}},{"type":"Feature","geometry":{"type":"Point","coordinates":[10.0753,55.8166]},"properties":{"nametext":"HJARNØ ODDE","bathingwat":"DKBW1392"}},{"type":"Feature","geometry":{"type":"Point","coordinates":[9.6301,55.4955]},"properties":{"nametext":"BLIDSTANG VIG","bathingwat":"DKBW1400"}},{"type":"Feature","geometry":{"type":"Point","coordinates":[9.6941,55.4595]},"properties":{"nametext":"STENDERUP HAGE","bathingwat":"DKBW1404"}},{"type":"Feature","geometry":{"type":"Point","coordinates":[11.5931,54.8268]},"properties":{"nametext":"OREBY HAVN","bathingwat":"DKBW1413"}},{"type":"Feature","geometry":{"type":"Point","coordinates":[10.9262,55.0664]},"properties":{"nametext":"SNØDE HESSELBJERG","bathingwat":"DKBW626"}},{"type":"Feature","geometry":{"type":"Point","coordinates":[10.2632,54.9412]},"properties":{"nametext":"SØBY STRAND","bathingwat":"DKBW631"}},{"type":"Feature","geometry":{"type":"Point","coordinates":[9.4178,57.1705]},"properties":{"nametext":"TRANUM STRAND","bathingwat":"DKBW643"}},{"type":"Feature","geometry":{"type":"Point","coordinates":[12.1364,55.1308]},"properties":{"nametext":"RONEKLINT","bathingwat":"DKBW65"}},{"type":"Feature","geometry":{"type":"Point","coordinates":[9.1713,56.8106]},"properties":{"nametext":"ERTEBØLLE STRAND","bathingwat":"DKBW653"}},{"type":"Feature","geometry":{"type":"Point","coordinates":[10.4765,57.5126]},"properties":{"nametext":"BRATTEN STRAND","bathingwat":"DKBW687"}},{"type":"Feature","geometry":{"type":"Point","coordinates":[10.5162,57.3879]},"properties":{"nametext":"HALBJERG-VANGEN SYD FOR GRØFT","bathingwat":"DKBW689"}},{"type":"Feature","geometry":{"type":"Point","coordinates":[10.8222,56.2723]},"properties":{"nametext":"RUGÅRD STRAND","bathingwat":"DKBW710"}},{"type":"Feature","geometry":{"type":"Point","coordinates":[10.3518,57.0088]},"properties":{"nametext":"BISNAP","bathingwat":"DKBW725"}},{"type":"Feature","geometry":{"type":"Point","coordinates":[10.3695,57.0362]},"properties":{"nametext":"MØLLESTENEN, TORNDRUP STRAND","bathingwat":"DKBW727"}},{"type":"Feature","geometry":{"type":"Point","coordinates":[9.8479,54.943]},"properties":{"nametext":"BADEANSTALTEN I AUGUSTENBORG","bathingwat":"DKBW736"}},{"type":"Feature","geometry":{"type":"Point","coordinates":[10.9757,54.7926]},"properties":{"nametext":"ALBUEN","bathingwat":"DKBW75"}},{"type":"Feature","geometry":{"type":"Point","coordinates":[10.4679,56.1801]},"properties":{"nametext":"BEGTRUPVIG VEST","bathingwat":"DKBW754"}},{"type":"Feature","geometry":{"type":"Point","coordinates":[9.6432,55.322]},"properties":{"nametext":"KNUD STRAND","bathingwat":"DKBW764"}},{"type":"Feature","geometry":{"type":"Point","coordinates":[10.4794,56.2107]},"properties":{"nametext":"KNEBEL","bathingwat":"DKBW774"}},{"type":"Feature","geometry":{"type":"Point","coordinates":[9.6173,55.3744]},"properties":{"nametext":"TRAPPENDAL","bathingwat":"DKBW788"}},{"type":"Feature","geometry":{"type":"Point","coordinates":[10.9508,56.4548]},"properties":{"nametext":"LILLE SANDVIG","bathingwat":"DKBW795"}},{"type":"Feature","geometry":{"type":"Point","coordinates":[12.6732,55.6035]},"properties":{"nametext":"DRAGØR NORDSTRAND","bathingwat":"DKBW8"}},{"type":"Feature","geometry":{"type":"Point","coordinates":[9.5933,55.4179]},"properties":{"nametext":"GRØNNINGHOVED STRAND NORD","bathingwat":"DKBW814"}},{"type":"Feature","geometry":{"type":"Point","coordinates":[10.5493,56.5135]},"properties":{"nametext":"VED FDM CAMPING","bathingwat":"DKBW823"}},{"type":"Feature","geometry":{"type":"Point","coordinates":[9.4763,55.1316]},"properties":{"nametext":"SØNDERBALLE STRAND","bathingwat":"DKBW830"}},{"type":"Feature","geometry":{"type":"Point","coordinates":[10.582,56.5173]},"properties":{"nametext":"150 M. V. FOR MØLLEBÆK","bathingwat":"DKBW831"}},{"type":"Feature","geometry":{"type":"Point","coordinates":[9.2424,56.9671]},"properties":{"nametext":"LØGSTØR FRILUFTSBAD","bathingwat":"DKBW839"}},{"type":"Feature","geometry":{"type":"Point","coordinates":[11.6798,54.8898]},"properties":{"nametext":"VIGSNÆS, HAVMOSEVEJ","bathingwat":"DKBW84"}},{"type":"Feature","geometry":{"type":"Point","coordinates":[9.5161,55.1613]},"properties":{"nametext":"VILSTRUP STRAND, \"HELSEHJEMMET\"","bathingwat":"DKBW854"}},{"type":"Feature","geometry":{"type":"Point","coordinates":[9.6581,55.1836]},"properties":{"nametext":"HALK CAMPING","bathingwat":"DKBW859"}},{"type":"Feature","geometry":{"type":"Point","coordinates":[12.3801,55.254]},"properties":{"nametext":"RØDVIG ØST","bathingwat":"DKBW87"}},{"type":"Feature","geometry":{"type":"Point","coordinates":[9.6526,55.3045]},"properties":{"nametext":"ØRBY STRAND","bathingwat":"DKBW870"}},{"type":"Feature","geometry":{"type":"Point","coordinates":[9.7546,55.2486]},"properties":{"nametext":"ÅRØ SYDSTRAND","bathingwat":"DKBW872"}},{"type":"Feature","geometry":{"type":"Point","coordinates":[9.6093,55.0318]},"properties":{"nametext":"NALDTANG","bathingwat":"DKBW893"}},{"type":"Feature","geometry":{"type":"Point","coordinates":[9.8262,55.0572]},"properties":{"nametext":"HAVNBJERG STRAND","bathingwat":"DKBW895"}},{"type":"Feature","geometry":{"type":"Point","coordinates":[9.7948,55.0729]},"properties":{"nametext":"LAVENSBY STRAND","bathingwat":"DKBW896"}},{"type":"Feature","geometry":{"type":"Point","coordinates":[9.4894,57.0153]},"properties":{"nametext":"STAVN","bathingwat":"DKBW897"}},{"type":"Feature","geometry":{"type":"Point","coordinates":[9.7275,55.0805]},"properties":{"nametext":"KØBINGSMARK STRAND","bathingwat":"DKBW900"}},{"type":"Feature","geometry":{"type":"Point","coordinates":[10.6065,56.52]},"properties":{"nametext":"UD FOR TANGBÆKKEN","bathingwat":"DKBW904"}},{"type":"Feature","geometry":{"type":"Point","coordinates":[12.0253,54.8933]},"properties":{"nametext":"STUBBEKØBING CAMPING","bathingwat":"DKBW92"}},{"type":"Feature","geometry":{"type":"Point","coordinates":[9.8467,56.4752]},"properties":{"nametext":"FUSSING SØ","bathingwat":"DKBW922"}},{"type":"Feature","geometry":{"type":"Point","coordinates":[10.51,56.513]},"properties":{"nametext":"RYGÅRDE STRAND","bathingwat":"DKBW938"}},{"type":"Feature","geometry":{"type":"Point","coordinates":[10.6392,55.8147]},"properties":{"nametext":"BALLEN STRANDGÅRD, SYD FOR HAVN","bathingwat":"DKBW970"}},{"type":"Feature","geometry":{"type":"Point","coordinates":[9.8724,56.8032]},"properties":{"nametext":"STORE ØKSSØ","bathingwat":"DKBW980"}},{"type":"Feature","geometry":{"type":"Point","coordinates":[9.7501,56.9029]},"properties":{"nametext":"HORNUM  SØ","bathingwat":"DKBW981"}},{"type":"Feature","geometry":{"type":"Point","coordinates":[11.9617,54.6459]},"properties":{"nametext":"BØTØ V. P-PLADS","bathingwat":"DKBW99"}},{"type":"Feature","geometry":{"type":"Point","coordinates":[9.5761,56.3345]},"properties":{"nametext":"TANGE SØ","bathingwat":"DKBW1601"}},{"type":"Feature","geometry":{"type":"Point","coordinates":[10.4064,55.5921]},"properties":{"nametext":"FUGLSANG","bathingwat":"DKBW1602"}},{"type":"Feature","geometry":{"type":"Point","coordinates":[9.879,55.8604]},"properties":{"nametext":"LANGELINIE","bathingwat":"DKBW1642"}},{"type":"Feature","geometry":{"type":"Point","coordinates":[8.7219,56.482]},"properties":{"nametext":"HANDBJERG MARINA","bathingwat":"DKBW1669"}},{"type":"Feature","geometry":{"type":"Point","coordinates":[8.1297,56.232]},"properties":{"nametext":"HUSBY KLIT (ODBJERG STRAND)","bathingwat":"DKBW168"}},{"type":"Feature","geometry":{"type":"Point","coordinates":[12.3141,55.9242]},"properties":{"nametext":"TEGLGÅRDSSØEN VED CARLSBERGVEJ","bathingwat":"DKBW1798"}},{"type":"Feature","geometry":{"type":"Point","coordinates":[8.1869,55.8681]},"properties":{"nametext":"BJERREGÅRD (RINGKØBING FJORD SYDVEST)","bathingwat":"DKBW181"}},{"type":"Feature","geometry":{"type":"Point","coordinates":[8.2019,56.3223]},"properties":{"nametext":"NØRHEDE BÅDPLADS","bathingwat":"DKBW186"}},{"type":"Feature","geometry":{"type":"Point","coordinates":[8.6149,56.4823]},"properties":{"nametext":"ØSTRE STRAND","bathingwat":"DKBW187"}},{"type":"Feature","geometry":{"type":"Point","coordinates":[8.6031,56.5179]},"properties":{"nametext":"KLEPPEN","bathingwat":"DKBW189"}},{"type":"Feature","geometry":{"type":"Point","coordinates":[10.7969,55.3055]},"properties":{"nametext":"SØLYST BYPARK","bathingwat":"DKBW1897"}},{"type":"Feature","geometry":{"type":"Point","coordinates":[12.525,55.6372]},"properties":{"nametext":"STRANDEN VED VALBYPARKEN","bathingwat":"DKBW1904"}},{"type":"Feature","geometry":{"type":"Point","coordinates":[8.4144,55.4825]},"properties":{"nametext":"ESBJERG STRAND - SYDLIGE BRO","bathingwat":"DKBW1909"}},{"type":"Feature","geometry":{"type":"Point","coordinates":[8.4133,55.4842]},"properties":{"nametext":"ESBJERG STRAND - NORDLIGE BRO","bathingwat":"DKBW1910"}},{"type":"Feature","geometry":{"type":"Point","coordinates":[12.5035,55.6255]},"properties":{"nametext":"HVIDOVRE HAVN","bathingwat":"DKBW1913"}},{"type":"Feature","geometry":{"type":"Point","coordinates":[10.059,55.8788]},"properties":{"nametext":"SONDRUP STRAND","bathingwat":"DKBW1917"}},{"type":"Feature","geometry":{"type":"Point","coordinates":[10.118,55.8702]},"properties":{"nametext":"ALROE DAEMNINGEN","bathingwat":"DKBW1918"}},{"type":"Feature","geometry":{"type":"Point","coordinates":[8.5745,56.5475]},"properties":{"nametext":"BREDALGÅRDE","bathingwat":"DKBW216"}},{"type":"Feature","geometry":{"type":"Point","coordinates":[8.6125,56.5513]},"properties":{"nametext":"VENØ VEST","bathingwat":"DKBW217"}},{"type":"Feature","geometry":{"type":"Point","coordinates":[8.5939,56.6366]},"properties":{"nametext":"TAMBOHUSE VED BRO","bathingwat":"DKBW222"}},{"type":"Feature","geometry":{"type":"Point","coordinates":[12.1224,55.0623]},"properties":{"nametext":"SANDVIG","bathingwat":"DKBW23"}},{"type":"Feature","geometry":{"type":"Point","coordinates":[9.4881,56.2576]},"properties":{"nametext":"HINGE SØ","bathingwat":"DKBW234"}},{"type":"Feature","geometry":{"type":"Point","coordinates":[8.6151,56.7919]},"properties":{"nametext":"TÆBRING","bathingwat":"DKBW253"}},{"type":"Feature","geometry":{"type":"Point","coordinates":[9.2946,56.6109]},"properties":{"nametext":"VIRKSUND","bathingwat":"DKBW266"}},{"type":"Feature","geometry":{"type":"Point","coordinates":[9.1508,56.6385]},"properties":{"nametext":"LUNDØ ØST","bathingwat":"DKBW267"}},{"type":"Feature","geometry":{"type":"Point","coordinates":[8.3951,56.6715]},"properties":{"nametext":"HELLIGSØ DRAG","bathingwat":"DKBW289"}},{"type":"Feature","geometry":{"type":"Point","coordinates":[8.2889,56.8788]},"properties":{"nametext":"LYNGBY","bathingwat":"DKBW293"}},{"type":"Feature","geometry":{"type":"Point","coordinates":[9.0133,57.0223]},"properties":{"nametext":"KÅGLANDING","bathingwat":"DKBW308"}},{"type":"Feature","geometry":{"type":"Point","coordinates":[12.4429,55.7864]},"properties":{"nametext":"FREDERIKSDAL FRIBAD","bathingwat":"DKBW32"}},{"type":"Feature","geometry":{"type":"Point","coordinates":[9.4185,56.4535]},"properties":{"nametext":"VIBORG NØRRESØ, SCT. IBSGADE / PILEHAVEN","bathingwat":"DKBW323"}},{"type":"Feature","geometry":{"type":"Point","coordinates":[14.7047,55.0844]},"properties":{"nametext":"RØNNE 500 M SYD","bathingwat":"DKBW352"}},{"type":"Feature","geometry":{"type":"Point","coordinates":[12.21,55.8293]},"properties":{"nametext":"BURESØ, BADEPLADS VEST","bathingwat":"DKBW362"}},{"type":"Feature","geometry":{"type":"Point","coordinates":[11.9964,56.0267]},"properties":{"nametext":"LILLE KULGAB","bathingwat":"DKBW378"}},{"type":"Feature","geometry":{"type":"Point","coordinates":[12.3867,55.6029]},"properties":{"nametext":"ISHØJ STRAND, UD FOR JÆGER SØ","bathingwat":"DKBW39"}},{"type":"Feature","geometry":{"type":"Point","coordinates":[12.5626,55.994]},"properties":{"nametext":"NORD FOR ESPERGÆRDE HAVN","bathingwat":"DKBW408"}},{"type":"Feature","geometry":{"type":"Point","coordinates":[12.1531,54.8814]},"properties":{"nametext":"HÅRBØLLE PYNT, CAMPING","bathingwat":"DKBW41"}},{"type":"Feature","geometry":{"type":"Point","coordinates":[12.5501,55.9785]},"properties":{"nametext":"OFFENTLIG STRAND VED LOKALTEATRET","bathingwat":"DKBW412"}},{"type":"Feature","geometry":{"type":"Point","coordinates":[12.0593,55.7751]},"properties":{"nametext":"HYLLINGERIIS","bathingwat":"DKBW436"}},{"type":"Feature","geometry":{"type":"Point","coordinates":[10.1589,55.1381]},"properties":{"nametext":"FALSLED VED MØLLEBÆK","bathingwat":"DKBW473"}},{"type":"Feature","geometry":{"type":"Point","coordinates":[10.1044,55.107]},"properties":{"nametext":"BØJDEN","bathingwat":"DKBW475"}},{"type":"Feature","geometry":{"type":"Point","coordinates":[10.363,55.0554]},"properties":{"nametext":"DYBSKROG","bathingwat":"DKBW488"}},{"type":"Feature","geometry":{"type":"Point","coordinates":[9.9863,55.2056]},"properties":{"nametext":"FEDDET","bathingwat":"DKBW503"}},{"type":"Feature","geometry":{"type":"Point","coordinates":[10.6273,55.611]},"properties":{"nametext":"FYNSHOVED CAMPING","bathingwat":"DKBW513"}},{"type":"Feature","geometry":{"type":"Point","coordinates":[9.9226,55.5094]},"properties":{"nametext":"BÅRING EGE","bathingwat":"DKBW561"}},{"type":"Feature","geometry":{"type":"Point","coordinates":[9.8214,55.4399]},"properties":{"nametext":"RONÆS STRAND","bathingwat":"DKBW566"}},{"type":"Feature","geometry":{"type":"Point","coordinates":[10.6312,55.0552]},"properties":{"nametext":"VINDEBYØRE","bathingwat":"DKBW582"}},{"type":"Feature","geometry":{"type":"Point","coordinates":[10.7628,54.7987]},"properties":{"nametext":"BUKKEMOSE S","bathingwat":"DKBW600"}},{"type":"Feature","geometry":{"type":"Point","coordinates":[10.7568,54.7903]},"properties":{"nametext":"TANGRENDEN N","bathingwat":"DKBW601"}},{"type":"Feature","geometry":{"type":"Point","coordinates":[10.6756,54.753]},"properties":{"nametext":"BAGENKOP SOMMERLAND","bathingwat":"DKBW603"}},{"type":"Feature","geometry":{"type":"Point","coordinates":[10.9555,55.1556]},"properties":{"nametext":"HOBORG","bathingwat":"DKBW617"}},{"type":"Feature","geometry":{"type":"Point","coordinates":[10.9071,55.1419]},"properties":{"nametext":"LOHALS STRAND 50 M S","bathingwat":"DKBW619"}},{"type":"Feature","geometry":{"type":"Point","coordinates":[10.73,55.4077]},"properties":{"nametext":"DINESTRUP STRAND","bathingwat":"DKBW627"}},{"type":"Feature","geometry":{"type":"Point","coordinates":[9.8668,56.6487]},"properties":{"nametext":"BRAMSLEV BAKKER","bathingwat":"DKBW638"}},{"type":"Feature","geometry":{"type":"Point","coordinates":[9.3306,57.1549]},"properties":{"nametext":"SVINKLØV STRAND","bathingwat":"DKBW682"}},{"type":"Feature","geometry":{"type":"Point","coordinates":[10.5382,57.4672]},"properties":{"nametext":"FR.HAVN, RØNNERNE - NORD FOR RØNNERHAVNEN","bathingwat":"DKBW684"}},{"type":"Feature","geometry":{"type":"Point","coordinates":[11.504,55.8546]},"properties":{"nametext":"HØVE OFFENTLIGE STRAND","bathingwat":"DKBW1110"}},{"type":"Feature","geometry":{"type":"Point","coordinates":[9.4232,55.0301]},"properties":{"nametext":"SØNDERSTRAND SYD","bathingwat":"DKBW1117"}},{"type":"Feature","geometry":{"type":"Point","coordinates":[11.6319,55.7896]},"properties":{"nametext":"STRANDLYVEJ","bathingwat":"DKBW1122"}},{"type":"Feature","geometry":{"type":"Point","coordinates":[11.106,55.5345]},"properties":{"nametext":"REERSØ NORDSTRAND","bathingwat":"DKBW1128"}},{"type":"Feature","geometry":{"type":"Point","coordinates":[11.151,55.5791]},"properties":{"nametext":"URHØJGÅRD CAMP. N.","bathingwat":"DKBW1132"}},{"type":"Feature","geometry":{"type":"Point","coordinates":[11.0332,55.6946]},"properties":{"nametext":"KYSTHOSPITALETS    BADEBRO","bathingwat":"DKBW1153"}},{"type":"Feature","geometry":{"type":"Point","coordinates":[11.0604,55.7332]},"properties":{"nametext":"VOLLERUP BADEBRO","bathingwat":"DKBW1155"}},{"type":"Feature","geometry":{"type":"Point","coordinates":[10.9166,55.727]},"properties":{"nametext":"HELLES KLINT","bathingwat":"DKBW1160"}},{"type":"Feature","geometry":{"type":"Point","coordinates":[11.8404,55.708]},"properties":{"nametext":"KYNDELØSE SYDMARK, STRANDVEJEN","bathingwat":"DKBW117"}},{"type":"Feature","geometry":{"type":"Point","coordinates":[11.6837,55.9465]},"properties":{"nametext":"SKÆRBYVEJ","bathingwat":"DKBW1176"}},{"type":"Feature","geometry":{"type":"Point","coordinates":[11.8896,55.5649]},"properties":{"nametext":"AVNSØ","bathingwat":"DKBW119"}},{"type":"Feature","geometry":{"type":"Point","coordinates":[11.5247,55.907]},"properties":{"nametext":"GUDMINDRUP LYNG","bathingwat":"DKBW1199"}},{"type":"Feature","geometry":{"type":"Point","coordinates":[11.5313,55.9521]},"properties":{"nametext":"SONNERUP SKOV","bathingwat":"DKBW1203"}},{"type":"Feature","geometry":{"type":"Point","coordinates":[8.9883,56.0839]},"properties":{"nametext":"SKÆRBÆK SØ","bathingwat":"DKBW1251"}},{"type":"Feature","geometry":{"type":"Point","coordinates":[12.2324,55.8194]},"properties":{"nametext":"BURESØBADET","bathingwat":"DKBW1258"}},{"type":"Feature","geometry":{"type":"Point","coordinates":[9.7466,55.6366]},"properties":{"nametext":"FLADSTRAND, VED HØLL","bathingwat":"DKBW1262"}},{"type":"Feature","geometry":{"type":"Point","coordinates":[12.3059,55.5779]},"properties":{"nametext":"GRANHAUGEN","bathingwat":"DKBW128"}},{"type":"Feature","geometry":{"type":"Point","coordinates":[9.7297,55.5437]},"properties":{"nametext":"ERRITSØHUS","bathingwat":"DKBW1285"}},{"type":"Feature","geometry":{"type":"Point","coordinates":[12.2749,55.5626]},"properties":{"nametext":"MOSEDE FORT","bathingwat":"DKBW129"}},{"type":"Feature","geometry":{"type":"Point","coordinates":[12.1413,55.1952]},"properties":{"nametext":"DELHOVEDVEJ","bathingwat":"DKBW13"}},{"type":"Feature","geometry":{"type":"Point","coordinates":[8.2746,55.8467]},"properties":{"nametext":"BORK HAVN SURFERSTRAND","bathingwat":"DKBW1351"}},{"type":"Feature","geometry":{"type":"Point","coordinates":[9.4153,55.7378]},"properties":{"nametext":"FÅRUP SØ, BADEBROEN","bathingwat":"DKBW1365"}},{"type":"Feature","geometry":{"type":"Point","coordinates":[10.3283,55.7758]},"properties":{"nametext":"ENDELAVE, ØVRE (SYD)","bathingwat":"DKBW1372"}},{"type":"Feature","geometry":{"type":"Point","coordinates":[9.9997,55.7193]},"properties":{"nametext":"SANDBJERG VIG","bathingwat":"DKBW1382"}},{"type":"Feature","geometry":{"type":"Point","coordinates":[10.1,55.8229]},"properties":{"nametext":"HJARNØ, VED HOUGÅRD","bathingwat":"DKBW1394"}},{"type":"Feature","geometry":{"type":"Point","coordinates":[9.7791,55.6808]},"properties":{"nametext":"FAKKEGRAV","bathingwat":"DKBW1397"}},{"type":"Feature","geometry":{"type":"Point","coordinates":[10.9582,55.7283]},"properties":{"nametext":"ULSTRUP SDR.STRAND","bathingwat":"DKBW1417"}},{"type":"Feature","geometry":{"type":"Point","coordinates":[11.9869,55.6783]},"properties":{"nametext":"HERSLEV STRAND","bathingwat":"DKBW142"}},{"type":"Feature","geometry":{"type":"Point","coordinates":[9.5845,55.5041]},"properties":{"nametext":"ELVIG HØJ","bathingwat":"DKBW1434"}},{"type":"Feature","geometry":{"type":"Point","coordinates":[14.8425,55.2478]},"properties":{"nametext":"FALKEBROEN","bathingwat":"DKBW1451"}},{"type":"Feature","geometry":{"type":"Point","coordinates":[9.5035,55.1135]},"properties":{"nametext":"LØJT FERIECENTER","bathingwat":"DKBW1459"}},{"type":"Feature","geometry":{"type":"Point","coordinates":[12.5657,55.8551]},"properties":{"nametext":"ØRESUND, VEDBÆK NORDSTRAND","bathingwat":"DKBW1463"}},{"type":"Feature","geometry":{"type":"Point","coordinates":[11.131,55.3657]},"properties":{"nametext":"MUSHOLM STRAND","bathingwat":"DKBW1466"}},{"type":"Feature","geometry":{"type":"Point","coordinates":[11.1013,55.348]},"properties":{"nametext":"REVKROGEN HALSKOV REV","bathingwat":"DKBW1467"}},{"type":"Feature","geometry":{"type":"Point","coordinates":[11.1331,55.8814]},"properties":{"nametext":"BAG VED HAVN, SEJERØ","bathingwat":"DKBW1492"}},{"type":"Feature","geometry":{"type":"Point","coordinates":[9.0014,56.1271]},"properties":{"nametext":"BADESØ VED HERNINGVÆRKET","bathingwat":"DKBW1506"}},{"type":"Feature","geometry":{"type":"Point","coordinates":[12.64,55.6579]},"properties":{"nametext":"AMAGER STRANDPARK, LAGUNEN","bathingwat":"DKBW1527"}},{"type":"Feature","geometry":{"type":"Point","coordinates":[10.074,56.6833]},"properties":{"nametext":"KONGSDAL","bathingwat":"DKBW1533"}},{"type":"Feature","geometry":{"type":"Point","coordinates":[9.8739,57.0615]},"properties":{"nametext":"EGHOLM KYST","bathingwat":"DKBW1551"}},{"type":"Feature","geometry":{"type":"Point","coordinates":[9.8518,56.0456]},"properties":{"nametext":"VÆDEBROVEJ 53","bathingwat":"DKBW1559"}},{"type":"Feature","geometry":{"type":"Point","coordinates":[10.5975,55.0471]},"properties":{"nametext":"ØREODDEN","bathingwat":"DKBW1568"}},{"type":"Feature","geometry":{"type":"Point","coordinates":[12.2541,55.416]},"properties":{"nametext":"STRØBY EGEDE, AHORNVEJ","bathingwat":"DKBW157"}},{"type":"Feature","geometry":{"type":"Point","coordinates":[12.6537,55.6404]},"properties":{"nametext":"SYD FOR KASTRUP LYSTBÅDEHAVN","bathingwat":"DKBW1598"}},{"type":"Feature","geometry":{"type":"Point","coordinates":[11.7484,55.903]},"properties":{"nametext":"NAKKEHAGE","bathingwat":"DKBW1605"}},{"type":"Feature","geometry":{"type":"Point","coordinates":[10.2438,55.0928]},"properties":{"nametext":"HAVNEBADET","bathingwat":"DKBW1617"}},{"type":"Feature","geometry":{"type":"Point","coordinates":[8.1145,56.3735]},"properties":{"nametext":"NORD FOR THORSMINDE","bathingwat":"DKBW162"}},{"type":"Feature","geometry":{"type":"Point","coordinates":[12.5746,55.6661]},"properties":{"nametext":"HALFDANSGADE BADEZONE","bathingwat":"DKBW1629"}},{"type":"Feature","geometry":{"type":"Point","coordinates":[11.6883,55.3522]},"properties":{"nametext":"GLUMSØ SØ","bathingwat":"DKBW1645"}},{"type":"Feature","geometry":{"type":"Point","coordinates":[12.6072,56.0253]},"properties":{"nametext":"TRYKKERDAMMEN","bathingwat":"DKBW1651"}},{"type":"Feature","geometry":{"type":"Point","coordinates":[12.6022,55.7636]},"properties":{"nametext":"SKOVSHOVED HAVBAD","bathingwat":"DKBW1652"}},{"type":"Feature","geometry":{"type":"Point","coordinates":[12.3545,55.5923]},"properties":{"nametext":"HUNDIGE HAVN","bathingwat":"DKBW1654"}},{"type":"Feature","geometry":{"type":"Point","coordinates":[12.6086,55.6902]},"properties":{"nametext":"SØNDRE REFSHALE BADEZONE","bathingwat":"DKBW1656"}},{"type":"Feature","geometry":{"type":"Point","coordinates":[9.534,56.1759]},"properties":{"nametext":"SØLYSTPARKEN","bathingwat":"DKBW1660"}},{"type":"Feature","geometry":{"type":"Point","coordinates":[8.1292,56.0213]},"properties":{"nametext":"HV.SANDE NORD","bathingwat":"DKBW173"}},{"type":"Feature","geometry":{"type":"Point","coordinates":[12.5995,55.7579]},"properties":{"nametext":"SKOVSHOVED SYD","bathingwat":"DKBW1891"}},{"type":"Feature","geometry":{"type":"Point","coordinates":[9.9423,57.048]},"properties":{"nametext":"ØSTRE HAVN","bathingwat":"DKBW1899"}},{"type":"Feature","geometry":{"type":"Point","coordinates":[12.6758,55.587]},"properties":{"nametext":"DRAGØR SØBAD, NORD","bathingwat":"DKBW10"}},{"type":"Feature","geometry":{"type":"Point","coordinates":[9.3972,56.8699]},"properties":{"nametext":"SJØRUP SØ","bathingwat":"DKBW1012"}},{"type":"Feature","geometry":{"type":"Point","coordinates":[9.5572,56.1284]},"properties":{"nametext":"THORSØBADET","bathingwat":"DKBW1019"}},{"type":"Feature","geometry":{"type":"Point","coordinates":[10.219,56.1248]},"properties":{"nametext":"VARNA","bathingwat":"DKBW1054"}},{"type":"Feature","geometry":{"type":"Point","coordinates":[10.2493,56.0885]},"properties":{"nametext":"MOESGÅRD STRAND","bathingwat":"DKBW1057"}},{"type":"Feature","geometry":{"type":"Point","coordinates":[10.269,56.0509]},"properties":{"nametext":"MARIENDAL STRAND","bathingwat":"DKBW1061"}},{"type":"Feature","geometry":{"type":"Point","coordinates":[9.5466,56.0113]},"properties":{"nametext":"KARL SØ, VINDBJERGVEJ","bathingwat":"DKBW1068"}},{"type":"Feature","geometry":{"type":"Point","coordinates":[11.8674,55.0057]},"properties":{"nametext":"ORE STRAND V. BADEANSTALT.","bathingwat":"DKBW108"}},{"type":"Feature","geometry":{"type":"Point","coordinates":[9.6013,55.9641]},"properties":{"nametext":"RING SØ, OPHOLDSAREAL","bathingwat":"DKBW1085"}},{"type":"Feature","geometry":{"type":"Point","coordinates":[9.6547,55.6909]},"properties":{"nametext":"ANDKÆR VIG","bathingwat":"DKBW1091"}},{"type":"Feature","geometry":{"type":"Point","coordinates":[11.0803,55.9198]},"properties":{"nametext":"GNIBEN,SEJERØ","bathingwat":"DKBW1098"}},{"type":"Feature","geometry":{"type":"Point","coordinates":[11.4418,55.8463]},"properties":{"nametext":"VEDDINGE STRAND","bathingwat":"DKBW1107"}},{"type":"Feature","geometry":{"type":"Point","coordinates":[11.9502,54.9976]},"properties":{"nametext":"NYRÅD FLORKE","bathingwat":"DKBW113"}},{"type":"Feature","geometry":{"type":"Point","coordinates":[9.7305,55.6615]},"properties":{"nametext":"MØRKHOLT HAGE, TULIP CAMPINGPLADS","bathingwat":"DKBW1139"}},{"type":"Feature","geometry":{"type":"Point","coordinates":[11.0837,55.6324]},"properties":{"nametext":"ÅRBY BADEBRO","bathingwat":"DKBW1147"}},{"type":"Feature","geometry":{"type":"Point","coordinates":[11.1467,55.367]},"properties":{"nametext":"STIBJERG HUSE STR.","bathingwat":"DKBW1166"}},{"type":"Feature","geometry":{"type":"Point","coordinates":[11.1381,55.3239]},"properties":{"nametext":"QUISTGAARDSVEJ STR.","bathingwat":"DKBW1171"}},{"type":"Feature","geometry":{"type":"Point","coordinates":[9.4976,55.1187]},"properties":{"nametext":"SANDSKÆR","bathingwat":"DKBW1181"}},{"type":"Feature","geometry":{"type":"Point","coordinates":[10.5774,55.9509]},"properties":{"nametext":"MÅRUP ØSTERSTRAND V. SOMMERHUSOMRÅDE","bathingwat":"DKBW1265"}},{"type":"Feature","geometry":{"type":"Point","coordinates":[8.1757,55.768]},"properties":{"nametext":"HOUSTRUP STRAND","bathingwat":"DKBW1294"}},{"type":"Feature","geometry":{"type":"Point","coordinates":[8.1617,55.7175]},"properties":{"nametext":"HENNE MØLLEÅ STRAND","bathingwat":"DKBW1295"}},{"type":"Feature","geometry":{"type":"Point","coordinates":[8.1182,55.5465]},"properties":{"nametext":"BLÅVAND STRAND VED HØFDE 1","bathingwat":"DKBW1297"}},{"type":"Feature","geometry":{"type":"Point","coordinates":[8.1328,55.542]},"properties":{"nametext":"HVIDBJERG STRAND, VED CAMPINGPLADS","bathingwat":"DKBW1298"}},{"type":"Feature","geometry":{"type":"Point","coordinates":[8.8404,56.9385]},"properties":{"nametext":"SKRANDERUP","bathingwat":"DKBW1324"}},{"type":"Feature","geometry":{"type":"Point","coordinates":[9.0524,56.5778]},"properties":{"nametext":"STRANDTANGEN","bathingwat":"DKBW1337"}},{"type":"Feature","geometry":{"type":"Point","coordinates":[9.1158,56.3256]},"properties":{"nametext":"HESSELLUND SØCAMPING","bathingwat":"DKBW1353"}},{"type":"Feature","geometry":{"type":"Point","coordinates":[8.8596,55.8929]},"properties":{"nametext":"STAKROGE BADESØ","bathingwat":"DKBW1362"}},{"type":"Feature","geometry":{"type":"Point","coordinates":[10.2716,55.7624]},"properties":{"nametext":"ENDELAVE HAVNEMOLE 2015","bathingwat":"DKBW1370"}},{"type":"Feature","geometry":{"type":"Point","coordinates":[10.0202,55.7138]},"properties":{"nametext":"JUELSMINDE STORSTRAND","bathingwat":"DKBW1379"}},{"type":"Feature","geometry":{"type":"Point","coordinates":[12.2085,55.4919]},"properties":{"nametext":"ØLSEMAGLE REVLE NORD","bathingwat":"DKBW138"}},{"type":"Feature","geometry":{"type":"Point","coordinates":[12.0857,55.7687]},"properties":{"nametext":"NORDMARKEN, JYLLINGE STRANDBY","bathingwat":"DKBW1380"}},{"type":"Feature","geometry":{"type":"Point","coordinates":[10.0537,55.8209]},"properties":{"nametext":"SNAPTUN - SYDSTRAND","bathingwat":"DKBW1391"}},{"type":"Feature","geometry":{"type":"Point","coordinates":[9.7579,55.6802]},"properties":{"nametext":"STOUBY","bathingwat":"DKBW1396"}},{"type":"Feature","geometry":{"type":"Point","coordinates":[11.6279,54.8526]},"properties":{"nametext":"TÅRS SKOVBY","bathingwat":"DKBW1412"}},{"type":"Feature","geometry":{"type":"Point","coordinates":[9.5424,55.4958]},"properties":{"nametext":"LYSHØJ ALLE","bathingwat":"DKBW1427"}},{"type":"Feature","geometry":{"type":"Point","coordinates":[11.5138,54.9735]},"properties":{"nametext":"FEMØ HAVN","bathingwat":"DKBW1433"}},{"type":"Feature","geometry":{"type":"Point","coordinates":[9.6237,55.4988]},"properties":{"nametext":"LØVERODDE","bathingwat":"DKBW1436"}},{"type":"Feature","geometry":{"type":"Point","coordinates":[9.709,57.3743]},"properties":{"nametext":"NORDRE STRANDVEJ, UD FOR NEDKØRSEL","bathingwat":"DKBW1471"}},{"type":"Feature","geometry":{"type":"Point","coordinates":[8.135,56.29]},"properties":{"nametext":"SØ VED VESTER HUSBY V/ GRÆM STRAND","bathingwat":"DKBW1499"}},{"type":"Feature","geometry":{"type":"Point","coordinates":[10.8957,55.0008]},"properties":{"nametext":"ØSTRIG","bathingwat":"DKBW1503"}},{"type":"Feature","geometry":{"type":"Point","coordinates":[12.2792,54.9838]},"properties":{"nametext":"LANGELINIE","bathingwat":"DKBW1514"}},{"type":"Feature","geometry":{"type":"Point","coordinates":[12.5639,55.6627]},"properties":{"nametext":"FISKETORVET HAVNEBAD","bathingwat":"DKBW1528"}},{"type":"Feature","geometry":{"type":"Point","coordinates":[12.2378,55.4198]},"properties":{"nametext":"STRANDPARKSVEJ","bathingwat":"DKBW153"}},{"type":"Feature","geometry":{"type":"Point","coordinates":[11.9185,55.9984]},"properties":{"nametext":"HALD STRAND, KLINTEVEJ","bathingwat":"DKBW1556"}},{"type":"Feature","geometry":{"type":"Point","coordinates":[11.1786,55.3053]},"properties":{"nametext":"SKOVSTRANDEN","bathingwat":"DKBW1575"}},{"type":"Feature","geometry":{"type":"Point","coordinates":[12.5451,55.9693]},"properties":{"nametext":"SYD FOR HUMLEBÆK HAVN","bathingwat":"DKBW1585"}},{"type":"Feature","geometry":{"type":"Point","coordinates":[8.3413,55.532]},"properties":{"nametext":"HJERTING STRANDPARK","bathingwat":"DKBW1591"}},{"type":"Feature","geometry":{"type":"Point","coordinates":[12.617,56.0415]},"properties":{"nametext":"KRONBORGBUGTEN","bathingwat":"DKBW1603"}},{"type":"Feature","geometry":{"type":"Point","coordinates":[10.2423,54.936]},"properties":{"nametext":"VITSØ","bathingwat":"DKBW1620"}},{"type":"Feature","geometry":{"type":"Point","coordinates":[8.119,55.9971]},"properties":{"nametext":"VESTERHAVET, HVIDE SANDE","bathingwat":"DKBW164"}},{"type":"Feature","geometry":{"type":"Point","coordinates":[10.2929,56.7803]},"properties":{"nametext":"HASLEVGAARDE STRAND","bathingwat":"DKBW703"}},{"type":"Feature","geometry":{"type":"Point","coordinates":[10.3772,57.053]},"properties":{"nametext":"SYD FOR HOU HAVN","bathingwat":"DKBW729"}},{"type":"Feature","geometry":{"type":"Point","coordinates":[10.1804,57.5983]},"properties":{"nametext":"TVERSTED STRAND, UD FOR NEDKØRSEL","bathingwat":"DKBW737"}},{"type":"Feature","geometry":{"type":"Point","coordinates":[9.6137,55.3703]},"properties":{"nametext":"MINDEGÅRDEN HEJLSMINDE","bathingwat":"DKBW771"}},{"type":"Feature","geometry":{"type":"Point","coordinates":[10.9152,56.3789]},"properties":{"nametext":"RAMSKOVGÅRD","bathingwat":"DKBW796"}},{"type":"Feature","geometry":{"type":"Point","coordinates":[9.9681,56.6557]},"properties":{"nametext":"FÆRGEHAGEN, MARIAGER","bathingwat":"DKBW799"}},{"type":"Feature","geometry":{"type":"Point","coordinates":[9.5753,54.8999]},"properties":{"nametext":"RINKENÆS","bathingwat":"DKBW827"}},{"type":"Feature","geometry":{"type":"Point","coordinates":[9.7189,55.2514]},"properties":{"nametext":"ÅRØSUND, GAMMELBRO CAMPING","bathingwat":"DKBW864"}},{"type":"Feature","geometry":{"type":"Point","coordinates":[9.7427,57.4114]},"properties":{"nametext":"NR. LYNGBY STRAND","bathingwat":"DKBW884"}},{"type":"Feature","geometry":{"type":"Point","coordinates":[10.4265,57.5871]},"properties":{"nametext":"500M SYD FOR AALBÆK","bathingwat":"DKBW914"}},{"type":"Feature","geometry":{"type":"Point","coordinates":[9.7281,55.0089]},"properties":{"nametext":"LUSIG STRAND","bathingwat":"DKBW927"}},{"type":"Feature","geometry":{"type":"Point","coordinates":[10.3894,56.2922]},"properties":{"nametext":"100 M. N. FOR GL. LØGTEN STRANDKRO","bathingwat":"DKBW933"}},{"type":"Feature","geometry":{"type":"Point","coordinates":[9.7626,56.0993]},"properties":{"nametext":"SDR. EGE","bathingwat":"DKBW940"}},{"type":"Feature","geometry":{"type":"Point","coordinates":[9.7829,56.1044]},"properties":{"nametext":"KNUDHULE","bathingwat":"DKBW941"}},{"type":"Feature","geometry":{"type":"Point","coordinates":[9.7618,56.077]},"properties":{"nametext":"HOLMENS CAMPING","bathingwat":"DKBW948"}},{"type":"Feature","geometry":{"type":"Point","coordinates":[8.4968,55.0631]},"properties":{"nametext":"SØNDERSTRAND","bathingwat":"DKBW954"}},{"type":"Feature","geometry":{"type":"Point","coordinates":[11.9213,54.5905]},"properties":{"nametext":"GEDSER NORD, SOLVEJ","bathingwat":"DKBW101"}},{"type":"Feature","geometry":{"type":"Point","coordinates":[9.4447,56.8816]},"properties":{"nametext":"NAVNSØ","bathingwat":"DKBW1014"}},{"type":"Feature","geometry":{"type":"Point","coordinates":[9.5431,56.152]},"properties":{"nametext":"VESTRE SØBAD","bathingwat":"DKBW1017"}},{"type":"Feature","geometry":{"type":"Point","coordinates":[11.9705,54.5982]},"properties":{"nametext":"GEDESBY STRAND","bathingwat":"DKBW103"}},{"type":"Feature","geometry":{"type":"Point","coordinates":[9.5419,56.0406]},"properties":{"nametext":"HUNDSØ","bathingwat":"DKBW1035"}},{"type":"Feature","geometry":{"type":"Point","coordinates":[10.2663,56.0287]},"properties":{"nametext":"NORSMINDE STRAND","bathingwat":"DKBW1063"}},{"type":"Feature","geometry":{"type":"Point","coordinates":[12.4332,55.8155]},"properties":{"nametext":"FURESØEN, PLANTAGEVEJ VED BIRKERØD SEJLKLUB","bathingwat":"DKBW1080"}},{"type":"Feature","geometry":{"type":"Point","coordinates":[10.2575,55.9256]},"properties":{"nametext":"HOU CAMPING","bathingwat":"DKBW1093"}},{"type":"Feature","geometry":{"type":"Point","coordinates":[11.395,55.8311]},"properties":{"nametext":"ORDRUP STRAND","bathingwat":"DKBW1106"}},{"type":"Feature","geometry":{"type":"Point","coordinates":[9.746,55.6393]},"properties":{"nametext":"HVIDBJERG, VED BJERGET","bathingwat":"DKBW1121"}},{"type":"Feature","geometry":{"type":"Point","coordinates":[11.6141,55.7851]},"properties":{"nametext":"PLEJERUP HUSE","bathingwat":"DKBW1123"}},{"type":"Feature","geometry":{"type":"Point","coordinates":[11.1886,55.4635]},"properties":{"nametext":"DRØSSELBJERG STR.","bathingwat":"DKBW1125"}},{"type":"Feature","geometry":{"type":"Point","coordinates":[11.1396,55.5998]},"properties":{"nametext":"SVALLERUP/BJ.N.STR.","bathingwat":"DKBW1133"}},{"type":"Feature","geometry":{"type":"Point","coordinates":[11.7936,55.7887]},"properties":{"nametext":"ORØ NØRRESTÆNGE","bathingwat":"DKBW1135"}},{"type":"Feature","geometry":{"type":"Point","coordinates":[11.0904,55.6304]},"properties":{"nametext":"ÅRBYHUS BADEBRO","bathingwat":"DKBW1146"}},{"type":"Feature","geometry":{"type":"Point","coordinates":[11.0606,55.6825]},"properties":{"nametext":"KYSTBAKKEN","bathingwat":"DKBW1150"}},{"type":"Feature","geometry":{"type":"Point","coordinates":[11.2019,55.3827]},"properties":{"nametext":"FRØLUNDE FED STR.","bathingwat":"DKBW1164"}},{"type":"Feature","geometry":{"type":"Point","coordinates":[11.6612,55.9418]},"properties":{"nametext":"NORDSTRANDSVEJ     V/P-PLADSEN","bathingwat":"DKBW1177"}},{"type":"Feature","geometry":{"type":"Point","coordinates":[11.785,55.9536]},"properties":{"nametext":"SKANSE TVÆRVEJ    V/P-PLADSEN","bathingwat":"DKBW1178"}},{"type":"Feature","geometry":{"type":"Point","coordinates":[11.4509,55.1864]},"properties":{"nametext":"GLÆNØ STRAND","bathingwat":"DKBW1187"}},{"type":"Feature","geometry":{"type":"Point","coordinates":[11.4969,55.1987]},"properties":{"nametext":"BISSERUP STRAND","bathingwat":"DKBW1188"}},{"type":"Feature","geometry":{"type":"Point","coordinates":[11.2041,55.4423]},"properties":{"nametext":"STILLINGE STRAND","bathingwat":"DKBW1192"}},{"type":"Feature","geometry":{"type":"Point","coordinates":[11.5191,55.9299]},"properties":{"nametext":"LUMSÅS SDR. STRAND","bathingwat":"DKBW1208"}},{"type":"Feature","geometry":{"type":"Point","coordinates":[9.8483,56.1102]},"properties":{"nametext":"RAVNSØ SPEJDERCENTER","bathingwat":"DKBW1216"}},{"type":"Feature","geometry":{"type":"Point","coordinates":[8.1711,55.7442]},"properties":{"nametext":"HENNE STRAND","bathingwat":"DKBW1220"}},{"type":"Feature","geometry":{"type":"Point","coordinates":[8.0831,55.5544]},"properties":{"nametext":"BLÅVANDSHUK FYR VED P-PLADS","bathingwat":"DKBW1227"}},{"type":"Feature","geometry":{"type":"Point","coordinates":[8.2142,55.5162]},"properties":{"nametext":"SKALLINGEN VED HØJE KNOLDE STRAND","bathingwat":"DKBW1230"}},{"type":"Feature","geometry":{"type":"Point","coordinates":[8.3539,55.5222]},"properties":{"nametext":"GL. GULDAGERVEJ","bathingwat":"DKBW1241"}},{"type":"Feature","geometry":{"type":"Point","coordinates":[8.771,55.7278]},"properties":{"nametext":"KVIE SØ","bathingwat":"DKBW1248"}},{"type":"Feature","geometry":{"type":"Point","coordinates":[9.7718,55.5707]},"properties":{"nametext":"ØSTERSTRAND, LUNDINGSVEJ","bathingwat":"DKBW1263"}},{"type":"Feature","geometry":{"type":"Point","coordinates":[10.3952,56.2921]},"properties":{"nametext":"RODSKOV STRAND","bathingwat":"DKBW1320"}},{"type":"Feature","geometry":{"type":"Point","coordinates":[11.7003,55.9471]},"properties":{"nametext":"STRANDEN V. LYNGHUSVEJ","bathingwat":"DKBW1321"}},{"type":"Feature","geometry":{"type":"Point","coordinates":[12.1003,55.7498]},"properties":{"nametext":"KLINTEN, JYLLINGE.","bathingwat":"DKBW133"}},{"type":"Feature","geometry":{"type":"Point","coordinates":[8.1532,55.5377]},"properties":{"nametext":"HVIDBJERG STRAND VED GRØNNINGEN (~HØFDE 7 OG 8)","bathingwat":"DKBW1330"}},{"type":"Feature","geometry":{"type":"Point","coordinates":[11.1173,55.623]},"properties":{"nametext":"UGERLØSE STR. V. CAMPINGPLADSEN","bathingwat":"DKBW1416"}},{"type":"Feature","geometry":{"type":"Point","coordinates":[12.0729,55.6815]},"properties":{"nametext":"VEDDELEV","bathingwat":"DKBW145"}},{"type":"Feature","geometry":{"type":"Point","coordinates":[12.2491,55.5497]},"properties":{"nametext":"TRYLLESKOVEN","bathingwat":"DKBW146"}},{"type":"Feature","geometry":{"type":"Point","coordinates":[9.5772,56.1715]},"properties":{"nametext":"SILKEBORG SØCAMPING","bathingwat":"DKBW1462"}},{"type":"Feature","geometry":{"type":"Point","coordinates":[8.5793,57.0066]},"properties":{"nametext":"VANDET SOE OESTENDE","bathingwat":"DKBW1479"}},{"type":"Feature","geometry":{"type":"Point","coordinates":[9.1486,56.6512]},"properties":{"nametext":"JELSE ODDE","bathingwat":"DKBW1489"}},{"type":"Feature","geometry":{"type":"Point","coordinates":[10.4749,55.0411]},"properties":{"nametext":"BALLEN","bathingwat":"DKBW1502"}},{"type":"Feature","geometry":{"type":"Point","coordinates":[10.2992,56.22]},"properties":{"nametext":"TÅLFOR STRAND","bathingwat":"DKBW1507"}},{"type":"Feature","geometry":{"type":"Point","coordinates":[10.2709,56.0379]},"properties":{"nametext":"AJSTRUP STRAND","bathingwat":"DKBW1518"}},{"type":"Feature","geometry":{"type":"Point","coordinates":[12.6495,55.6455]},"properties":{"nametext":"KASTRUP SØBAD, NORD FOR KASTRUP LYSTBÅDEHAVN","bathingwat":"DKBW1520"}},{"type":"Feature","geometry":{"type":"Point","coordinates":[10.3066,56.9812]},"properties":{"nametext":"EGENSE BADESTRAND","bathingwat":"DKBW1523"}},{"type":"Feature","geometry":{"type":"Point","coordinates":[11.7149,55.7225]},"properties":{"nametext":"BLEGSTRÆDEHAGEN","bathingwat":"DKBW1530"}},{"type":"Feature","geometry":{"type":"Point","coordinates":[10.8478,55.0362]},"properties":{"nametext":"EMMERBØLLE STRAND","bathingwat":"DKBW1547"}},{"type":"Feature","geometry":{"type":"Point","coordinates":[11.9025,55.9917]},"properties":{"nametext":"STRAND VED NØDEBOVEJEN 156","bathingwat":"DKBW1555"}},{"type":"Feature","geometry":{"type":"Point","coordinates":[12.5579,55.8679]},"properties":{"nametext":"SMIDSTRUP","bathingwat":"DKBW1564"}},{"type":"Feature","geometry":{"type":"Point","coordinates":[12.5845,55.7199]},"properties":{"nametext":"SVANEMØLLESTRANDEN","bathingwat":"DKBW1579"}},{"type":"Feature","geometry":{"type":"Point","coordinates":[9.0204,56.113]},"properties":{"nametext":"KNUDMOSE SØ","bathingwat":"DKBW1581"}},{"type":"Feature","geometry":{"type":"Point","coordinates":[8.5384,55.5876]},"properties":{"nametext":"NYSØ, VARDE SDR. PLANTAGE","bathingwat":"DKBW1589"}},{"type":"Feature","geometry":{"type":"Point","coordinates":[12.5939,55.7823]},"properties":{"nametext":"BOMBEGRUNDEN TAARBÆK","bathingwat":"DKBW1594"}},{"type":"Feature","geometry":{"type":"Point","coordinates":[10.3985,54.8283]},"properties":{"nametext":"RISEMARK","bathingwat":"DKBW1609"}},{"type":"Feature","geometry":{"type":"Point","coordinates":[8.1199,56.3239]},"properties":{"nametext":"VESTERHAVET V. BJERGHUSE","bathingwat":"DKBW161"}},{"type":"Feature","geometry":{"type":"Point","coordinates":[8.3641,56.9601]},"properties":{"nametext":"NR. VORUPØR HAVBAD","bathingwat":"DKBW1623"}},{"type":"Feature","geometry":{"type":"Point","coordinates":[12.06,55.613]},"properties":{"nametext":"HIMMELSØEN","bathingwat":"DKBW1627"}},{"type":"Feature","geometry":{"type":"Point","coordinates":[8.3895,55.4995]},"properties":{"nametext":"KYSTPARKEN","bathingwat":"DKBW1643"}},{"type":"Feature","geometry":{"type":"Point","coordinates":[9.8856,57.059]},"properties":{"nametext":"LIMFJORDEN VESTRE FJORDPARK","bathingwat":"DKBW1649"}},{"type":"Feature","geometry":{"type":"Point","coordinates":[8.0974,56.0509]},"properties":{"nametext":"LYNGVIG FYR","bathingwat":"DKBW165"}},{"type":"Feature","geometry":{"type":"Point","coordinates":[8.1067,56.1193]},"properties":{"nametext":"SØNDERVIG","bathingwat":"DKBW166"}},{"type":"Feature","geometry":{"type":"Point","coordinates":[11.4478,54.6133]},"properties":{"nametext":"BRUNDDRAGERNE","bathingwat":"DKBW19"}},{"type":"Feature","geometry":{"type":"Point","coordinates":[12.5468,55.6479]},"properties":{"nametext":"VANDTRAPPEN BADEZONE","bathingwat":"DKBW1907"}},{"type":"Feature","geometry":{"type":"Point","coordinates":[9.0758,56.0522]},"properties":{"nametext":"SØBY SØ","bathingwat":"DKBW197"}},{"type":"Feature","geometry":{"type":"Point","coordinates":[9.0337,56.2137]},"properties":{"nametext":"SUNDS SØ VED ØSTBRED","bathingwat":"DKBW199"}},{"type":"Feature","geometry":{"type":"Point","coordinates":[8.5233,56.5437]},"properties":{"nametext":"TOFTUM BJERGE JEPPES LED","bathingwat":"DKBW207"}},{"type":"Feature","geometry":{"type":"Point","coordinates":[12.1687,54.995]},"properties":{"nametext":"KALVEHAVE STRAND","bathingwat":"DKBW21"}},{"type":"Feature","geometry":{"type":"Point","coordinates":[8.5819,56.6448]},"properties":{"nametext":"TAMBOHUSE V.EGEBJERG CAMP.","bathingwat":"DKBW223"}},{"type":"Feature","geometry":{"type":"Point","coordinates":[8.6378,56.6598]},"properties":{"nametext":"BØLØRE ODDE","bathingwat":"DKBW224"}},{"type":"Feature","geometry":{"type":"Point","coordinates":[8.9079,56.9457]},"properties":{"nametext":"HULHØJ","bathingwat":"DKBW248"}},{"type":"Feature","geometry":{"type":"Point","coordinates":[9.2881,56.5603]},"properties":{"nametext":"HJARBÆK FJORD - LYNDERUP VEST","bathingwat":"DKBW254"}},{"type":"Feature","geometry":{"type":"Point","coordinates":[9.3124,56.6282]},"properties":{"nametext":"LOVNS BREDNING, ULBJERG KLINT","bathingwat":"DKBW256"}},{"type":"Feature","geometry":{"type":"Point","coordinates":[9.1046,56.7886]},"properties":{"nametext":"ESKOV STRANDPARK","bathingwat":"DKBW285"}},{"type":"Feature","geometry":{"type":"Point","coordinates":[8.4846,56.7939]},"properties":{"nametext":"VISBY","bathingwat":"DKBW291"}},{"type":"Feature","geometry":{"type":"Point","coordinates":[8.2983,56.7583]},"properties":{"nametext":"KÆRGÅRD","bathingwat":"DKBW292"}},{"type":"Feature","geometry":{"type":"Point","coordinates":[8.6797,56.9518]},"properties":{"nametext":"THISTED SØBAD","bathingwat":"DKBW301"}},{"type":"Feature","geometry":{"type":"Point","coordinates":[9.6553,56.5395]},"properties":{"nametext":"TJELE LANGSØ, BIGUM SØBAD","bathingwat":"DKBW312"}},{"type":"Feature","geometry":{"type":"Point","coordinates":[9.4049,56.435]},"properties":{"nametext":"VIBORG SØNDERSØ - SØNÆS / FRIAREAL","bathingwat":"DKBW318"}},{"type":"Feature","geometry":{"type":"Point","coordinates":[9.4334,56.4679]},"properties":{"nametext":"VIBORG NØRRESØ, NØRRESØVEJ NORD / NØRREMØLLEVEJ","bathingwat":"DKBW322"}},{"type":"Feature","geometry":{"type":"Point","coordinates":[14.7068,55.1417]},"properties":{"nametext":"BLYKOBBE","bathingwat":"DKBW347"}},{"type":"Feature","geometry":{"type":"Point","coordinates":[14.969,55.004]},"properties":{"nametext":"AALHAMMER BUGT","bathingwat":"DKBW359"}},{"type":"Feature","geometry":{"type":"Point","coordinates":[12.3595,55.8055]},"properties":{"nametext":"FARUM SØ, DOKTORENS BUGT","bathingwat":"DKBW364"}},{"type":"Feature","geometry":{"type":"Point","coordinates":[12.5377,55.9573]},"properties":{"nametext":"BJERRE STRAND","bathingwat":"DKBW367"}},{"type":"Feature","geometry":{"type":"Point","coordinates":[12.0439,55.8505]},"properties":{"nametext":"KLINTEN, FREDERIKSSUND","bathingwat":"DKBW371"}},{"type":"Feature","geometry":{"type":"Point","coordinates":[12.3133,56.1274]},"properties":{"nametext":"ØSTMOLEN GILLELEJE HAVN","bathingwat":"DKBW386"}},{"type":"Feature","geometry":{"type":"Point","coordinates":[12.4172,56.0302]},"properties":{"nametext":"ESRUM SØ, JONSTRUP ESRUMVEJ","bathingwat":"DKBW413"}},{"type":"Feature","geometry":{"type":"Point","coordinates":[12.354,55.9791]},"properties":{"nametext":"ESRUM SØ SYD FOR NØDEBO","bathingwat":"DKBW416"}},{"type":"Feature","geometry":{"type":"Point","coordinates":[9.8907,55.3005]},"properties":{"nametext":"ABORG STRAND N","bathingwat":"DKBW441"}},{"type":"Feature","geometry":{"type":"Point","coordinates":[10.401,55.0445]},"properties":{"nametext":"LANGEMARK","bathingwat":"DKBW462"}},{"type":"Feature","geometry":{"type":"Point","coordinates":[10.6733,54.7528]},"properties":{"nametext":"BAGENKOP HAVNEBASSIN","bathingwat":"DKBW1900"}},{"type":"Feature","geometry":{"type":"Point","coordinates":[9.9338,56.0355]},"properties":{"nametext":"SKANDERBORG SØBAD (KULTURHUSET)","bathingwat":"DKBW1901"}},{"type":"Feature","geometry":{"type":"Point","coordinates":[11.2016,55.4132]},"properties":{"nametext":"KELSTRUP STRAND","bathingwat":"DKBW1903"}},{"type":"Feature","geometry":{"type":"Point","coordinates":[12.5232,55.6219]},"properties":{"nametext":"BYSKOVEN BADEZONE","bathingwat":"DKBW1908"}},{"type":"Feature","geometry":{"type":"Point","coordinates":[8.7138,56.4764]},"properties":{"nametext":"HANDBJERG STRAND","bathingwat":"DKBW194"}},{"type":"Feature","geometry":{"type":"Point","coordinates":[9.023,56.2096]},"properties":{"nametext":"SUNDS SØ VED SØGÅRDEN","bathingwat":"DKBW198"}},{"type":"Feature","geometry":{"type":"Point","coordinates":[12.5925,55.7767]},"properties":{"nametext":"BELLEVUE STRAND","bathingwat":"DKBW20"}},{"type":"Feature","geometry":{"type":"Point","coordinates":[8.8795,56.795]},"properties":{"nametext":"ØSTERSTRAND","bathingwat":"DKBW237"}},{"type":"Feature","geometry":{"type":"Point","coordinates":[8.8525,56.8203]},"properties":{"nametext":"BJØRNDRUP","bathingwat":"DKBW238"}},{"type":"Feature","geometry":{"type":"Point","coordinates":[9.3136,56.6234]},"properties":{"nametext":"LOVNS BREDNING, ULBJERG STRAND","bathingwat":"DKBW255"}},{"type":"Feature","geometry":{"type":"Point","coordinates":[8.7884,56.6778]},"properties":{"nametext":"NY MØLLE","bathingwat":"DKBW277"}},{"type":"Feature","geometry":{"type":"Point","coordinates":[9.0673,56.6346]},"properties":{"nametext":"LYBY STRAND","bathingwat":"DKBW278"}},{"type":"Feature","geometry":{"type":"Point","coordinates":[9.0227,56.8056]},"properties":{"nametext":"SUNDE","bathingwat":"DKBW286"}},{"type":"Feature","geometry":{"type":"Point","coordinates":[8.2289,56.7837]},"properties":{"nametext":"25 M SYD FOR HØFDE 90","bathingwat":"DKBW295"}},{"type":"Feature","geometry":{"type":"Point","coordinates":[8.225,56.7235]},"properties":{"nametext":"AGGERTANGE - MELLEM HØFDE 71 OG 72","bathingwat":"DKBW296"}},{"type":"Feature","geometry":{"type":"Point","coordinates":[8.6257,56.8854]},"properties":{"nametext":"VILDSUND VEST","bathingwat":"DKBW302"}},{"type":"Feature","geometry":{"type":"Point","coordinates":[11.4774,54.8409]},"properties":{"nametext":"SVANEVIG","bathingwat":"DKBW31"}},{"type":"Feature","geometry":{"type":"Point","coordinates":[14.8067,55.2729]},"properties":{"nametext":"NÆS","bathingwat":"DKBW331"}},{"type":"Feature","geometry":{"type":"Point","coordinates":[15.0894,54.9944]},"properties":{"nametext":"DUEODDE","bathingwat":"DKBW335"}},{"type":"Feature","geometry":{"type":"Point","coordinates":[15.1046,55.148]},"properties":{"nametext":"HØL","bathingwat":"DKBW343"}},{"type":"Feature","geometry":{"type":"Point","coordinates":[14.7047,55.1742]},"properties":{"nametext":"LYSTSKOVEN","bathingwat":"DKBW344"}},{"type":"Feature","geometry":{"type":"Point","coordinates":[14.6994,55.1192]},"properties":{"nametext":"ANTOINETTE","bathingwat":"DKBW349"}},{"type":"Feature","geometry":{"type":"Point","coordinates":[14.9107,55.0218]},"properties":{"nametext":"BODERNE","bathingwat":"DKBW358"}},{"type":"Feature","geometry":{"type":"Point","coordinates":[12.3804,55.9786]},"properties":{"nametext":"ESRUM SØ, SØRUP SEJLKLUBBEN","bathingwat":"DKBW369"}},{"type":"Feature","geometry":{"type":"Point","coordinates":[12.0651,55.8183]},"properties":{"nametext":"MARBÆK STRAND","bathingwat":"DKBW372"}},{"type":"Feature","geometry":{"type":"Point","coordinates":[12.3055,56.1284]},"properties":{"nametext":"GILLELEJE VEST","bathingwat":"DKBW385"}},{"type":"Feature","geometry":{"type":"Point","coordinates":[12.1429,56.0917]},"properties":{"nametext":"STRANDBJERGGÅRD","bathingwat":"DKBW394"}},{"type":"Feature","geometry":{"type":"Point","coordinates":[12.5538,56.0726]},"properties":{"nametext":"KGL. OPFOSTRINGSHUS","bathingwat":"DKBW403"}},{"type":"Feature","geometry":{"type":"Point","coordinates":[12.577,56.0585]},"properties":{"nametext":"JULEBÆK STRAND","bathingwat":"DKBW404"}},{"type":"Feature","geometry":{"type":"Point","coordinates":[11.8521,55.9489]},"properties":{"nametext":"LYNÆS CAMPINGPLADS","bathingwat":"DKBW420"}},{"type":"Feature","geometry":{"type":"Point","coordinates":[12.5455,55.882]},"properties":{"nametext":"OFF. BADESTRAND VED RUNGSTED ROKLUB","bathingwat":"DKBW424"}},{"type":"Feature","geometry":{"type":"Point","coordinates":[12.5274,55.9375]},"properties":{"nametext":"NIVÅ STRAND","bathingwat":"DKBW431"}},{"type":"Feature","geometry":{"type":"Point","coordinates":[12.0344,55.7292]},"properties":{"nametext":"SØNDERBY HAVN","bathingwat":"DKBW437"}},{"type":"Feature","geometry":{"type":"Point","coordinates":[12.3861,55.8038]},"properties":{"nametext":"FURESØEN, FISKEBÆK FRILUFTBAD","bathingwat":"DKBW45"}},{"type":"Feature","geometry":{"type":"Point","coordinates":[10.2548,55.0875]},"properties":{"nametext":"KLINTEN","bathingwat":"DKBW485"}},{"type":"Feature","geometry":{"type":"Point","coordinates":[10.7956,55.1678]},"properties":{"nametext":"HOLMSKOV STRAND","bathingwat":"DKBW497"}},{"type":"Feature","geometry":{"type":"Point","coordinates":[10.668,55.4474]},"properties":{"nametext":"SYDSTRANDEN","bathingwat":"DKBW506"}},{"type":"Feature","geometry":{"type":"Point","coordinates":[10.7352,55.4971]},"properties":{"nametext":"MÅLE STRAND","bathingwat":"DKBW511"}},{"type":"Feature","geometry":{"type":"Point","coordinates":[10.6183,55.5325]},"properties":{"nametext":"BOGENSØ STRAND","bathingwat":"DKBW516"}},{"type":"Feature","geometry":{"type":"Point","coordinates":[10.8158,55.3142]},"properties":{"nametext":"STOREBÆLTSBADET","bathingwat":"DKBW546"}},{"type":"Feature","geometry":{"type":"Point","coordinates":[11.5353,55.1944]},"properties":{"nametext":"BJØRNEBÆK - UNDERSTATION DKBW1124 KRISTIANSHOLM PLANTAGE STRAND","bathingwat":"DKBW56"}},{"type":"Feature","geometry":{"type":"Point","coordinates":[10.6131,55.0522]},"properties":{"nametext":"LYSTBÅDEHAVNEN","bathingwat":"DKBW581"}},{"type":"Feature","geometry":{"type":"Point","coordinates":[10.7051,55.0539]},"properties":{"nametext":"ØGAVL 50M Ø","bathingwat":"DKBW591"}},{"type":"Feature","geometry":{"type":"Point","coordinates":[9.4351,57.1792]},"properties":{"nametext":"EJSTRUP STRAND","bathingwat":"DKBW646"}},{"type":"Feature","geometry":{"type":"Point","coordinates":[11.541,54.9526]},"properties":{"nametext":"FEMØ, SLETTEREN","bathingwat":"DKBW69"}},{"type":"Feature","geometry":{"type":"Point","coordinates":[10.3185,56.7055]},"properties":{"nametext":"ALS ODDE","bathingwat":"DKBW706"}},{"type":"Feature","geometry":{"type":"Point","coordinates":[10.6772,56.1551]},"properties":{"nametext":"ØER STRAND","bathingwat":"DKBW717"}},{"type":"Feature","geometry":{"type":"Point","coordinates":[10.645,56.2257]},"properties":{"nametext":"HANDRUP STRAND","bathingwat":"DKBW721"}},{"type":"Feature","geometry":{"type":"Point","coordinates":[11.3781,54.9339]},"properties":{"nametext":"FEJØ, SYDSTRANDEN","bathingwat":"DKBW74"}},{"type":"Feature","geometry":{"type":"Point","coordinates":[10.0279,57.5903]},"properties":{"nametext":"KJUL STRAND","bathingwat":"DKBW740"}},{"type":"Feature","geometry":{"type":"Point","coordinates":[9.484,54.8478]},"properties":{"nametext":"KOHAGE","bathingwat":"DKBW743"}},{"type":"Feature","geometry":{"type":"Point","coordinates":[9.4983,54.8596]},"properties":{"nametext":"SØNDERHAV","bathingwat":"DKBW744"}},{"type":"Feature","geometry":{"type":"Point","coordinates":[9.554,56.1491]},"properties":{"nametext":"ØSTRE SØBAD","bathingwat":"DKBW1018"}},{"type":"Feature","geometry":{"type":"Point","coordinates":[9.9244,56.0209]},"properties":{"nametext":"BADEANSTALTEN (SØBADET)","bathingwat":"DKBW1029"}},{"type":"Feature","geometry":{"type":"Point","coordinates":[9.9346,56.0077]},"properties":{"nametext":"RAVNS ODDE","bathingwat":"DKBW1032"}},{"type":"Feature","geometry":{"type":"Point","coordinates":[10.0448,54.9311]},"properties":{"nametext":"MOMMARK MARINA","bathingwat":"DKBW1076"}},{"type":"Feature","geometry":{"type":"Point","coordinates":[9.7863,54.9044]},"properties":{"nametext":"FLUEPAPIRET","bathingwat":"DKBW1077"}},{"type":"Feature","geometry":{"type":"Point","coordinates":[11.9426,55.4647]},"properties":{"nametext":"GRUSGRAVSØ VED DYNDET","bathingwat":"DKBW1086"}},{"type":"Feature","geometry":{"type":"Point","coordinates":[11.2782,55.736]},"properties":{"nametext":"VESTERLYNG, SYD","bathingwat":"DKBW1095"}},{"type":"Feature","geometry":{"type":"Point","coordinates":[12.1796,55.2202]},"properties":{"nametext":"VED FLAGSTANGEN","bathingwat":"DKBW11"}},{"type":"Feature","geometry":{"type":"Point","coordinates":[11.1709,55.8694]},"properties":{"nametext":"TADEBÆK SKOLE, SEJERØ","bathingwat":"DKBW1100"}},{"type":"Feature","geometry":{"type":"Point","coordinates":[11.1573,55.5583]},"properties":{"nametext":"BJERGE OS SUKKERKANALEN","bathingwat":"DKBW1129"}},{"type":"Feature","geometry":{"type":"Point","coordinates":[11.0661,55.6786]},"properties":{"nametext":"GISSELØRE BADEBRO","bathingwat":"DKBW1149"}},{"type":"Feature","geometry":{"type":"Point","coordinates":[11.0469,55.6872]},"properties":{"nametext":"BYENS MOSE","bathingwat":"DKBW1152"}},{"type":"Feature","geometry":{"type":"Point","coordinates":[11.0083,55.7409]},"properties":{"nametext":"ÅGERUP","bathingwat":"DKBW1154"}},{"type":"Feature","geometry":{"type":"Point","coordinates":[9.685,55.6843]},"properties":{"nametext":"SELLERUP STRAND","bathingwat":"DKBW1163"}},{"type":"Feature","geometry":{"type":"Point","coordinates":[11.1632,55.3724]},"properties":{"nametext":"SVENSTRUP STRAND","bathingwat":"DKBW1165"}},{"type":"Feature","geometry":{"type":"Point","coordinates":[11.2008,55.4324]},"properties":{"nametext":"KIRKE STILLINGE STRAND","bathingwat":"DKBW1191"}},{"type":"Feature","geometry":{"type":"Point","coordinates":[11.199,55.4558]},"properties":{"nametext":"BILDSØ STRAND","bathingwat":"DKBW1193"}},{"type":"Feature","geometry":{"type":"Point","coordinates":[11.5486,55.4417]},"properties":{"nametext":"SKJOLDEN, SORØ SØ","bathingwat":"DKBW1195"}},{"type":"Feature","geometry":{"type":"Point","coordinates":[11.9809,55.4924]},"properties":{"nametext":"KIMMERSLEV SØ","bathingwat":"DKBW120"}},{"type":"Feature","geometry":{"type":"Point","coordinates":[11.4511,55.9613]},"properties":{"nametext":"RESTAURANT KATTEGAT","bathingwat":"DKBW1202"}},{"type":"Feature","geometry":{"type":"Point","coordinates":[10.2574,55.9208]},"properties":{"nametext":"HOU STRAND","bathingwat":"DKBW1211"}},{"type":"Feature","geometry":{"type":"Point","coordinates":[10.454,55.9499]},"properties":{"nametext":"TUNØ, ØST FOR HAVNEN","bathingwat":"DKBW1215"}},{"type":"Feature","geometry":{"type":"Point","coordinates":[8.3697,55.5136]},"properties":{"nametext":"SDR. TOBØLVEJ","bathingwat":"DKBW1242"}},{"type":"Feature","geometry":{"type":"Point","coordinates":[8.2398,56.1706]},"properties":{"nametext":"STADIL FJORD VED ALRUM","bathingwat":"DKBW1253"}},{"type":"Feature","geometry":{"type":"Point","coordinates":[9.7698,55.5659]},"properties":{"nametext":"ØSTERSTRAND, BADEBRO","bathingwat":"DKBW1260"}},{"type":"Feature","geometry":{"type":"Point","coordinates":[10.5665,55.9744]},"properties":{"nametext":"NORDBY UD FOR CAMPINGPLADS","bathingwat":"DKBW1264"}},{"type":"Feature","geometry":{"type":"Point","coordinates":[10.64,55.8338]},"properties":{"nametext":"STRANDSKOVEN UD FOR CAMPINGPLADS","bathingwat":"DKBW1267"}},{"type":"Feature","geometry":{"type":"Point","coordinates":[10.4986,57.4982]},"properties":{"nametext":"200 M NORD FOR STRANDBY HAVN","bathingwat":"DKBW1312"}},{"type":"Feature","geometry":{"type":"Point","coordinates":[11.3195,55.9847]},"properties":{"nametext":"YDERBY LYNG, STRANDVEJEN","bathingwat":"DKBW1344"}},{"type":"Feature","geometry":{"type":"Point","coordinates":[11.0219,54.8786]},"properties":{"nametext":"TÅRS","bathingwat":"DKBW1347"}},{"type":"Feature","geometry":{"type":"Point","coordinates":[8.853,56.0353]},"properties":{"nametext":"BØRNEBADESØEN","bathingwat":"DKBW1361"}},{"type":"Feature","geometry":{"type":"Point","coordinates":[11.7645,55.7247]},"properties":{"nametext":"DRAGERUP MOLEN,ØST","bathingwat":"DKBW1383"}},{"type":"Feature","geometry":{"type":"Point","coordinates":[9.8086,55.6771]},"properties":{"nametext":"ROSENVOLD STRAND","bathingwat":"DKBW1398"}},{"type":"Feature","geometry":{"type":"Point","coordinates":[9.8138,55.6741]},"properties":{"nametext":"ROSENVOLD P-PLADS","bathingwat":"DKBW1399"}},{"type":"Feature","geometry":{"type":"Point","coordinates":[10.2836,56.2031]},"properties":{"nametext":"ÅKROGEN","bathingwat":"DKBW1406"}},{"type":"Feature","geometry":{"type":"Point","coordinates":[12.0749,55.6738]},"properties":{"nametext":"VIGEN CAMPINGPLADS","bathingwat":"DKBW144"}},{"type":"Feature","geometry":{"type":"Point","coordinates":[9.6318,55.7087]},"properties":{"nametext":"TIRSBÆK","bathingwat":"DKBW1443"}},{"type":"Feature","geometry":{"type":"Point","coordinates":[9.5805,55.7043]},"properties":{"nametext":"ALBUEN","bathingwat":"DKBW1446"}},{"type":"Feature","geometry":{"type":"Point","coordinates":[10.3793,56.5525]},"properties":{"nametext":"STORE SJØRUP STRAND, UDENFOR","bathingwat":"DKBW1461"}},{"type":"Feature","geometry":{"type":"Point","coordinates":[9.7628,55.5441]},"properties":{"nametext":"STRIB NORDSTRAND","bathingwat":"DKBW1469"}},{"type":"Feature","geometry":{"type":"Point","coordinates":[12.2206,55.5162]},"properties":{"nametext":"STAUNINGS Ø","bathingwat":"DKBW149"}},{"type":"Feature","geometry":{"type":"Point","coordinates":[10.2909,56.2126]},"properties":{"nametext":"EGÅ MARINA","bathingwat":"DKBW1508"}},{"type":"Feature","geometry":{"type":"Point","coordinates":[10.5394,55.3341]},"properties":{"nametext":"DAVINDE SØ - HAVNEN","bathingwat":"DKBW1557"}},{"type":"Feature","geometry":{"type":"Point","coordinates":[11.4871,54.8381]},"properties":{"nametext":"BANDHOLM STRAND","bathingwat":"DKBW1647"}},{"type":"Feature","geometry":{"type":"Point","coordinates":[11.3582,54.9167]},"properties":{"nametext":"KRAGENÆS NORDSTRAND","bathingwat":"DKBW1655"}},{"type":"Feature","geometry":{"type":"Point","coordinates":[10.9441,55.751]},"properties":{"nametext":"NYBY HAVN","bathingwat":"DKBW1661"}},{"type":"Feature","geometry":{"type":"Point","coordinates":[11.086,55.6772]},"properties":{"nametext":"KALUNDBORG HAVNEBAD","bathingwat":"DKBW1668"}},{"type":"Feature","geometry":{"type":"Point","coordinates":[8.1353,55.9896]},"properties":{"nametext":"BJERGE STRAND HV.SANDE","bathingwat":"DKBW170"}},{"type":"Feature","geometry":{"type":"Point","coordinates":[8.2697,56.0724]},"properties":{"nametext":"HEBOLTOFT STRAND","bathingwat":"DKBW177"}},{"type":"Feature","geometry":{"type":"Point","coordinates":[12.5951,55.6814]},"properties":{"nametext":"KVÆSTHUSBROEN","bathingwat":"DKBW1772"}},{"type":"Feature","geometry":{"type":"Point","coordinates":[9.8351,55.053]},"properties":{"nametext":"NORDALS FERIERESORT","bathingwat":"DKBW1892"}},{"type":"Feature","geometry":{"type":"Point","coordinates":[12.4002,55.6105]},"properties":{"nametext":"BADEANSTALT I VALLENSBÆK HAVN","bathingwat":"DKBW1893"}},{"type":"Feature","geometry":{"type":"Point","coordinates":[12.0253,55.6275]},"properties":{"nametext":"FLÆNG SØ","bathingwat":"DKBW1895"}},{"type":"Feature","geometry":{"type":"Point","coordinates":[8.5841,56.5019]},"properties":{"nametext":"BREMDAL STRAND","bathingwat":"DKBW190"}},{"type":"Feature","geometry":{"type":"Point","coordinates":[11.7213,55.7205]},"properties":{"nametext":"FILMTORVET","bathingwat":"DKBW1915"}},{"type":"Feature","geometry":{"type":"Point","coordinates":[9.8042,55.2974]},"properties":{"nametext":"BAAGOE STRAND","bathingwat":"DKBW1916"}},{"type":"Feature","geometry":{"type":"Point","coordinates":[8.5618,56.5746]},"properties":{"nametext":"ODDESUND VEST","bathingwat":"DKBW209"}},{"type":"Feature","geometry":{"type":"Point","coordinates":[8.5934,56.61]},"properties":{"nametext":"SØNDBJERG STRAND NORD","bathingwat":"DKBW221"}},{"type":"Feature","geometry":{"type":"Point","coordinates":[8.2212,56.7074]},"properties":{"nametext":"THYBORØN KANAL","bathingwat":"DKBW226"}},{"type":"Feature","geometry":{"type":"Point","coordinates":[8.4779,57.0449]},"properties":{"nametext":"KLITMØLLER","bathingwat":"DKBW233"}},{"type":"Feature","geometry":{"type":"Point","coordinates":[8.7759,56.7109]},"properties":{"nametext":"ØRDING","bathingwat":"DKBW251"}},{"type":"Feature","geometry":{"type":"Point","coordinates":[12.5825,55.7326]},"properties":{"nametext":"HELLERUP STRAND","bathingwat":"DKBW26"}},{"type":"Feature","geometry":{"type":"Point","coordinates":[8.9583,57.0058]},"properties":{"nametext":"AMTOFT","bathingwat":"DKBW306"}},{"type":"Feature","geometry":{"type":"Point","coordinates":[8.3725,56.9608]},"properties":{"nametext":"NR. VORUPØR","bathingwat":"DKBW310"}},{"type":"Feature","geometry":{"type":"Point","coordinates":[8.3365,56.9302]},"properties":{"nametext":"STENBJERG","bathingwat":"DKBW311"}},{"type":"Feature","geometry":{"type":"Point","coordinates":[9.3331,56.3672]},"properties":{"nametext":"HALD SØ - DOLLERUPVEJ","bathingwat":"DKBW319"}},{"type":"Feature","geometry":{"type":"Point","coordinates":[9.4067,56.4061]},"properties":{"nametext":"VEDSØ","bathingwat":"DKBW321"}},{"type":"Feature","geometry":{"type":"Point","coordinates":[14.9835,55.2014]},"properties":{"nametext":"MELSTED","bathingwat":"DKBW326"}},{"type":"Feature","geometry":{"type":"Point","coordinates":[14.8187,55.258]},"properties":{"nametext":"LILLE SANDKÅS","bathingwat":"DKBW329"}},{"type":"Feature","geometry":{"type":"Point","coordinates":[12.474,54.9513]},"properties":{"nametext":"KLINTHOLM ØST","bathingwat":"DKBW35"}},{"type":"Feature","geometry":{"type":"Point","coordinates":[14.729,55.0757]},"properties":{"nametext":"ONSBÆK","bathingwat":"DKBW354"}},{"type":"Feature","geometry":{"type":"Point","coordinates":[11.9382,56.0064]},"properties":{"nametext":"HYLLINGEBJERG","bathingwat":"DKBW376"}},{"type":"Feature","geometry":{"type":"Point","coordinates":[12.6078,56.0435]},"properties":{"nametext":"MARIENLYST BADESTRAND","bathingwat":"DKBW406"}},{"type":"Feature","geometry":{"type":"Point","coordinates":[12.5617,55.9915]},"properties":{"nametext":"BADEBRO SYD FOR ESPERGÆRDE HAVN","bathingwat":"DKBW410"}},{"type":"Feature","geometry":{"type":"Point","coordinates":[12.5565,55.9873]},"properties":{"nametext":"OFF. STRAND VED STRANDVEJEN 384, BADEBRO","bathingwat":"DKBW411"}},{"type":"Feature","geometry":{"type":"Point","coordinates":[11.9063,55.9348]},"properties":{"nametext":"KULHUSE STRAND VEST FOR HAVNEN","bathingwat":"DKBW429"}},{"type":"Feature","geometry":{"type":"Point","coordinates":[10.0024,55.5405]},"properties":{"nametext":"SKÅSTRUP V","bathingwat":"DKBW460"}},{"type":"Feature","geometry":{"type":"Point","coordinates":[9.8419,55.3506]},"properties":{"nametext":"SØNDER ÅBY STRAND","bathingwat":"DKBW470"}},{"type":"Feature","geometry":{"type":"Point","coordinates":[10.1325,55.1561]},"properties":{"nametext":"BJERGHAMMER","bathingwat":"DKBW471"}},{"type":"Feature","geometry":{"type":"Point","coordinates":[10.2936,55.072]},"properties":{"nametext":"BØGEBJERG","bathingwat":"DKBW486"}},{"type":"Feature","geometry":{"type":"Point","coordinates":[10.0762,55.1757]},"properties":{"nametext":"LØGISMOSE SKOV","bathingwat":"DKBW504"}},{"type":"Feature","geometry":{"type":"Point","coordinates":[9.6787,55.5161]},"properties":{"nametext":"GALS KLINT","bathingwat":"DKBW538"}},{"type":"Feature","geometry":{"type":"Point","coordinates":[10.7925,55.3569]},"properties":{"nametext":"GRØNNEHAVE","bathingwat":"DKBW554"}},{"type":"Feature","geometry":{"type":"Point","coordinates":[10.7026,54.9362]},"properties":{"nametext":"SØBADEANSTALT","bathingwat":"DKBW574"}},{"type":"Feature","geometry":{"type":"Point","coordinates":[10.658,55.0224]},"properties":{"nametext":"SLOTSHAGEN","bathingwat":"DKBW584"}},{"type":"Feature","geometry":{"type":"Point","coordinates":[11.6476,55.1755]},"properties":{"nametext":"ENØ","bathingwat":"DKBW59"}},{"type":"Feature","geometry":{"type":"Point","coordinates":[10.2789,56.8089]},"properties":{"nametext":"ØSTENKROGEN - HAVNEN I  Ø.HURUP","bathingwat":"DKBW701"}},{"type":"Feature","geometry":{"type":"Point","coordinates":[10.2985,56.7709]},"properties":{"nametext":"HASLEVGAARDE BAKKER","bathingwat":"DKBW704"}},{"type":"Feature","geometry":{"type":"Point","coordinates":[10.6422,56.1727]},"properties":{"nametext":"AHL STRAND","bathingwat":"DKBW718"}},{"type":"Feature","geometry":{"type":"Point","coordinates":[11.0233,54.9086]},"properties":{"nametext":"FREDERIKSDAL","bathingwat":"DKBW73"}},{"type":"Feature","geometry":{"type":"Point","coordinates":[9.5147,54.871]},"properties":{"nametext":"RØNSHOVED","bathingwat":"DKBW746"}},{"type":"Feature","geometry":{"type":"Point","coordinates":[10.5816,56.2121]},"properties":{"nametext":"BOGENS STRAND","bathingwat":"DKBW749"}},{"type":"Feature","geometry":{"type":"Point","coordinates":[10.4002,56.2069]},"properties":{"nametext":"DEJRET STRAND","bathingwat":"DKBW757"}},{"type":"Feature","geometry":{"type":"Point","coordinates":[9.6467,55.3335]},"properties":{"nametext":"SANDERSVIG SYD","bathingwat":"DKBW765"}},{"type":"Feature","geometry":{"type":"Point","coordinates":[9.6471,55.3417]},"properties":{"nametext":"ANSLET HAGE, PHILLIPSBORG STRAND","bathingwat":"DKBW767"}},{"type":"Feature","geometry":{"type":"Point","coordinates":[10.4805,56.2499]},"properties":{"nametext":"VRINNERS STRAND","bathingwat":"DKBW775"}},{"type":"Feature","geometry":{"type":"Point","coordinates":[9.9136,57.5602]},"properties":{"nametext":"TORNBY STRAND","bathingwat":"DKBW777"}},{"type":"Feature","geometry":{"type":"Point","coordinates":[9.6808,55.7106]},"properties":{"nametext":"ASKEBJERG","bathingwat":"DKBW1338"}},{"type":"Feature","geometry":{"type":"Point","coordinates":[9.9052,57.0632]},"properties":{"nametext":"LINDHOLM STRANDPARK","bathingwat":"DKBW1339"}},{"type":"Feature","geometry":{"type":"Point","coordinates":[11.7229,55.8128]},"properties":{"nametext":"KONGSØRE SKOV, SANDSKREDSVEJ","bathingwat":"DKBW1346"}},{"type":"Feature","geometry":{"type":"Point","coordinates":[10.9613,55.6693]},"properties":{"nametext":"HAVNEMARKEN","bathingwat":"DKBW1421"}},{"type":"Feature","geometry":{"type":"Point","coordinates":[9.5906,55.488]},"properties":{"nametext":"AGTRUP VIG","bathingwat":"DKBW1429"}},{"type":"Feature","geometry":{"type":"Point","coordinates":[9.5219,55.4864]},"properties":{"nametext":"REBÆK STRAND","bathingwat":"DKBW1435"}},{"type":"Feature","geometry":{"type":"Point","coordinates":[11.0297,55.6512]},"properties":{"nametext":"ASNÆS FORSKOV","bathingwat":"DKBW1439"}},{"type":"Feature","geometry":{"type":"Point","coordinates":[9.6216,56.9732]},"properties":{"nametext":"V CAMPINGPLADS SV FOR NIBE","bathingwat":"DKBW1456"}},{"type":"Feature","geometry":{"type":"Point","coordinates":[9.63,56.9835]},"properties":{"nametext":"200 M S FOR NIBE HAVN","bathingwat":"DKBW1457"}},{"type":"Feature","geometry":{"type":"Point","coordinates":[11.7711,55.0482]},"properties":{"nametext":"KNUDSHOVED","bathingwat":"DKBW1468"}},{"type":"Feature","geometry":{"type":"Point","coordinates":[8.4109,55.4868]},"properties":{"nametext":"MENNESKET VED HAVET","bathingwat":"DKBW1498"}},{"type":"Feature","geometry":{"type":"Point","coordinates":[12.148,55.2044]},"properties":{"nametext":"FAXEHUS","bathingwat":"DKBW15"}},{"type":"Feature","geometry":{"type":"Point","coordinates":[8.9468,56.1549]},"properties":{"nametext":"FUGLSANG SØ","bathingwat":"DKBW1516"}},{"type":"Feature","geometry":{"type":"Point","coordinates":[12.3896,55.6109]},"properties":{"nametext":"KULTURBÅDEN, ISHØJ HAVN","bathingwat":"DKBW1521"}},{"type":"Feature","geometry":{"type":"Point","coordinates":[12.5779,55.6687]},"properties":{"nametext":"ISLANDS BRYGGE HAVNEBAD","bathingwat":"DKBW1525"}},{"type":"Feature","geometry":{"type":"Point","coordinates":[9.6324,56.9885]},"properties":{"nametext":"FJORDBAD NIBE LYSTBÅDEHAVN","bathingwat":"DKBW1529"}},{"type":"Feature","geometry":{"type":"Point","coordinates":[9.9843,56.6552]},"properties":{"nametext":"MELLEM MARENMØLLE BÆK  OG LYSTBÅDEHAVNEN","bathingwat":"DKBW1531"}},{"type":"Feature","geometry":{"type":"Point","coordinates":[10.7,54.9342]},"properties":{"nametext":"BELLEVUE","bathingwat":"DKBW1549"}},{"type":"Feature","geometry":{"type":"Point","coordinates":[12.2828,55.4075]},"properties":{"nametext":"VED LUNDEN","bathingwat":"DKBW156"}},{"type":"Feature","geometry":{"type":"Point","coordinates":[12.537,55.8957]},"properties":{"nametext":"BADEBRO UD FOR RUNGSTED STR.VEJ 193A","bathingwat":"DKBW1562"}},{"type":"Feature","geometry":{"type":"Point","coordinates":[10.2593,56.0626]},"properties":{"nametext":"FLØJSTRUP STRAND","bathingwat":"DKBW1566"}},{"type":"Feature","geometry":{"type":"Point","coordinates":[10.303,56.6107]},"properties":{"nametext":"RANDERS FJORD, UDBYHØJ","bathingwat":"DKBW1570"}},{"type":"Feature","geometry":{"type":"Point","coordinates":[11.1231,55.3377]},"properties":{"nametext":"VÆRFTET","bathingwat":"DKBW1573"}},{"type":"Feature","geometry":{"type":"Point","coordinates":[9.0182,56.0133]},"properties":{"nametext":"ARNBORG BADESØ","bathingwat":"DKBW1580"}},{"type":"Feature","geometry":{"type":"Point","coordinates":[12.5745,55.8386]},"properties":{"nametext":"ØRESUND LOKESHØJ","bathingwat":"DKBW1583"}},{"type":"Feature","geometry":{"type":"Point","coordinates":[8.4158,56.9311]},"properties":{"nametext":"FØRBY SØ","bathingwat":"DKBW1597"}},{"type":"Feature","geometry":{"type":"Point","coordinates":[11.7669,55.9433]},"properties":{"nametext":"TOLDBODVEJ/HAVNEN","bathingwat":"DKBW1606"}},{"type":"Feature","geometry":{"type":"Point","coordinates":[8.3871,55.4025]},"properties":{"nametext":"BUGGYOMRÅDET ML. BADESTI 22 OG 23","bathingwat":"DKBW1608"}},{"type":"Feature","geometry":{"type":"Point","coordinates":[12.1985,55.4728]},"properties":{"nametext":"HAVNEBAD KØGE MARINA","bathingwat":"DKBW1622"}},{"type":"Feature","geometry":{"type":"Point","coordinates":[12.6089,55.6952]},"properties":{"nametext":"HALVANDET BADEZONE","bathingwat":"DKBW1624"}},{"type":"Feature","geometry":{"type":"Point","coordinates":[12.0125,55.6258]},"properties":{"nametext":"LYNGAGER SØ","bathingwat":"DKBW1641"}},{"type":"Feature","geometry":{"type":"Point","coordinates":[10.2256,56.1634]},"properties":{"nametext":"HAVNEBADET, BASSIN 7","bathingwat":"DKBW1644"}},{"type":"Feature","geometry":{"type":"Point","coordinates":[9.8842,57.0577]},"properties":{"nametext":"VESTRE FJORDPARK","bathingwat":"DKBW1646"}},{"type":"Feature","geometry":{"type":"Point","coordinates":[12.5978,55.7066]},"properties":{"nametext":"SANDKAJ BADEZONE","bathingwat":"DKBW1648"}},{"type":"Feature","geometry":{"type":"Point","coordinates":[12.0525,55.8351]},"properties":{"nametext":"FREDERIKSSUND HAVNEBAD","bathingwat":"DKBW1650"}},{"type":"Feature","geometry":{"type":"Point","coordinates":[9.2363,56.7595]},"properties":{"nametext":"STISTRUP STRAND","bathingwat":"DKBW1657"}},{"type":"Feature","geometry":{"type":"Point","coordinates":[8.5943,56.4931]},"properties":{"nametext":"HAVNEBADET, STRUER","bathingwat":"DKBW1665"}},{"type":"Feature","geometry":{"type":"Point","coordinates":[9.1833,56.6955]},"properties":{"nametext":"HESSEL","bathingwat":"DKBW1797"}},{"type":"Feature","geometry":{"type":"Point","coordinates":[9.2097,56.8458]},"properties":{"nametext":"TREND STRAND, VIBORGVEJ 552B","bathingwat":"DKBW1799"}},{"type":"Feature","geometry":{"type":"Point","coordinates":[8.3547,55.8912]},"properties":{"nametext":"SKAVEN STRAND SYD","bathingwat":"DKBW182"}},{"type":"Feature","geometry":{"type":"Point","coordinates":[8.2814,55.8508]},"properties":{"nametext":"BORK HAVN NORDSTRAND","bathingwat":"DKBW184"}},{"type":"Feature","geometry":{"type":"Point","coordinates":[8.6734,56.4692]},"properties":{"nametext":"LIVBJERGGÅRD STRAND","bathingwat":"DKBW188"}},{"type":"Feature","geometry":{"type":"Point","coordinates":[9.0278,56.5566]},"properties":{"nametext":"BADESØ GYMNASIEPARKEN","bathingwat":"DKBW1898"}},{"type":"Feature","geometry":{"type":"Point","coordinates":[11.3163,54.6666]},"properties":{"nametext":"STRAND 1","bathingwat":"DKBW1902"}},{"type":"Feature","geometry":{"type":"Point","coordinates":[12.5928,55.6782]},"properties":{"nametext":"HAVNEGADE BADEZONE","bathingwat":"DKBW1905"}},{"type":"Feature","geometry":{"type":"Point","coordinates":[12.0187,55.1561]},"properties":{"nametext":"PRAESTOE FJORD STRAND","bathingwat":"DKBW1911"}},{"type":"Feature","geometry":{"type":"Point","coordinates":[8.4864,56.5532]},"properties":{"nametext":"REMMERSTRAND","bathingwat":"DKBW205"}},{"type":"Feature","geometry":{"type":"Point","coordinates":[8.7319,57.1017]},"properties":{"nametext":"VIGSØ","bathingwat":"DKBW231"}},{"type":"Feature","geometry":{"type":"Point","coordinates":[8.9643,57.1552]},"properties":{"nametext":"LILD STRAND","bathingwat":"DKBW232"}},{"type":"Feature","geometry":{"type":"Point","coordinates":[8.8622,56.7802]},"properties":{"nametext":"REFSHAMMER","bathingwat":"DKBW236"}},{"type":"Feature","geometry":{"type":"Point","coordinates":[8.8337,56.7495]},"properties":{"nametext":"SALLINGSUND CAMPING","bathingwat":"DKBW245"}},{"type":"Feature","geometry":{"type":"Point","coordinates":[8.7474,56.5662]},"properties":{"nametext":"HOSTRUP STRAND","bathingwat":"DKBW276"}},{"type":"Feature","geometry":{"type":"Point","coordinates":[8.4747,56.7177]},"properties":{"nametext":"DOVERODDE","bathingwat":"DKBW288"}},{"type":"Feature","geometry":{"type":"Point","coordinates":[8.5589,57.0228]},"properties":{"nametext":"VANDET SØ","bathingwat":"DKBW298"}},{"type":"Feature","geometry":{"type":"Point","coordinates":[8.7923,56.9601]},"properties":{"nametext":"SENNELS","bathingwat":"DKBW299"}},{"type":"Feature","geometry":{"type":"Point","coordinates":[8.7141,56.9512]},"properties":{"nametext":"THISTED CAMPING","bathingwat":"DKBW300"}},{"type":"Feature","geometry":{"type":"Point","coordinates":[9.3643,56.3969]},"properties":{"nametext":"HALD SØ - SKYTTEHOLMEN","bathingwat":"DKBW320"}},{"type":"Feature","geometry":{"type":"Point","coordinates":[14.7043,55.1593]},"properties":{"nametext":"LEVKA","bathingwat":"DKBW345"}},{"type":"Feature","geometry":{"type":"Point","coordinates":[12.5747,55.83]},"properties":{"nametext":"ØRESUND, SKODSBORG STRAND","bathingwat":"DKBW36"}},{"type":"Feature","geometry":{"type":"Point","coordinates":[12.4021,55.8099]},"properties":{"nametext":"FURESØEN, HØJE KLINT","bathingwat":"DKBW365"}},{"type":"Feature","geometry":{"type":"Point","coordinates":[10.4588,55.04]},"properties":{"nametext":"SYLTEMAE V","bathingwat":"DKBW465"}},{"type":"Feature","geometry":{"type":"Point","coordinates":[10.1474,55.1506]},"properties":{"nametext":"FALSLED S F. HAVN","bathingwat":"DKBW472"}},{"type":"Feature","geometry":{"type":"Point","coordinates":[12.285,55.0383]},"properties":{"nametext":"ULVSHALE CAMPING","bathingwat":"DKBW48"}},{"type":"Feature","geometry":{"type":"Point","coordinates":[10.2259,55.0746]},"properties":{"nametext":"DYREBORG SKOV","bathingwat":"DKBW484"}},{"type":"Feature","geometry":{"type":"Point","coordinates":[10.811,55.2093]},"properties":{"nametext":"REVSØRE N","bathingwat":"DKBW502"}},{"type":"Feature","geometry":{"type":"Point","coordinates":[10.1338,55.1648]},"properties":{"nametext":"DAMSBO STRAND","bathingwat":"DKBW505"}},{"type":"Feature","geometry":{"type":"Point","coordinates":[10.7144,55.5102]},"properties":{"nametext":"BØGEBJERG STRAND","bathingwat":"DKBW512"}},{"type":"Feature","geometry":{"type":"Point","coordinates":[10.5988,55.5788]},"properties":{"nametext":"LANGØ N F. BASBJERG","bathingwat":"DKBW515"}},{"type":"Feature","geometry":{"type":"Point","coordinates":[9.7557,55.4689]},"properties":{"nametext":"SVENSTRUP STRAND","bathingwat":"DKBW542"}},{"type":"Feature","geometry":{"type":"Point","coordinates":[11.6871,54.6644]},"properties":{"nametext":"STUBBERUP HAVN","bathingwat":"DKBW55"}},{"type":"Feature","geometry":{"type":"Point","coordinates":[10.4913,55.5519]},"properties":{"nametext":"HOFMANSGAVE","bathingwat":"DKBW569"}},{"type":"Feature","geometry":{"type":"Point","coordinates":[10.2874,55.6225]},"properties":{"nametext":"FLYVESANDET","bathingwat":"DKBW573"}},{"type":"Feature","geometry":{"type":"Point","coordinates":[10.8282,54.9246]},"properties":{"nametext":"SPODSBJERG DREJ","bathingwat":"DKBW575"}},{"type":"Feature","geometry":{"type":"Point","coordinates":[10.8301,54.9321]},"properties":{"nametext":"FÆRGEGÅRDEN","bathingwat":"DKBW576"}},{"type":"Feature","geometry":{"type":"Point","coordinates":[10.6391,55.0578]},"properties":{"nametext":"CHRISTIANSMINDE","bathingwat":"DKBW583"}},{"type":"Feature","geometry":{"type":"Point","coordinates":[10.6687,54.9915]},"properties":{"nametext":"VEMMENÆS S","bathingwat":"DKBW586"}},{"type":"Feature","geometry":{"type":"Point","coordinates":[10.7138,55.0612]},"properties":{"nametext":"SKÅRUPØRE","bathingwat":"DKBW593"}},{"type":"Feature","geometry":{"type":"Point","coordinates":[10.7453,55.0713]},"properties":{"nametext":"ÅBYSKOV CAMPING    BADEBRO","bathingwat":"DKBW596"}},{"type":"Feature","geometry":{"type":"Point","coordinates":[10.8093,55.2204]},"properties":{"nametext":"KONGSHØJ CAMPING","bathingwat":"DKBW636"}},{"type":"Feature","geometry":{"type":"Point","coordinates":[12.0472,55.1262]},"properties":{"nametext":"PRÆSTØ","bathingwat":"DKBW64"}},{"type":"Feature","geometry":{"type":"Point","coordinates":[10.8069,55.2422]},"properties":{"nametext":"STRANDGÅRDSTOFTEN","bathingwat":"DKBW640"}},{"type":"Feature","geometry":{"type":"Point","coordinates":[10.4268,57.1424]},"properties":{"nametext":"SYD FOR \"BADEBY\" ASÅ HAVN","bathingwat":"DKBW650"}},{"type":"Feature","geometry":{"type":"Point","coordinates":[9.2126,56.7106]},"properties":{"nametext":"ILLERISØRE STRAND","bathingwat":"DKBW663"}},{"type":"Feature","geometry":{"type":"Point","coordinates":[11.3599,54.9134]},"properties":{"nametext":"KRAGENÆS","bathingwat":"DKBW67"}},{"type":"Feature","geometry":{"type":"Point","coordinates":[10.3783,57.6621]},"properties":{"nametext":"KANDESTEDERNE","bathingwat":"DKBW690"}},{"type":"Feature","geometry":{"type":"Point","coordinates":[10.2849,56.7961]},"properties":{"nametext":"NOVOSTRANDEN - Ø.HURUP V/\"NOVO-AREALET\"","bathingwat":"DKBW702"}},{"type":"Feature","geometry":{"type":"Point","coordinates":[10.3285,56.7423]},"properties":{"nametext":"HELBERSKOV","bathingwat":"DKBW705"}},{"type":"Feature","geometry":{"type":"Point","coordinates":[9.6147,54.9011]},"properties":{"nametext":"EGERNSUND","bathingwat":"DKBW748"}},{"type":"Feature","geometry":{"type":"Point","coordinates":[11.0665,54.745]},"properties":{"nametext":"NÆSBY STRAND","bathingwat":"DKBW76"}},{"type":"Feature","geometry":{"type":"Point","coordinates":[9.7285,54.8356]},"properties":{"nametext":"KRAGESAND","bathingwat":"DKBW760"}},{"type":"Feature","geometry":{"type":"Point","coordinates":[9.6169,55.3576]},"properties":{"nametext":"ANSLET STRAND","bathingwat":"DKBW769"}},{"type":"Feature","geometry":{"type":"Point","coordinates":[11.7443,54.8744]},"properties":{"nametext":"GULDBORG","bathingwat":"DKBW82"}},{"type":"Feature","geometry":{"type":"Point","coordinates":[11.1833,57.3227]},"properties":{"nametext":"SYRBUGT, UD FOR P-PLADS","bathingwat":"DKBW838"}},{"type":"Feature","geometry":{"type":"Point","coordinates":[9.1656,56.8937]},"properties":{"nametext":"RØNBJERG STRAND","bathingwat":"DKBW841"}},{"type":"Feature","geometry":{"type":"Point","coordinates":[9.5776,57.2554]},"properties":{"nametext":"BLOKHUS STRAND","bathingwat":"DKBW908"}},{"type":"Feature","geometry":{"type":"Point","coordinates":[10.2696,56.9058]},"properties":{"nametext":"DOKKEDAL UD FOR STEJLGABET","bathingwat":"DKBW911"}},{"type":"Feature","geometry":{"type":"Point","coordinates":[10.253,55.992]},"properties":{"nametext":"RUDE STRAND","bathingwat":"DKBW917"}},{"type":"Feature","geometry":{"type":"Point","coordinates":[9.4748,55.1308]},"properties":{"nametext":"GENNER STRAND","bathingwat":"DKBW930"}},{"type":"Feature","geometry":{"type":"Point","coordinates":[10.4612,57.6378]},"properties":{"nametext":"BUNKEN STRAND","bathingwat":"DKBW951"}},{"type":"Feature","geometry":{"type":"Point","coordinates":[10.6064,57.7232]},"properties":{"nametext":"SKAGEN SØNDRE STRAND,V.VIPPEFYR","bathingwat":"DKBW962"}},{"type":"Feature","geometry":{"type":"Point","coordinates":[12.033,54.744]},"properties":{"nametext":"ULSLEV STRAND","bathingwat":"DKBW98"}},{"type":"Feature","geometry":{"type":"Point","coordinates":[10.519,57.3563]},"properties":{"nametext":"HEDEBO CAMPING","bathingwat":"DKBW988"}},{"type":"Feature","geometry":{"type":"Point","coordinates":[10.5253,55.8237]},"properties":{"nametext":"FOGEDMARKEN","bathingwat":"DKBW993"}},{"type":"Feature","geometry":{"type":"Point","coordinates":[11.1192,54.7366]},"properties":{"nametext":"MAGLEHØJ STRAND","bathingwat":"DKBW77"}},{"type":"Feature","geometry":{"type":"Point","coordinates":[10.1886,57.5993]},"properties":{"nametext":"TVERSTED STRAND, 500M ØST FOR NEDKØRSEL","bathingwat":"DKBW785"}},{"type":"Feature","geometry":{"type":"Point","coordinates":[10.9222,56.3928]},"properties":{"nametext":"POLDEREV","bathingwat":"DKBW791"}},{"type":"Feature","geometry":{"type":"Point","coordinates":[9.8476,57.5055]},"properties":{"nametext":"NØRLEV STRAND","bathingwat":"DKBW811"}},{"type":"Feature","geometry":{"type":"Point","coordinates":[9.8135,56.5922]},"properties":{"nametext":"GLENSTRUP SØ - HOLMGAARD","bathingwat":"DKBW818"}},{"type":"Feature","geometry":{"type":"Point","coordinates":[9.8145,56.6434]},"properties":{"nametext":"SILDEHAGEN","bathingwat":"DKBW820"}},{"type":"Feature","geometry":{"type":"Point","coordinates":[10.5878,56.5176]},"properties":{"nametext":"50 M. Ø. FOR MØLLEBÆKKEN","bathingwat":"DKBW847"}},{"type":"Feature","geometry":{"type":"Point","coordinates":[9.4974,55.1518]},"properties":{"nametext":"VIKÆR STRAND","bathingwat":"DKBW851"}},{"type":"Feature","geometry":{"type":"Point","coordinates":[9.6823,55.2715]},"properties":{"nametext":"TAMDRUP STRAND","bathingwat":"DKBW868"}},{"type":"Feature","geometry":{"type":"Point","coordinates":[9.5693,55.034]},"properties":{"nametext":"VARNÆS VIG","bathingwat":"DKBW892"}},{"type":"Feature","geometry":{"type":"Point","coordinates":[12.3617,55.2475]},"properties":{"nametext":"REVGAARD","bathingwat":"DKBW90"}},{"type":"Feature","geometry":{"type":"Point","coordinates":[10.2663,55.9589]},"properties":{"nametext":"DYNGBY STRAND","bathingwat":"DKBW920"}},{"type":"Feature","geometry":{"type":"Point","coordinates":[10.458,56.5217]},"properties":{"nametext":"LYSTRUP STRAND","bathingwat":"DKBW936"}},{"type":"Feature","geometry":{"type":"Point","coordinates":[10.5213,57.7292]},"properties":{"nametext":"GL. SKAGEN","bathingwat":"DKBW958"}},{"type":"Feature","geometry":{"type":"Point","coordinates":[12.5253,55.9113]},"properties":{"nametext":"MIKKELBORG","bathingwat":"DKBW1561"}},{"type":"Feature","geometry":{"type":"Point","coordinates":[10.8126,55.3191]},"properties":{"nametext":"STRANDHOTELLERNE","bathingwat":"DKBW1569"}},{"type":"Feature","geometry":{"type":"Point","coordinates":[11.1973,55.213]},"properties":{"nametext":"AGERSØ","bathingwat":"DKBW1576"}},{"type":"Feature","geometry":{"type":"Point","coordinates":[8.1223,56.4925]},"properties":{"nametext":"TRANS FERIEBY","bathingwat":"DKBW158"}},{"type":"Feature","geometry":{"type":"Point","coordinates":[8.3558,55.4294]},"properties":{"nametext":"FANØ BAD","bathingwat":"DKBW1586"}},{"type":"Feature","geometry":{"type":"Point","coordinates":[9.0668,56.8439]},"properties":{"nametext":"FÆRKER ODDE STRAND","bathingwat":"DKBW1595"}},{"type":"Feature","geometry":{"type":"Point","coordinates":[14.7025,55.1879]},"properties":{"nametext":"HASLE HAVNEBAD","bathingwat":"DKBW1607"}},{"type":"Feature","geometry":{"type":"Point","coordinates":[9.9048,57.062]},"properties":{"nametext":"FISKE- OG BADEBRO LINDHOLM","bathingwat":"DKBW1611"}},{"type":"Feature","geometry":{"type":"Point","coordinates":[15.1465,55.136]},"properties":{"nametext":"SVANEKE HAVN","bathingwat":"DKBW1614"}},{"type":"Feature","geometry":{"type":"Point","coordinates":[9.4236,55.0283]},"properties":{"nametext":"KALLEMOSEN","bathingwat":"DKBW1616"}},{"type":"Feature","geometry":{"type":"Point","coordinates":[12.5657,55.6545]},"properties":{"nametext":"HAVNEVIGEN BADEZONE","bathingwat":"DKBW1640"}},{"type":"Feature","geometry":{"type":"Point","coordinates":[11.8015,55.4868]},"properties":{"nametext":"HARALDSTED LANGESØ","bathingwat":"DKBW1659"}},{"type":"Feature","geometry":{"type":"Point","coordinates":[10.3002,55.7434]},"properties":{"nametext":"ENDELAVE, LYNGER STRAND","bathingwat":"DKBW1662"}},{"type":"Feature","geometry":{"type":"Point","coordinates":[9.7633,54.9417]},"properties":{"nametext":"DET MARINE CENTER - SKIVEDEPOTET","bathingwat":"DKBW1664"}},{"type":"Feature","geometry":{"type":"Point","coordinates":[8.1208,56.1767]},"properties":{"nametext":"SIDSELSBJERG","bathingwat":"DKBW167"}},{"type":"Feature","geometry":{"type":"Point","coordinates":[14.7613,55.2822]},"properties":{"nametext":"OPALSØEN","bathingwat":"DKBW1685"}},{"type":"Feature","geometry":{"type":"Point","coordinates":[8.129,56.2577]},"properties":{"nametext":"VEDERSØ KLIT","bathingwat":"DKBW169"}},{"type":"Feature","geometry":{"type":"Point","coordinates":[8.2674,56.0735]},"properties":{"nametext":"RINGKØBING CAMPING","bathingwat":"DKBW176"}},{"type":"Feature","geometry":{"type":"Point","coordinates":[12.5613,55.5628]},"properties":{"nametext":"VED KONGELUNDSKROEN","bathingwat":"DKBW18"}},{"type":"Feature","geometry":{"type":"Point","coordinates":[12.6106,55.6893]},"properties":{"nametext":"LA BANCHINA BADEZONE","bathingwat":"DKBW1896"}},{"type":"Feature","geometry":{"type":"Point","coordinates":[8.6109,56.491]},"properties":{"nametext":"STRUER SKOLEHJEM","bathingwat":"DKBW191"}},{"type":"Feature","geometry":{"type":"Point","coordinates":[9.8952,55.8452]},"properties":{"nametext":"BOLLER MOLE BADEBRO","bathingwat":"DKBW1912"}},{"type":"Feature","geometry":{"type":"Point","coordinates":[12.5036,55.6288]},"properties":{"nametext":"MOERTELRENDEN","bathingwat":"DKBW1914"}},{"type":"Feature","geometry":{"type":"Point","coordinates":[8.356,55.5208]},"properties":{"nametext":"SPANGSBERG ALLE HJERTING","bathingwat":"DKBW1919"}},{"type":"Feature","geometry":{"type":"Point","coordinates":[8.6308,56.5408]},"properties":{"nametext":"VENØ ØST","bathingwat":"DKBW193"}},{"type":"Feature","geometry":{"type":"Point","coordinates":[8.7401,56.5192]},"properties":{"nametext":"EJSINGHOLM BADESTRAND","bathingwat":"DKBW196"}},{"type":"Feature","geometry":{"type":"Point","coordinates":[8.2984,56.5633]},"properties":{"nametext":"LEM VIG ROKLUB VINKELHAGE","bathingwat":"DKBW203"}},{"type":"Feature","geometry":{"type":"Point","coordinates":[8.5305,56.5924]},"properties":{"nametext":"VIGEN VED ODDESUND","bathingwat":"DKBW218"}},{"type":"Feature","geometry":{"type":"Point","coordinates":[8.6277,56.6272]},"properties":{"nametext":"JEGINDØ TAP","bathingwat":"DKBW225"}},{"type":"Feature","geometry":{"type":"Point","coordinates":[8.9121,56.9103]},"properties":{"nametext":"EJERSLEV LYNG","bathingwat":"DKBW240"}},{"type":"Feature","geometry":{"type":"Point","coordinates":[8.5565,56.7557]},"properties":{"nametext":"KARBY","bathingwat":"DKBW243"}},{"type":"Feature","geometry":{"type":"Point","coordinates":[11.4919,54.8393]},"properties":{"nametext":"BANDHOLM BADEANSTALT","bathingwat":"DKBW25"}},{"type":"Feature","geometry":{"type":"Point","coordinates":[12.1913,55.224]},"properties":{"nametext":"GL. STRANDSKOV","bathingwat":"DKBW3"}},{"type":"Feature","geometry":{"type":"Point","coordinates":[12.595,55.7853]},"properties":{"nametext":"TAARBÆK SØBADEANSTALT","bathingwat":"DKBW30"}},{"type":"Feature","geometry":{"type":"Point","coordinates":[8.98,57.0156]},"properties":{"nametext":"SØNDERGÅRD, ØSLØS","bathingwat":"DKBW305"}},{"type":"Feature","geometry":{"type":"Point","coordinates":[8.6621,56.9435]},"properties":{"nametext":"STRANDHOTEL THISTED","bathingwat":"DKBW309"}},{"type":"Feature","geometry":{"type":"Point","coordinates":[9.4245,56.462]},"properties":{"nametext":"VIBORG NØRRESØ - KÆRVÆNGET INDRE","bathingwat":"DKBW315"}},{"type":"Feature","geometry":{"type":"Point","coordinates":[9.4249,56.4623]},"properties":{"nametext":"VIBORG NØRRESØ - KÆRVÆNGET YDRE","bathingwat":"DKBW316"}},{"type":"Feature","geometry":{"type":"Point","coordinates":[9.4179,56.439]},"properties":{"nametext":"VIBORG SØNDERSØ - SØNDERSØ CAMPING","bathingwat":"DKBW317"}},{"type":"Feature","geometry":{"type":"Point","coordinates":[9.3244,56.5346]},"properties":{"nametext":"HJARBÆK FJORD, HJARBÆK STRANDPARK","bathingwat":"DKBW324"}},{"type":"Feature","geometry":{"type":"Point","coordinates":[14.778,55.2908]},"properties":{"nametext":"SANDVIG","bathingwat":"DKBW332"}},{"type":"Feature","geometry":{"type":"Point","coordinates":[15.0767,55.1552]},"properties":{"nametext":"BØLSHAVN","bathingwat":"DKBW361"}},{"type":"Feature","geometry":{"type":"Point","coordinates":[12.5323,55.9504]},"properties":{"nametext":"PEDER MADS STRAND","bathingwat":"DKBW368"}},{"type":"Feature","geometry":{"type":"Point","coordinates":[12.0292,55.94]},"properties":{"nametext":"LILLE KREGME, GÆRDESANGERVEJ","bathingwat":"DKBW374"}},{"type":"Feature","geometry":{"type":"Point","coordinates":[12.0166,55.9536]},"properties":{"nametext":"HVIDE KLINT","bathingwat":"DKBW375"}},{"type":"Feature","geometry":{"type":"Point","coordinates":[11.9675,56.0161]},"properties":{"nametext":"LISELEJE, OFFENTLIG BADESTRAND","bathingwat":"DKBW377"}},{"type":"Feature","geometry":{"type":"Point","coordinates":[12.1621,56.1003]},"properties":{"nametext":"RÅGELEJE STRAND","bathingwat":"DKBW379"}},{"type":"Feature","geometry":{"type":"Point","coordinates":[12.0553,56.0554]},"properties":{"nametext":"TISVILDELEJE","bathingwat":"DKBW393"}},{"type":"Feature","geometry":{"type":"Point","coordinates":[12.591,56.0525]},"properties":{"nametext":"HØJSTRUP STRAND","bathingwat":"DKBW405"}},{"type":"Feature","geometry":{"type":"Point","coordinates":[12.586,56.0077]},"properties":{"nametext":"BADEBRO UD FOR STRANDVEJEN 220","bathingwat":"DKBW407"}},{"type":"Feature","geometry":{"type":"Point","coordinates":[12.5777,56.0038]},"properties":{"nametext":"SKOTTERUP VED DALSBORG","bathingwat":"DKBW409"}},{"type":"Feature","geometry":{"type":"Point","coordinates":[11.9397,55.8215]},"properties":{"nametext":"DALBY STRAND","bathingwat":"DKBW425"}},{"type":"Feature","geometry":{"type":"Point","coordinates":[11.9544,55.8377]},"properties":{"nametext":"LANDERSLEV STRAND","bathingwat":"DKBW426"}},{"type":"Feature","geometry":{"type":"Point","coordinates":[11.9598,55.8523]},"properties":{"nametext":"VESTERSTRAND","bathingwat":"DKBW427"}},{"type":"Feature","geometry":{"type":"Point","coordinates":[12.5224,55.9139]},"properties":{"nametext":"STRANDHUSE, MIKKELBORG","bathingwat":"DKBW432"}},{"type":"Feature","geometry":{"type":"Point","coordinates":[9.9778,55.2137]},"properties":{"nametext":"Å Å 150M S   (FRA 1990)","bathingwat":"DKBW452"}},{"type":"Feature","geometry":{"type":"Point","coordinates":[11.303,54.6814]},"properties":{"nametext":"BREDFJED","bathingwat":"DKBW80"}},{"type":"Feature","geometry":{"type":"Point","coordinates":[9.2113,56.8507]},"properties":{"nametext":"TREND STRAND, GL. AMTSVEJ 30","bathingwat":"DKBW842"}},{"type":"Feature","geometry":{"type":"Point","coordinates":[9.5871,55.1925]},"properties":{"nametext":"KELSTRUP STRAND","bathingwat":"DKBW857"}},{"type":"Feature","geometry":{"type":"Point","coordinates":[9.6594,57.3262]},"properties":{"nametext":"GRØNHØJ STRAND","bathingwat":"DKBW902"}},{"type":"Feature","geometry":{"type":"Point","coordinates":[10.6104,56.5205]},"properties":{"nametext":"UD FOR BROMBÆRVÆNGET","bathingwat":"DKBW905"}},{"type":"Feature","geometry":{"type":"Point","coordinates":[10.811,56.5334]},"properties":{"nametext":"GJERRILD NORDSTRAND","bathingwat":"DKBW907"}},{"type":"Feature","geometry":{"type":"Point","coordinates":[9.6215,57.2918]},"properties":{"nametext":"SALTUM STRAND","bathingwat":"DKBW909"}},{"type":"Feature","geometry":{"type":"Point","coordinates":[10.24,56.9791]},"properties":{"nametext":"VESTER LANGELAND, MOU (4261)","bathingwat":"DKBW913"}},{"type":"Feature","geometry":{"type":"Point","coordinates":[10.3294,56.6002]},"properties":{"nametext":"UDBYHØJ","bathingwat":"DKBW934"}},{"type":"Feature","geometry":{"type":"Point","coordinates":[10.486,57.6589]},"properties":{"nametext":"HULSIG V/KARREDVEJ","bathingwat":"DKBW953"}},{"type":"Feature","geometry":{"type":"Point","coordinates":[12.0698,54.8926]},"properties":{"nametext":"ORE STRAND","bathingwat":"DKBW96"}},{"type":"Feature","geometry":{"type":"Point","coordinates":[10.2714,57.6201]},"properties":{"nametext":"SKIVEREN STRAND,SYD FOR SKIVERRENDEN","bathingwat":"DKBW960"}},{"type":"Feature","geometry":{"type":"Point","coordinates":[9.9511,56.8006]},"properties":{"nametext":"MADUM SØ","bathingwat":"DKBW979"}},{"type":"Feature","geometry":{"type":"Point","coordinates":[10.5507,57.2494]},"properties":{"nametext":"SØNDERKLIT","bathingwat":"DKBW982"}},{"type":"Feature","geometry":{"type":"Point","coordinates":[12.0563,55.8319]},"properties":{"nametext":"KALVØEN VED ROKLUBBEN, FREDERIKSSUND","bathingwat":"DKBW370"}},{"type":"Feature","geometry":{"type":"Point","coordinates":[11.9576,55.9603]},"properties":{"nametext":"BYÅSGÅRDS CAMPINGPLADS","bathingwat":"DKBW417"}},{"type":"Feature","geometry":{"type":"Point","coordinates":[11.8478,55.9679]},"properties":{"nametext":"SKANSEVEJ 13","bathingwat":"DKBW421"}},{"type":"Feature","geometry":{"type":"Point","coordinates":[11.8492,55.7564]},"properties":{"nametext":"HAMMER BAKKE","bathingwat":"DKBW434"}},{"type":"Feature","geometry":{"type":"Point","coordinates":[12.3894,54.9647]},"properties":{"nametext":"RÅBYLILLE V. P-PLADS","bathingwat":"DKBW44"}},{"type":"Feature","geometry":{"type":"Point","coordinates":[9.8774,55.3322]},"properties":{"nametext":"SANDAGER NÆS S","bathingwat":"DKBW440"}},{"type":"Feature","geometry":{"type":"Point","coordinates":[10.077,55.5657]},"properties":{"nametext":"BOGENSE STRANDBAD","bathingwat":"DKBW458"}},{"type":"Feature","geometry":{"type":"Point","coordinates":[9.9489,55.515]},"properties":{"nametext":"VARBJERG STRAND V","bathingwat":"DKBW469"}},{"type":"Feature","geometry":{"type":"Point","coordinates":[10.13,55.0901]},"properties":{"nametext":"HORNE SOMMERLAND","bathingwat":"DKBW479"}},{"type":"Feature","geometry":{"type":"Point","coordinates":[10.7858,55.1407]},"properties":{"nametext":"LUNDEBORG N F. HAVN","bathingwat":"DKBW493"}},{"type":"Feature","geometry":{"type":"Point","coordinates":[10.784,55.146]},"properties":{"nametext":"LUNDEBORG N","bathingwat":"DKBW494"}},{"type":"Feature","geometry":{"type":"Point","coordinates":[12.158,55.2127]},"properties":{"nametext":"FAXE LADEPLADS","bathingwat":"DKBW5"}},{"type":"Feature","geometry":{"type":"Point","coordinates":[10.6232,55.5161]},"properties":{"nametext":"DALBY BUGT","bathingwat":"DKBW517"}},{"type":"Feature","geometry":{"type":"Point","coordinates":[11.7329,54.6526]},"properties":{"nametext":"BADEANSTALTEN, SKANSEN","bathingwat":"DKBW53"}},{"type":"Feature","geometry":{"type":"Point","coordinates":[10.7725,55.3749]},"properties":{"nametext":"STRANDSKOVVEJ S","bathingwat":"DKBW557"}},{"type":"Feature","geometry":{"type":"Point","coordinates":[9.8276,55.4212]},"properties":{"nametext":"FØNS STRAND","bathingwat":"DKBW568"}},{"type":"Feature","geometry":{"type":"Point","coordinates":[10.4345,54.9666]},"properties":{"nametext":"DREJØ","bathingwat":"DKBW597"}},{"type":"Feature","geometry":{"type":"Point","coordinates":[11.6817,55.1587]},"properties":{"nametext":"DRAGSBJERG","bathingwat":"DKBW60"}},{"type":"Feature","geometry":{"type":"Point","coordinates":[11.8802,54.944]},"properties":{"nametext":"GÅBENSE, GL. FÆRGEGÅRD","bathingwat":"DKBW61"}},{"type":"Feature","geometry":{"type":"Point","coordinates":[10.9481,55.1606]},"properties":{"nametext":"HOV NORDSTRAND","bathingwat":"DKBW618"}},{"type":"Feature","geometry":{"type":"Point","coordinates":[10.8623,55.0616]},"properties":{"nametext":"DAGELØKKE S","bathingwat":"DKBW624"}},{"type":"Feature","geometry":{"type":"Point","coordinates":[10.4005,54.8963]},"properties":{"nametext":"VESTRE STRAND","bathingwat":"DKBW628"}},{"type":"Feature","geometry":{"type":"Point","coordinates":[10.8039,55.2473]},"properties":{"nametext":"EGERNVEJ","bathingwat":"DKBW641"}},{"type":"Feature","geometry":{"type":"Point","coordinates":[11.466,54.9438]},"properties":{"nametext":"FEJØ, SLETTEREN","bathingwat":"DKBW68"}},{"type":"Feature","geometry":{"type":"Point","coordinates":[10.5414,57.4612]},"properties":{"nametext":"NORDSTRAND, SYDLIGE AFGRÆNS. (PALMESTRANDEN)","bathingwat":"DKBW691"}},{"type":"Feature","geometry":{"type":"Point","coordinates":[10.442,57.5458]},"properties":{"nametext":"JERUP STRAND, UD FOR FREDBORGVEJ","bathingwat":"DKBW697"}},{"type":"Feature","geometry":{"type":"Point","coordinates":[11.2438,54.9577]},"properties":{"nametext":"NYBØLLE","bathingwat":"DKBW71"}},{"type":"Feature","geometry":{"type":"Point","coordinates":[10.7421,56.2238]},"properties":{"nametext":"DRÅBY STRAND","bathingwat":"DKBW714"}},{"type":"Feature","geometry":{"type":"Point","coordinates":[9.9887,54.9912]},"properties":{"nametext":"FYNSHAV BADESTRAND","bathingwat":"DKBW730"}},{"type":"Feature","geometry":{"type":"Point","coordinates":[10.0989,57.5878]},"properties":{"nametext":"UGGERBY STRAND","bathingwat":"DKBW739"}},{"type":"Feature","geometry":{"type":"Point","coordinates":[10.5433,56.1817]},"properties":{"nametext":"FUGLSØ STRAND","bathingwat":"DKBW751"}},{"type":"Feature","geometry":{"type":"Point","coordinates":[9.7446,54.8688]},"properties":{"nametext":"BROAGER STRAND CAMPING","bathingwat":"DKBW761"}},{"type":"Feature","geometry":{"type":"Point","coordinates":[9.6023,55.363]},"properties":{"nametext":"HEJLSMINDE BADEHOTEL","bathingwat":"DKBW772"}},{"type":"Feature","geometry":{"type":"Point","coordinates":[9.8755,56.5862]},"properties":{"nametext":"GLENSTRUP SØ","bathingwat":"DKBW798"}},{"type":"Feature","geometry":{"type":"Point","coordinates":[9.5967,55.4122]},"properties":{"nametext":"GRØNNINGHOVED STRAND SYD","bathingwat":"DKBW812"}},{"type":"Feature","geometry":{"type":"Point","coordinates":[9.5878,54.9054]},"properties":{"nametext":"ALNOR STRANDPARK","bathingwat":"DKBW828"}},{"type":"Feature","geometry":{"type":"Point","coordinates":[9.1988,56.9348]},"properties":{"nametext":"LENDRUP STRAND","bathingwat":"DKBW840"}},{"type":"Feature","geometry":{"type":"Point","coordinates":[9.0993,56.893]},"properties":{"nametext":"LIVØ ØST","bathingwat":"DKBW843"}},{"type":"Feature","geometry":{"type":"Point","coordinates":[10.5878,56.5174]},"properties":{"nametext":"UD FOR MØLLEBÆKKEN","bathingwat":"DKBW846"}},{"type":"Feature","geometry":{"type":"Point","coordinates":[12.3441,55.3985]},"properties":{"nametext":"MAGLEBY SKOV","bathingwat":"DKBW85"}},{"type":"Feature","geometry":{"type":"Point","coordinates":[9.7035,55.23]},"properties":{"nametext":"FLOVT STRAND","bathingwat":"DKBW860"}},{"type":"Feature","geometry":{"type":"Point","coordinates":[9.7157,55.2382]},"properties":{"nametext":"RÅDE STRAND","bathingwat":"DKBW862"}},{"type":"Feature","geometry":{"type":"Point","coordinates":[9.5626,56.9568]},"properties":{"nametext":"NAVET, HALKÆR BREDNING","bathingwat":"DKBW889"}},{"type":"Feature","geometry":{"type":"Point","coordinates":[9.5174,57.2144]},"properties":{"nametext":"RØDHUS STRAND","bathingwat":"DKBW910"}},{"type":"Feature","geometry":{"type":"Point","coordinates":[9.2109,55.359]},"properties":{"nametext":"JELS NEDERSØ","bathingwat":"DKBW929"}},{"type":"Feature","geometry":{"type":"Point","coordinates":[9.4687,55.1179]},"properties":{"nametext":"KALVØ","bathingwat":"DKBW931"}},{"type":"Feature","geometry":{"type":"Point","coordinates":[10.5317,56.5127]},"properties":{"nametext":"SKOVGÅRDE","bathingwat":"DKBW937"}},{"type":"Feature","geometry":{"type":"Point","coordinates":[9.8244,56.1036]},"properties":{"nametext":"JAUNGYDE","bathingwat":"DKBW942"}},{"type":"Feature","geometry":{"type":"Point","coordinates":[10.1806,55.0794]},"properties":{"nametext":"SINEBJERG","bathingwat":"DKBW480"}},{"type":"Feature","geometry":{"type":"Point","coordinates":[10.7724,55.1049]},"properties":{"nametext":"ELSEHOVED S","bathingwat":"DKBW489"}},{"type":"Feature","geometry":{"type":"Point","coordinates":[9.8825,55.511]},"properties":{"nametext":"BÅRING STRAND","bathingwat":"DKBW562"}},{"type":"Feature","geometry":{"type":"Point","coordinates":[11.5758,55.1891]},"properties":{"nametext":"KLINTEBY","bathingwat":"DKBW57"}},{"type":"Feature","geometry":{"type":"Point","coordinates":[11.7255,54.9297]},"properties":{"nametext":"RESLE STRAND","bathingwat":"DKBW63"}},{"type":"Feature","geometry":{"type":"Point","coordinates":[10.8117,55.2353]},"properties":{"nametext":"TÅRUP STRAND CAMPING","bathingwat":"DKBW639"}},{"type":"Feature","geometry":{"type":"Point","coordinates":[9.3752,57.158]},"properties":{"nametext":"SLETTE STRAND","bathingwat":"DKBW681"}},{"type":"Feature","geometry":{"type":"Point","coordinates":[10.7588,56.2351]},"properties":{"nametext":"HOLME STRAND","bathingwat":"DKBW712"}},{"type":"Feature","geometry":{"type":"Point","coordinates":[11.1071,54.9477]},"properties":{"nametext":"ONSEVIG","bathingwat":"DKBW72"}},{"type":"Feature","geometry":{"type":"Point","coordinates":[9.5235,54.8761]},"properties":{"nametext":"MUNKEMØLLEBUGTEN","bathingwat":"DKBW747"}},{"type":"Feature","geometry":{"type":"Point","coordinates":[10.473,56.1791]},"properties":{"nametext":"BEGTRUPVIG ØST","bathingwat":"DKBW753"}},{"type":"Feature","geometry":{"type":"Point","coordinates":[10.3768,56.1747]},"properties":{"nametext":"SKØDSHOVED SYD","bathingwat":"DKBW755"}},{"type":"Feature","geometry":{"type":"Point","coordinates":[10.3754,56.1794]},"properties":{"nametext":"SKØDSHOVED STRAND","bathingwat":"DKBW756"}},{"type":"Feature","geometry":{"type":"Point","coordinates":[9.7023,54.8962]},"properties":{"nametext":"VEMMINGBUND","bathingwat":"DKBW763"}},{"type":"Feature","geometry":{"type":"Point","coordinates":[9.6477,55.339]},"properties":{"nametext":"SANDERSVIG NORD","bathingwat":"DKBW766"}},{"type":"Feature","geometry":{"type":"Point","coordinates":[10.9156,56.3835]},"properties":{"nametext":"POLDEREV PLANTAGE","bathingwat":"DKBW792"}},{"type":"Feature","geometry":{"type":"Point","coordinates":[12.0491,55.1718]},"properties":{"nametext":"STRANDHOLM","bathingwat":"DKBW81"}},{"type":"Feature","geometry":{"type":"Point","coordinates":[10.5735,56.5173]},"properties":{"nametext":"UD FOR TVÆRVEJ","bathingwat":"DKBW824"}},{"type":"Feature","geometry":{"type":"Point","coordinates":[10.9216,57.2941]},"properties":{"nametext":"SYD FOR VESTERØ HAVN","bathingwat":"DKBW833"}},{"type":"Feature","geometry":{"type":"Point","coordinates":[11.1207,57.3199]},"properties":{"nametext":"KIRKEBUGT, VEST FOR ØSTERBY HAVN","bathingwat":"DKBW835"}},{"type":"Feature","geometry":{"type":"Point","coordinates":[11.0035,57.3047]},"properties":{"nametext":"NORDSTRANDEN","bathingwat":"DKBW836"}},{"type":"Feature","geometry":{"type":"Point","coordinates":[10.9121,57.2835]},"properties":{"nametext":"VESTERØ, KONGEVEJEN","bathingwat":"DKBW837"}},{"type":"Feature","geometry":{"type":"Point","coordinates":[10.5908,56.5181]},"properties":{"nametext":"150 M. Ø. FOR MØLLEBÆKKEN","bathingwat":"DKBW848"}},{"type":"Feature","geometry":{"type":"Point","coordinates":[9.5068,55.1591]},"properties":{"nametext":"VILSTRUP STRAND HOPTRUP KANAL","bathingwat":"DKBW853"}},{"type":"Feature","geometry":{"type":"Point","coordinates":[9.5763,55.1875]},"properties":{"nametext":"KELSTRUP STRAND SYD","bathingwat":"DKBW856"}},{"type":"Feature","geometry":{"type":"Point","coordinates":[12.3684,55.253]},"properties":{"nametext":"RØDVIG VEST","bathingwat":"DKBW88"}},{"type":"Feature","geometry":{"type":"Point","coordinates":[9.5072,55.0175]},"properties":{"nametext":"FELSTEDSKOV","bathingwat":"DKBW890"}},{"type":"Feature","geometry":{"type":"Point","coordinates":[9.495,55.015]},"properties":{"nametext":"STRANDGADE","bathingwat":"DKBW891"}},{"type":"Feature","geometry":{"type":"Point","coordinates":[10.5986,56.5191]},"properties":{"nametext":"UD FOR TANGSTIEN","bathingwat":"DKBW899"}},{"type":"Feature","geometry":{"type":"Point","coordinates":[12.1082,55.1751]},"properties":{"nametext":"FEDDET","bathingwat":"DKBW9"}},{"type":"Feature","geometry":{"type":"Point","coordinates":[8.1209,56.3154]},"properties":{"nametext":"VESTERHAVET SPIDSBJERG","bathingwat":"DKBW903"}},{"type":"Feature","geometry":{"type":"Point","coordinates":[10.7075,56.5344]},"properties":{"nametext":"V. F. BØNNERUP HAVN (STRØMRENDE)","bathingwat":"DKBW906"}},{"type":"Feature","geometry":{"type":"Point","coordinates":[12.1282,54.8103]},"properties":{"nametext":"POMLE NAKKE","bathingwat":"DKBW95"}},{"type":"Feature","geometry":{"type":"Point","coordinates":[9.6696,54.9994]},"properties":{"nametext":"BALLEBRO","bathingwat":"DKBW975"}},{"type":"Feature","geometry":{"type":"Point","coordinates":[9.8677,54.8987]},"properties":{"nametext":"LAMBJERGLUND","bathingwat":"DKBW976"}},{"type":"Feature","geometry":{"type":"Point","coordinates":[10.5278,57.3364]},"properties":{"nametext":"SÆBY NORDSTRAND","bathingwat":"DKBW986"}},{"type":"Feature","geometry":{"type":"Point","coordinates":[10.5566,57.706]},"properties":{"nametext":"SKAGEN SYD, V/DAMSTEDVEJ","bathingwat":"DKBW955"}},{"type":"Feature","geometry":{"type":"Point","coordinates":[10.4171,56.2898]},"properties":{"nametext":"MÅGEØEN","bathingwat":"DKBW964"}},{"type":"Feature","geometry":{"type":"Point","coordinates":[12.1324,54.8207]},"properties":{"nametext":"HESNÆS H. SYD","bathingwat":"DKBW97"}}]}